2025-03-25 13:22:12,427 [Worker-7: Loading available Gradle versions] INFO  o.e.b.c.i.u.g.PublishedGradleVersions - Gradle version information cache is not available. Remote download required.
2025-03-27 12:30:24,251 [Worker-5: Loading available Gradle versions] INFO  o.e.b.c.i.u.g.PublishedGradleVersions - Gradle version information cache is out-of-date. Trying to update.
2025-03-27 12:30:24,948 [Worker-5: Loading available Gradle versions] INFO  o.e.b.c.i.u.g.PublishedGradleVersions - Updating Gradle version information cache failed. Using outdated cache.
2025-03-27 20:28:09,551 [Worker-5: Loading available Gradle versions] INFO  o.e.b.c.i.u.g.PublishedGradleVersions - Gradle version information cache is out-of-date. Trying to update.
2025-03-29 12:45:10,738 [Worker-31: Loading available Gradle versions] INFO  o.e.b.c.i.u.g.PublishedGradleVersions - Gradle version information cache is out-of-date. Trying to update.
2025-03-29 12:45:10,958 [Worker-31: Loading available Gradle versions] INFO  o.e.b.c.i.u.g.PublishedGradleVersions - Updating Gradle version information cache failed. Using outdated cache.
2025-04-02 12:35:42,379 [Worker-6: Loading available Gradle versions] INFO  o.e.b.c.i.u.g.PublishedGradleVersions - Gradle version information cache is out-of-date. Trying to update.
2025-04-02 12:35:43,354 [Worker-6: Loading available Gradle versions] INFO  o.e.b.c.i.u.g.PublishedGradleVersions - Updating Gradle version information cache failed. Using outdated cache.
2025-04-05 11:20:20,008 [Worker-6: Loading available Gradle versions] INFO  o.e.b.c.i.u.g.PublishedGradleVersions - Gradle version information cache is out-of-date. Trying to update.
2025-04-05 11:20:20,918 [Worker-6: Loading available Gradle versions] INFO  o.e.b.c.i.u.g.PublishedGradleVersions - Updating Gradle version information cache failed. Using outdated cache.
2025-04-09 12:34:02,062 [Worker-7: Loading available Gradle versions] INFO  o.e.b.c.i.u.g.PublishedGradleVersions - Gradle version information cache is out-of-date. Trying to update.
2025-04-09 12:34:02,540 [Worker-7: Loading available Gradle versions] INFO  o.e.b.c.i.u.g.PublishedGradleVersions - Updating Gradle version information cache failed. Using outdated cache.
2025-04-10 12:34:26,129 [Worker-5: Loading available Gradle versions] INFO  o.e.b.c.i.u.g.PublishedGradleVersions - Gradle version information cache is out-of-date. Trying to update.
2025-04-10 13:15:12,862 [Worker-41: Creating project "task"] INFO  o.e.m.c.i.e.AbstractTransferListenerAdapter - Downloading https://repo.maven.apache.org/maven2/org/apache/maven/plugins/maven-resources-plugin/3.3.1/maven-resources-plugin-3.3.1.jar
2025-04-10 13:15:12,930 [Worker-41: Creating project "task"] INFO  o.e.m.c.i.e.AbstractTransferListenerAdapter - Downloaded https://repo.maven.apache.org/maven2/org/apache/maven/plugins/maven-resources-plugin/3.3.1/maven-resources-plugin-3.3.1.jar
2025-04-10 13:15:13,161 [Worker-41: Creating project "task"] INFO  o.e.m.c.i.e.AbstractTransferListenerAdapter - Downloading https://repo.maven.apache.org/maven2/org/apache/maven/plugins/maven-surefire-plugin/3.2.5/maven-surefire-plugin-3.2.5.jar
2025-04-10 13:15:13,203 [Worker-41: Creating project "task"] INFO  o.e.m.c.i.e.AbstractTransferListenerAdapter - Downloaded https://repo.maven.apache.org/maven2/org/apache/maven/plugins/maven-surefire-plugin/3.2.5/maven-surefire-plugin-3.2.5.jar
2025-04-10 13:15:15,470 [Worker-41: Creating project "task"] INFO  o.e.m.c.i.l.LifecycleMappingFactory - Using org.eclipse.m2e.jdt.JarLifecycleMapping lifecycle mapping for MavenProject: demo_project:task:0.0.1-SNAPSHOT @ C:\Users\Elango\Desktop\Advanced Java\J2EE\M87\JDBC\task\pom.xml.
2025-04-10 13:15:16,062 [Worker-41: Creating project "task"] INFO  o.e.m.c.i.e.AbstractTransferListenerAdapter - Downloading https://repo.maven.apache.org/maven2/org/apache/maven/plugins/maven-resources-plugin/3.3.1/maven-resources-plugin-3.3.1.pom
2025-04-10 13:15:16,108 [Worker-41: Creating project "task"] INFO  o.e.m.c.i.e.AbstractTransferListenerAdapter - Downloaded https://repo.maven.apache.org/maven2/org/apache/maven/plugins/maven-resources-plugin/3.3.1/maven-resources-plugin-3.3.1.pom
2025-04-10 13:15:16,506 [Worker-41: Creating project "task"] INFO  o.e.m.c.i.e.AbstractTransferListenerAdapter - Downloading https://repo.maven.apache.org/maven2/org/apache/maven/plugins/maven-plugins/39/maven-plugins-39.pom
2025-04-10 13:15:16,527 [Worker-41: Creating project "task"] INFO  o.e.m.c.i.e.AbstractTransferListenerAdapter - Downloaded https://repo.maven.apache.org/maven2/org/apache/maven/plugins/maven-plugins/39/maven-plugins-39.pom
2025-04-10 13:15:16,687 [Worker-41: Creating project "task"] INFO  o.e.m.c.i.e.AbstractTransferListenerAdapter - Downloading https://repo.maven.apache.org/maven2/org/apache/maven/plugins/maven-surefire-plugin/3.2.5/maven-surefire-plugin-3.2.5.pom
2025-04-10 13:15:16,696 [Worker-41: Creating project "task"] INFO  o.e.m.c.i.e.AbstractTransferListenerAdapter - Downloaded https://repo.maven.apache.org/maven2/org/apache/maven/plugins/maven-surefire-plugin/3.2.5/maven-surefire-plugin-3.2.5.pom
2025-04-10 13:15:17,121 [Worker-41: Creating project "task"] INFO  o.e.m.c.i.e.AbstractTransferListenerAdapter - Downloading https://repo.maven.apache.org/maven2/org/apache/maven/surefire/surefire/3.2.5/surefire-3.2.5.pom
2025-04-10 13:15:17,142 [Worker-41: Creating project "task"] INFO  o.e.m.c.i.e.AbstractTransferListenerAdapter - Downloaded https://repo.maven.apache.org/maven2/org/apache/maven/surefire/surefire/3.2.5/surefire-3.2.5.pom
2025-04-10 13:15:17,589 [Worker-41: Creating project "task"] INFO  o.e.m.c.i.e.AbstractTransferListenerAdapter - Downloading https://repo.maven.apache.org/maven2/org/apache/maven/plugins/maven-jar-plugin/3.4.1/maven-jar-plugin-3.4.1.pom
2025-04-10 13:15:17,601 [Worker-41: Creating project "task"] INFO  o.e.m.c.i.e.AbstractTransferListenerAdapter - Downloaded https://repo.maven.apache.org/maven2/org/apache/maven/plugins/maven-jar-plugin/3.4.1/maven-jar-plugin-3.4.1.pom
2025-04-10 13:15:17,746 [Worker-41: Creating project "task"] INFO  o.e.m.c.i.e.AbstractTransferListenerAdapter - Downloading https://repo.maven.apache.org/maven2/org/apache/maven/plugins/maven-plugins/42/maven-plugins-42.pom
2025-04-10 13:15:17,756 [Worker-41: Creating project "task"] INFO  o.e.m.c.i.e.AbstractTransferListenerAdapter - Downloaded https://repo.maven.apache.org/maven2/org/apache/maven/plugins/maven-plugins/42/maven-plugins-42.pom
2025-04-10 13:15:18,157 [Worker-41: Creating project "task"] INFO  o.e.m.c.i.e.AbstractTransferListenerAdapter - Downloading https://repo.maven.apache.org/maven2/org/apache/maven/maven-parent/42/maven-parent-42.pom
2025-04-10 13:15:18,179 [Worker-41: Creating project "task"] INFO  o.e.m.c.i.e.AbstractTransferListenerAdapter - Downloaded https://repo.maven.apache.org/maven2/org/apache/maven/maven-parent/42/maven-parent-42.pom
2025-04-10 13:15:18,329 [Worker-41: Creating project "task"] INFO  o.e.m.c.i.e.AbstractTransferListenerAdapter - Downloading https://repo.maven.apache.org/maven2/org/apache/apache/32/apache-32.pom
2025-04-10 13:15:18,345 [Worker-41: Creating project "task"] INFO  o.e.m.c.i.e.AbstractTransferListenerAdapter - Downloaded https://repo.maven.apache.org/maven2/org/apache/apache/32/apache-32.pom
2025-04-10 13:15:18,848 [Worker-41: Creating project "task"] INFO  o.e.m.c.i.e.AbstractTransferListenerAdapter - Downloading https://repo.maven.apache.org/maven2/org/apache/maven/shared/file-management/3.1.0/file-management-3.1.0.pom
2025-04-10 13:15:18,858 [Worker-41: Creating project "task"] INFO  o.e.m.c.i.e.AbstractTransferListenerAdapter - Downloaded https://repo.maven.apache.org/maven2/org/apache/maven/shared/file-management/3.1.0/file-management-3.1.0.pom
2025-04-10 13:15:18,942 [Worker-41: Creating project "task"] INFO  o.e.m.c.i.e.AbstractTransferListenerAdapter - Downloading https://repo.maven.apache.org/maven2/org/apache/maven/shared/maven-shared-components/36/maven-shared-components-36.pom
2025-04-10 13:15:19,022 [Worker-41: Creating project "task"] INFO  o.e.m.c.i.e.AbstractTransferListenerAdapter - Downloaded https://repo.maven.apache.org/maven2/org/apache/maven/shared/maven-shared-components/36/maven-shared-components-36.pom
2025-04-10 13:15:19,410 [Worker-41: Creating project "task"] INFO  o.e.m.c.i.e.AbstractTransferListenerAdapter - Downloading https://repo.maven.apache.org/maven2/org/apache/maven/maven-parent/36/maven-parent-36.pom
2025-04-10 13:15:19,424 [Worker-41: Creating project "task"] INFO  o.e.m.c.i.e.AbstractTransferListenerAdapter - Downloaded https://repo.maven.apache.org/maven2/org/apache/maven/maven-parent/36/maven-parent-36.pom
2025-04-10 13:15:19,508 [Worker-41: Creating project "task"] INFO  o.e.m.c.i.e.AbstractTransferListenerAdapter - Downloading https://repo.maven.apache.org/maven2/org/apache/apache/26/apache-26.pom
2025-04-10 13:15:19,880 [Worker-41: Creating project "task"] INFO  o.e.m.c.i.e.AbstractTransferListenerAdapter - Downloaded https://repo.maven.apache.org/maven2/org/apache/apache/26/apache-26.pom
2025-04-10 13:15:19,981 [Worker-41: Creating project "task"] INFO  o.e.m.c.i.e.AbstractTransferListenerAdapter - Downloading https://repo.maven.apache.org/maven2/org/codehaus/plexus/plexus-utils/4.0.1/plexus-utils-4.0.1.pom
2025-04-10 13:15:20,370 [Worker-41: Creating project "task"] INFO  o.e.m.c.i.e.AbstractTransferListenerAdapter - Downloaded https://repo.maven.apache.org/maven2/org/codehaus/plexus/plexus-utils/4.0.1/plexus-utils-4.0.1.pom
2025-04-10 13:15:20,792 [Worker-41: Creating project "task"] INFO  o.e.m.c.i.e.AbstractTransferListenerAdapter - Downloading https://repo.maven.apache.org/maven2/commons-io/commons-io/2.16.1/commons-io-2.16.1.pom
2025-04-10 13:15:20,813 [Worker-41: Creating project "task"] INFO  o.e.m.c.i.e.AbstractTransferListenerAdapter - Downloaded https://repo.maven.apache.org/maven2/commons-io/commons-io/2.16.1/commons-io-2.16.1.pom
2025-04-10 13:15:20,905 [Worker-41: Creating project "task"] INFO  o.e.m.c.i.e.AbstractTransferListenerAdapter - Downloading https://repo.maven.apache.org/maven2/org/apache/commons/commons-parent/69/commons-parent-69.pom
2025-04-10 13:15:21,377 [Worker-41: Creating project "task"] INFO  o.e.m.c.i.e.AbstractTransferListenerAdapter - Downloaded https://repo.maven.apache.org/maven2/org/apache/commons/commons-parent/69/commons-parent-69.pom
2025-04-10 13:15:21,488 [Worker-41: Creating project "task"] INFO  o.e.m.c.i.e.AbstractTransferListenerAdapter - Downloading https://repo.maven.apache.org/maven2/org/apache/maven/maven-archiver/3.6.2/maven-archiver-3.6.2.pom
2025-04-10 13:15:21,499 [Worker-41: Creating project "task"] INFO  o.e.m.c.i.e.AbstractTransferListenerAdapter - Downloaded https://repo.maven.apache.org/maven2/org/apache/maven/maven-archiver/3.6.2/maven-archiver-3.6.2.pom
2025-04-10 13:15:21,926 [Worker-41: Creating project "task"] INFO  o.e.m.c.i.e.AbstractTransferListenerAdapter - Downloading https://repo.maven.apache.org/maven2/org/apache/maven/shared/maven-shared-components/41/maven-shared-components-41.pom
2025-04-10 13:15:21,951 [Worker-41: Creating project "task"] INFO  o.e.m.c.i.e.AbstractTransferListenerAdapter - Downloaded https://repo.maven.apache.org/maven2/org/apache/maven/shared/maven-shared-components/41/maven-shared-components-41.pom
2025-04-10 13:15:22,469 [Worker-41: Creating project "task"] INFO  o.e.m.c.i.e.AbstractTransferListenerAdapter - Downloading https://repo.maven.apache.org/maven2/org/codehaus/plexus/plexus-archiver/4.9.2/plexus-archiver-4.9.2.pom
2025-04-10 13:15:22,481 [Worker-41: Creating project "task"] INFO  o.e.m.c.i.e.AbstractTransferListenerAdapter - Downloaded https://repo.maven.apache.org/maven2/org/codehaus/plexus/plexus-archiver/4.9.2/plexus-archiver-4.9.2.pom
2025-04-10 13:15:22,639 [Worker-41: Creating project "task"] INFO  o.e.m.c.i.e.AbstractTransferListenerAdapter - Downloading https://repo.maven.apache.org/maven2/org/codehaus/plexus/plexus-io/3.4.2/plexus-io-3.4.2.pom
2025-04-10 13:15:22,659 [Worker-41: Creating project "task"] INFO  o.e.m.c.i.e.AbstractTransferListenerAdapter - Downloaded https://repo.maven.apache.org/maven2/org/codehaus/plexus/plexus-io/3.4.2/plexus-io-3.4.2.pom
2025-04-10 13:15:22,741 [Worker-41: Creating project "task"] INFO  o.e.m.c.i.e.AbstractTransferListenerAdapter - Downloading https://repo.maven.apache.org/maven2/org/codehaus/plexus/plexus/16/plexus-16.pom
2025-04-10 13:15:22,835 [Worker-41: Creating project "task"] INFO  o.e.m.c.i.e.AbstractTransferListenerAdapter - Downloaded https://repo.maven.apache.org/maven2/org/codehaus/plexus/plexus/16/plexus-16.pom
2025-04-10 13:15:22,915 [Worker-41: Creating project "task"] INFO  o.e.m.c.i.e.AbstractTransferListenerAdapter - Downloading https://repo.maven.apache.org/maven2/org/junit/junit-bom/5.10.1/junit-bom-5.10.1.pom
2025-04-10 13:15:22,944 [Worker-41: Creating project "task"] INFO  o.e.m.c.i.e.AbstractTransferListenerAdapter - Downloaded https://repo.maven.apache.org/maven2/org/junit/junit-bom/5.10.1/junit-bom-5.10.1.pom
2025-04-10 13:15:23,062 [Worker-41: Creating project "task"] INFO  o.e.m.c.i.e.AbstractTransferListenerAdapter - Downloading https://repo.maven.apache.org/maven2/org/apache/commons/commons-compress/1.26.1/commons-compress-1.26.1.pom
2025-04-10 13:15:23,074 [Worker-41: Creating project "task"] INFO  o.e.m.c.i.e.AbstractTransferListenerAdapter - Downloaded https://repo.maven.apache.org/maven2/org/apache/commons/commons-compress/1.26.1/commons-compress-1.26.1.pom
2025-04-10 13:15:23,157 [Worker-41: Creating project "task"] INFO  o.e.m.c.i.e.AbstractTransferListenerAdapter - Downloading https://repo.maven.apache.org/maven2/org/apache/commons/commons-parent/66/commons-parent-66.pom
2025-04-10 13:15:23,252 [Worker-41: Creating project "task"] INFO  o.e.m.c.i.e.AbstractTransferListenerAdapter - Downloaded https://repo.maven.apache.org/maven2/org/apache/commons/commons-parent/66/commons-parent-66.pom
2025-04-10 13:15:23,372 [Worker-41: Creating project "task"] INFO  o.e.m.c.i.e.AbstractTransferListenerAdapter - Downloading https://repo.maven.apache.org/maven2/commons-codec/commons-codec/1.16.1/commons-codec-1.16.1.pom
2025-04-10 13:15:23,384 [Worker-41: Creating project "task"] INFO  o.e.m.c.i.e.AbstractTransferListenerAdapter - Downloaded https://repo.maven.apache.org/maven2/commons-codec/commons-codec/1.16.1/commons-codec-1.16.1.pom
2025-04-10 13:15:23,534 [Worker-41: Creating project "task"] INFO  o.e.m.c.i.e.AbstractTransferListenerAdapter - Downloading https://repo.maven.apache.org/maven2/org/apache/commons/commons-lang3/3.14.0/commons-lang3-3.14.0.pom
2025-04-10 13:15:23,557 [Worker-41: Creating project "task"] INFO  o.e.m.c.i.e.AbstractTransferListenerAdapter - Downloaded https://repo.maven.apache.org/maven2/org/apache/commons/commons-lang3/3.14.0/commons-lang3-3.14.0.pom
2025-04-10 13:15:23,663 [Worker-41: Creating project "task"] INFO  o.e.m.c.i.e.AbstractTransferListenerAdapter - Downloading https://repo.maven.apache.org/maven2/org/apache/commons/commons-parent/64/commons-parent-64.pom
2025-04-10 13:15:23,739 [Worker-41: Creating project "task"] INFO  o.e.m.c.i.e.AbstractTransferListenerAdapter - Downloaded https://repo.maven.apache.org/maven2/org/apache/commons/commons-parent/64/commons-parent-64.pom
2025-04-10 13:15:23,838 [Worker-41: Creating project "task"] INFO  o.e.m.c.i.e.AbstractTransferListenerAdapter - Downloading https://repo.maven.apache.org/maven2/org/apache/apache/30/apache-30.pom
2025-04-10 13:15:23,853 [Worker-41: Creating project "task"] INFO  o.e.m.c.i.e.AbstractTransferListenerAdapter - Downloaded https://repo.maven.apache.org/maven2/org/apache/apache/30/apache-30.pom
2025-04-10 13:15:23,973 [Worker-41: Creating project "task"] INFO  o.e.m.c.i.e.AbstractTransferListenerAdapter - Downloading https://repo.maven.apache.org/maven2/org/iq80/snappy/snappy/0.4/snappy-0.4.pom
2025-04-10 13:15:23,982 [Worker-41: Creating project "task"] INFO  o.e.m.c.i.e.AbstractTransferListenerAdapter - Downloaded https://repo.maven.apache.org/maven2/org/iq80/snappy/snappy/0.4/snappy-0.4.pom
2025-04-10 13:15:24,085 [Worker-41: Creating project "task"] INFO  o.e.m.c.i.e.AbstractTransferListenerAdapter - Downloading https://repo.maven.apache.org/maven2/org/tukaani/xz/1.9/xz-1.9.pom
2025-04-10 13:15:24,094 [Worker-41: Creating project "task"] INFO  o.e.m.c.i.e.AbstractTransferListenerAdapter - Downloaded https://repo.maven.apache.org/maven2/org/tukaani/xz/1.9/xz-1.9.pom
2025-04-10 13:15:24,176 [Worker-41: Creating project "task"] INFO  o.e.m.c.i.e.AbstractTransferListenerAdapter - Downloading https://repo.maven.apache.org/maven2/com/github/luben/zstd-jni/1.5.5-11/zstd-jni-1.5.5-11.pom
2025-04-10 13:15:24,185 [Worker-41: Creating project "task"] INFO  o.e.m.c.i.e.AbstractTransferListenerAdapter - Downloaded https://repo.maven.apache.org/maven2/com/github/luben/zstd-jni/1.5.5-11/zstd-jni-1.5.5-11.pom
2025-04-10 13:15:24,267 [Worker-41: Creating project "task"] INFO  o.e.m.c.i.e.AbstractTransferListenerAdapter - Downloading https://repo.maven.apache.org/maven2/org/codehaus/plexus/plexus-interpolation/1.27/plexus-interpolation-1.27.pom
2025-04-10 13:15:24,278 [Worker-41: Creating project "task"] INFO  o.e.m.c.i.e.AbstractTransferListenerAdapter - Downloaded https://repo.maven.apache.org/maven2/org/codehaus/plexus/plexus-interpolation/1.27/plexus-interpolation-1.27.pom
2025-04-10 13:15:24,448 [Worker-41: Creating project "task"] INFO  o.e.m.c.i.e.AbstractTransferListenerAdapter - Downloading https://repo.maven.apache.org/maven2/org/apache/maven/shared/file-management/3.1.0/file-management-3.1.0.jar
2025-04-10 13:15:24,461 [Worker-41: Creating project "task"] INFO  o.e.m.c.i.e.AbstractTransferListenerAdapter - Downloaded https://repo.maven.apache.org/maven2/org/apache/maven/shared/file-management/3.1.0/file-management-3.1.0.jar
2025-04-10 13:15:24,521 [BasicRepositoryConnector-repo.maven.apache.org-0-0] INFO  o.e.m.c.i.e.AbstractTransferListenerAdapter - Downloading https://repo.maven.apache.org/maven2/commons-io/commons-io/2.16.1/commons-io-2.16.1.jar
2025-04-10 13:15:24,678 [BasicRepositoryConnector-repo.maven.apache.org-0-1] INFO  o.e.m.c.i.e.AbstractTransferListenerAdapter - Downloading https://repo.maven.apache.org/maven2/org/apache/maven/maven-archiver/3.6.2/maven-archiver-3.6.2.jar
2025-04-10 13:15:24,678 [BasicRepositoryConnector-repo.maven.apache.org-0-3] INFO  o.e.m.c.i.e.AbstractTransferListenerAdapter - Downloading https://repo.maven.apache.org/maven2/org/codehaus/plexus/plexus-utils/4.0.1/plexus-utils-4.0.1.jar
2025-04-10 13:15:24,678 [BasicRepositoryConnector-repo.maven.apache.org-0-2] INFO  o.e.m.c.i.e.AbstractTransferListenerAdapter - Downloading https://repo.maven.apache.org/maven2/org/codehaus/plexus/plexus-interpolation/1.27/plexus-interpolation-1.27.jar
2025-04-10 13:15:24,704 [BasicRepositoryConnector-repo.maven.apache.org-0-4] INFO  o.e.m.c.i.e.AbstractTransferListenerAdapter - Downloading https://repo.maven.apache.org/maven2/org/codehaus/plexus/plexus-archiver/4.9.2/plexus-archiver-4.9.2.jar
2025-04-10 13:15:24,708 [BasicRepositoryConnector-repo.maven.apache.org-0-1] INFO  o.e.m.c.i.e.AbstractTransferListenerAdapter - Downloaded https://repo.maven.apache.org/maven2/org/apache/maven/maven-archiver/3.6.2/maven-archiver-3.6.2.jar
2025-04-10 13:15:24,781 [BasicRepositoryConnector-repo.maven.apache.org-0-1] INFO  o.e.m.c.i.e.AbstractTransferListenerAdapter - Downloading https://repo.maven.apache.org/maven2/org/codehaus/plexus/plexus-io/3.4.2/plexus-io-3.4.2.jar
2025-04-10 13:15:24,790 [BasicRepositoryConnector-repo.maven.apache.org-0-2] INFO  o.e.m.c.i.e.AbstractTransferListenerAdapter - Downloaded https://repo.maven.apache.org/maven2/org/codehaus/plexus/plexus-interpolation/1.27/plexus-interpolation-1.27.jar
2025-04-10 13:15:24,861 [BasicRepositoryConnector-repo.maven.apache.org-0-2] INFO  o.e.m.c.i.e.AbstractTransferListenerAdapter - Downloading https://repo.maven.apache.org/maven2/org/apache/commons/commons-compress/1.26.1/commons-compress-1.26.1.jar
2025-04-10 13:15:24,867 [BasicRepositoryConnector-repo.maven.apache.org-0-1] INFO  o.e.m.c.i.e.AbstractTransferListenerAdapter - Downloaded https://repo.maven.apache.org/maven2/org/codehaus/plexus/plexus-io/3.4.2/plexus-io-3.4.2.jar
2025-04-10 13:15:24,867 [BasicRepositoryConnector-repo.maven.apache.org-0-3] INFO  o.e.m.c.i.e.AbstractTransferListenerAdapter - Downloaded https://repo.maven.apache.org/maven2/org/codehaus/plexus/plexus-utils/4.0.1/plexus-utils-4.0.1.jar
2025-04-10 13:15:24,933 [BasicRepositoryConnector-repo.maven.apache.org-0-4] INFO  o.e.m.c.i.e.AbstractTransferListenerAdapter - Downloaded https://repo.maven.apache.org/maven2/org/codehaus/plexus/plexus-archiver/4.9.2/plexus-archiver-4.9.2.jar
2025-04-10 13:15:24,935 [BasicRepositoryConnector-repo.maven.apache.org-0-1] INFO  o.e.m.c.i.e.AbstractTransferListenerAdapter - Downloading https://repo.maven.apache.org/maven2/org/apache/commons/commons-lang3/3.14.0/commons-lang3-3.14.0.jar
2025-04-10 13:15:24,937 [BasicRepositoryConnector-repo.maven.apache.org-0-3] INFO  o.e.m.c.i.e.AbstractTransferListenerAdapter - Downloading https://repo.maven.apache.org/maven2/commons-codec/commons-codec/1.16.1/commons-codec-1.16.1.jar
2025-04-10 13:15:25,055 [BasicRepositoryConnector-repo.maven.apache.org-0-4] INFO  o.e.m.c.i.e.AbstractTransferListenerAdapter - Downloading https://repo.maven.apache.org/maven2/org/iq80/snappy/snappy/0.4/snappy-0.4.jar
2025-04-10 13:15:25,082 [BasicRepositoryConnector-repo.maven.apache.org-0-4] INFO  o.e.m.c.i.e.AbstractTransferListenerAdapter - Downloaded https://repo.maven.apache.org/maven2/org/iq80/snappy/snappy/0.4/snappy-0.4.jar
2025-04-10 13:15:25,211 [BasicRepositoryConnector-repo.maven.apache.org-0-4] INFO  o.e.m.c.i.e.AbstractTransferListenerAdapter - Downloading https://repo.maven.apache.org/maven2/org/tukaani/xz/1.9/xz-1.9.jar
2025-04-10 13:15:25,252 [BasicRepositoryConnector-repo.maven.apache.org-0-0] INFO  o.e.m.c.i.e.AbstractTransferListenerAdapter - Downloaded https://repo.maven.apache.org/maven2/commons-io/commons-io/2.16.1/commons-io-2.16.1.jar
2025-04-10 13:15:25,277 [BasicRepositoryConnector-repo.maven.apache.org-0-4] INFO  o.e.m.c.i.e.AbstractTransferListenerAdapter - Downloaded https://repo.maven.apache.org/maven2/org/tukaani/xz/1.9/xz-1.9.jar
2025-04-10 13:15:25,302 [BasicRepositoryConnector-repo.maven.apache.org-0-3] INFO  o.e.m.c.i.e.AbstractTransferListenerAdapter - Downloaded https://repo.maven.apache.org/maven2/commons-codec/commons-codec/1.16.1/commons-codec-1.16.1.jar
2025-04-10 13:15:25,310 [BasicRepositoryConnector-repo.maven.apache.org-0-2] INFO  o.e.m.c.i.e.AbstractTransferListenerAdapter - Downloaded https://repo.maven.apache.org/maven2/org/apache/commons/commons-compress/1.26.1/commons-compress-1.26.1.jar
2025-04-10 13:15:25,317 [BasicRepositoryConnector-repo.maven.apache.org-0-0] INFO  o.e.m.c.i.e.AbstractTransferListenerAdapter - Downloading https://repo.maven.apache.org/maven2/com/github/luben/zstd-jni/1.5.5-11/zstd-jni-1.5.5-11.jar
2025-04-10 13:15:25,325 [BasicRepositoryConnector-repo.maven.apache.org-0-1] INFO  o.e.m.c.i.e.AbstractTransferListenerAdapter - Downloaded https://repo.maven.apache.org/maven2/org/apache/commons/commons-lang3/3.14.0/commons-lang3-3.14.0.jar
2025-04-10 13:16:10,343 [BasicRepositoryConnector-repo.maven.apache.org-0-0] INFO  o.e.m.c.i.e.AbstractTransferListenerAdapter - Downloaded https://repo.maven.apache.org/maven2/com/github/luben/zstd-jni/1.5.5-11/zstd-jni-1.5.5-11.jar
2025-04-10 13:16:14,204 [Worker-41: Creating project "task"] INFO  o.e.m.c.i.e.AbstractTransferListenerAdapter - Downloading https://repo.maven.apache.org/maven2/org/codehaus/plexus/plexus-interpolation/1.26/plexus-interpolation-1.26.pom
2025-04-10 13:16:14,219 [Worker-41: Creating project "task"] INFO  o.e.m.c.i.e.AbstractTransferListenerAdapter - Downloaded https://repo.maven.apache.org/maven2/org/codehaus/plexus/plexus-interpolation/1.26/plexus-interpolation-1.26.pom
2025-04-10 13:16:14,580 [Worker-41: Creating project "task"] INFO  o.e.m.c.i.e.AbstractTransferListenerAdapter - Downloading https://repo.maven.apache.org/maven2/org/codehaus/plexus/plexus/5.1/plexus-5.1.pom
2025-04-10 13:16:14,633 [Worker-41: Creating project "task"] INFO  o.e.m.c.i.e.AbstractTransferListenerAdapter - Downloaded https://repo.maven.apache.org/maven2/org/codehaus/plexus/plexus/5.1/plexus-5.1.pom
2025-04-10 13:16:14,959 [Worker-41: Creating project "task"] INFO  o.e.m.c.i.e.AbstractTransferListenerAdapter - Downloading https://repo.maven.apache.org/maven2/org/codehaus/plexus/plexus-utils/3.5.1/plexus-utils-3.5.1.pom
2025-04-10 13:16:15,013 [Worker-41: Creating project "task"] INFO  o.e.m.c.i.e.AbstractTransferListenerAdapter - Downloaded https://repo.maven.apache.org/maven2/org/codehaus/plexus/plexus-utils/3.5.1/plexus-utils-3.5.1.pom
2025-04-10 13:16:15,308 [Worker-41: Creating project "task"] INFO  o.e.m.c.i.e.AbstractTransferListenerAdapter - Downloading https://repo.maven.apache.org/maven2/org/codehaus/plexus/plexus/10/plexus-10.pom
2025-04-10 13:16:15,420 [Worker-41: Creating project "task"] INFO  o.e.m.c.i.e.AbstractTransferListenerAdapter - Downloaded https://repo.maven.apache.org/maven2/org/codehaus/plexus/plexus/10/plexus-10.pom
2025-04-10 13:16:16,158 [Worker-41: Creating project "task"] INFO  o.e.m.c.i.e.AbstractTransferListenerAdapter - Downloading https://repo.maven.apache.org/maven2/org/apache/maven/shared/maven-filtering/3.3.1/maven-filtering-3.3.1.pom
2025-04-10 13:16:16,170 [Worker-41: Creating project "task"] INFO  o.e.m.c.i.e.AbstractTransferListenerAdapter - Downloaded https://repo.maven.apache.org/maven2/org/apache/maven/shared/maven-filtering/3.3.1/maven-filtering-3.3.1.pom
2025-04-10 13:16:18,011 [Worker-41: Creating project "task"] INFO  o.e.m.c.i.e.AbstractTransferListenerAdapter - Downloading https://repo.maven.apache.org/maven2/org/codehaus/plexus/plexus-utils/3.5.0/plexus-utils-3.5.0.pom
2025-04-10 13:16:18,081 [Worker-41: Creating project "task"] INFO  o.e.m.c.i.e.AbstractTransferListenerAdapter - Downloaded https://repo.maven.apache.org/maven2/org/codehaus/plexus/plexus-utils/3.5.0/plexus-utils-3.5.0.pom
2025-04-10 13:16:19,188 [Worker-41: Creating project "task"] INFO  o.e.m.c.i.e.AbstractTransferListenerAdapter - Downloading https://repo.maven.apache.org/maven2/org/apache/commons/commons-lang3/3.12.0/commons-lang3-3.12.0.pom
2025-04-10 13:16:20,183 [Worker-41: Creating project "task"] INFO  o.e.m.c.i.e.AbstractTransferListenerAdapter - Downloaded https://repo.maven.apache.org/maven2/org/apache/commons/commons-lang3/3.12.0/commons-lang3-3.12.0.pom
2025-04-10 13:16:20,579 [Worker-41: Creating project "task"] INFO  o.e.m.c.i.e.AbstractTransferListenerAdapter - Downloading https://repo.maven.apache.org/maven2/org/junit/junit-bom/5.7.1/junit-bom-5.7.1.pom
2025-04-10 13:16:20,684 [Worker-41: Creating project "task"] INFO  o.e.m.c.i.e.AbstractTransferListenerAdapter - Downloaded https://repo.maven.apache.org/maven2/org/junit/junit-bom/5.7.1/junit-bom-5.7.1.pom
2025-04-10 13:16:21,202 [Worker-41: Creating project "task"] INFO  o.e.m.c.i.e.AbstractTransferListenerAdapter - Downloading https://repo.maven.apache.org/maven2/org/codehaus/plexus/plexus-interpolation/1.26/plexus-interpolation-1.26.jar
2025-04-10 13:16:23,177 [Worker-41: Creating project "task"] INFO  o.e.m.c.i.e.AbstractTransferListenerAdapter - Downloaded https://repo.maven.apache.org/maven2/org/codehaus/plexus/plexus-interpolation/1.26/plexus-interpolation-1.26.jar
2025-04-10 13:16:23,596 [BasicRepositoryConnector-repo.maven.apache.org-1-2] INFO  o.e.m.c.i.e.AbstractTransferListenerAdapter - Downloading https://repo.maven.apache.org/maven2/org/apache/commons/commons-lang3/3.12.0/commons-lang3-3.12.0.jar
2025-04-10 13:16:23,596 [BasicRepositoryConnector-repo.maven.apache.org-1-1] INFO  o.e.m.c.i.e.AbstractTransferListenerAdapter - Downloading https://repo.maven.apache.org/maven2/org/apache/maven/shared/maven-filtering/3.3.1/maven-filtering-3.3.1.jar
2025-04-10 13:16:24,160 [BasicRepositoryConnector-repo.maven.apache.org-1-0] INFO  o.e.m.c.i.e.AbstractTransferListenerAdapter - Downloading https://repo.maven.apache.org/maven2/org/codehaus/plexus/plexus-utils/3.5.1/plexus-utils-3.5.1.jar
2025-04-10 13:16:29,191 [BasicRepositoryConnector-repo.maven.apache.org-1-1] INFO  o.e.m.c.i.e.AbstractTransferListenerAdapter - Downloaded https://repo.maven.apache.org/maven2/org/apache/maven/shared/maven-filtering/3.3.1/maven-filtering-3.3.1.jar
2025-04-10 13:16:38,357 [BasicRepositoryConnector-repo.maven.apache.org-1-2] INFO  o.e.m.c.i.e.AbstractTransferListenerAdapter - Downloaded https://repo.maven.apache.org/maven2/org/apache/commons/commons-lang3/3.12.0/commons-lang3-3.12.0.jar
2025-04-10 13:16:38,845 [BasicRepositoryConnector-repo.maven.apache.org-1-0] INFO  o.e.m.c.i.e.AbstractTransferListenerAdapter - Downloaded https://repo.maven.apache.org/maven2/org/codehaus/plexus/plexus-utils/3.5.1/plexus-utils-3.5.1.jar
2025-04-10 13:16:39,700 [Worker-41: Creating project "task"] INFO  o.e.m.j.i.AbstractJavaProjectConfigurator - Adding source folder /task/src/main/java
2025-04-10 13:16:39,707 [Worker-41: Creating project "task"] INFO  o.e.m.j.i.AbstractJavaProjectConfigurator - Adding resource folder /task/src/main/resources
2025-04-10 13:16:39,708 [Worker-41: Creating project "task"] INFO  o.e.m.j.i.AbstractJavaProjectConfigurator - Adding source folder /task/src/test/java
2025-04-10 13:16:39,713 [Worker-41: Creating project "task"] INFO  o.e.m.j.i.AbstractJavaProjectConfigurator - Adding resource folder /task/src/test/resources
2025-04-10 13:16:40,650 [Worker-44: Building] WARN  o.a.m.s.f.DefaultMavenResourcesFiltering - Using platform encoding (UTF-8 actually) to copy filtered resources, i.e. build is platform dependent!
2025-04-10 13:16:40,665 [Worker-44: Building] INFO  o.a.m.s.f.DefaultMavenResourcesFiltering - Copying 0 resource from src\main\resources to target\classes
2025-04-10 13:16:40,676 [Worker-44: Building] WARN  o.a.m.s.f.DefaultMavenResourcesFiltering - Using platform encoding (UTF-8 actually) to copy filtered resources, i.e. build is platform dependent!
2025-04-10 13:16:40,679 [Worker-44: Building] INFO  o.a.m.s.f.DefaultMavenResourcesFiltering - Copying 0 resource from src\test\resources to target\test-classes
2025-04-10 13:20:57,437 [Worker-44: Creating project "Demo_Maven"] INFO  o.e.m.c.i.l.LifecycleMappingFactory - Using org.eclipse.m2e.jdt.JarLifecycleMapping lifecycle mapping for MavenProject: Demo_project:Demo_Maven:0.0.1-SNAPSHOT @ C:\Users\Elango\Desktop\Advanced Java\J2EE\M87\JDBC\Demo_Maven\pom.xml.
2025-04-10 13:20:58,168 [Worker-44: Creating project "Demo_Maven"] INFO  o.e.m.j.i.AbstractJavaProjectConfigurator - Adding source folder /Demo_Maven/src/main/java
2025-04-10 13:20:58,169 [Worker-44: Creating project "Demo_Maven"] INFO  o.e.m.j.i.AbstractJavaProjectConfigurator - Adding resource folder /Demo_Maven/src/main/resources
2025-04-10 13:20:58,170 [Worker-44: Creating project "Demo_Maven"] INFO  o.e.m.j.i.AbstractJavaProjectConfigurator - Adding source folder /Demo_Maven/src/test/java
2025-04-10 13:20:58,173 [Worker-44: Creating project "Demo_Maven"] INFO  o.e.m.j.i.AbstractJavaProjectConfigurator - Adding resource folder /Demo_Maven/src/test/resources
2025-04-10 13:20:58,595 [Worker-44: Building] WARN  o.a.m.s.f.DefaultMavenResourcesFiltering - Using platform encoding (UTF-8 actually) to copy filtered resources, i.e. build is platform dependent!
2025-04-10 13:20:58,598 [Worker-44: Building] INFO  o.a.m.s.f.DefaultMavenResourcesFiltering - Copying 0 resource from src\main\resources to target\classes
2025-04-10 13:20:58,605 [Worker-44: Building] WARN  o.a.m.s.f.DefaultMavenResourcesFiltering - Using platform encoding (UTF-8 actually) to copy filtered resources, i.e. build is platform dependent!
2025-04-10 13:20:58,609 [Worker-44: Building] INFO  o.a.m.s.f.DefaultMavenResourcesFiltering - Copying 0 resource from src\test\resources to target\test-classes
2025-04-10 13:29:16,204 [Worker-50: Creating project "Demo_Maven"] INFO  o.e.m.c.i.l.LifecycleMappingFactory - Using org.eclipse.m2e.jdt.JarLifecycleMapping lifecycle mapping for MavenProject: Demo_Project:Demo_Maven:0.0.1-SNAPSHOT @ C:\Users\Elango\Desktop\Advanced Java\J2EE\M87\JDBC\Demo_Maven\pom.xml.
2025-04-10 13:29:16,992 [Worker-50: Creating project "Demo_Maven"] INFO  o.e.m.j.i.AbstractJavaProjectConfigurator - Adding source folder /Demo_Maven/src/main/java
2025-04-10 13:29:16,994 [Worker-50: Creating project "Demo_Maven"] INFO  o.e.m.j.i.AbstractJavaProjectConfigurator - Adding resource folder /Demo_Maven/src/main/resources
2025-04-10 13:29:16,995 [Worker-50: Creating project "Demo_Maven"] INFO  o.e.m.j.i.AbstractJavaProjectConfigurator - Adding source folder /Demo_Maven/src/test/java
2025-04-10 13:29:16,997 [Worker-50: Creating project "Demo_Maven"] INFO  o.e.m.j.i.AbstractJavaProjectConfigurator - Adding resource folder /Demo_Maven/src/test/resources
2025-04-10 13:29:17,445 [Worker-46: Building] WARN  o.a.m.s.f.DefaultMavenResourcesFiltering - Using platform encoding (UTF-8 actually) to copy filtered resources, i.e. build is platform dependent!
2025-04-10 13:29:17,448 [Worker-46: Building] INFO  o.a.m.s.f.DefaultMavenResourcesFiltering - Copying 0 resource from src\main\resources to target\classes
2025-04-10 13:29:17,457 [Worker-46: Building] WARN  o.a.m.s.f.DefaultMavenResourcesFiltering - Using platform encoding (UTF-8 actually) to copy filtered resources, i.e. build is platform dependent!
2025-04-10 13:29:17,460 [Worker-46: Building] INFO  o.a.m.s.f.DefaultMavenResourcesFiltering - Copying 0 resource from src\test\resources to target\test-classes
2025-04-10 13:37:24,949 [Worker-57: Building] INFO  o.e.m.c.i.l.LifecycleMappingFactory - Using org.eclipse.m2e.jdt.JarLifecycleMapping lifecycle mapping for MavenProject: Demo_Project:Demo_Maven:0.0.1-SNAPSHOT @ C:\Users\Elango\Desktop\Advanced Java\J2EE\M87\JDBC\Demo_Maven\pom.xml.
2025-04-10 13:37:25,471 [Worker-57: Building] INFO  o.e.m.c.i.e.AbstractTransferListenerAdapter - Downloading https://repo.maven.apache.org/maven2/com/mysql/mysql-connector-j/8.3.0/mysql-connector-j-8.3.0.pom
2025-04-10 13:37:25,493 [Worker-57: Building] INFO  o.e.m.c.i.e.AbstractTransferListenerAdapter - Downloaded https://repo.maven.apache.org/maven2/com/mysql/mysql-connector-j/8.3.0/mysql-connector-j-8.3.0.pom
2025-04-10 13:37:25,640 [Worker-57: Building] INFO  o.e.m.c.i.e.AbstractTransferListenerAdapter - Downloading https://repo.maven.apache.org/maven2/com/google/protobuf/protobuf-java/3.25.1/protobuf-java-3.25.1.pom
2025-04-10 13:37:25,650 [Worker-57: Building] INFO  o.e.m.c.i.e.AbstractTransferListenerAdapter - Downloaded https://repo.maven.apache.org/maven2/com/google/protobuf/protobuf-java/3.25.1/protobuf-java-3.25.1.pom
2025-04-10 13:37:25,750 [Worker-57: Building] INFO  o.e.m.c.i.e.AbstractTransferListenerAdapter - Downloading https://repo.maven.apache.org/maven2/com/google/protobuf/protobuf-parent/3.25.1/protobuf-parent-3.25.1.pom
2025-04-10 13:37:25,814 [Worker-57: Building] INFO  o.e.m.c.i.e.AbstractTransferListenerAdapter - Downloaded https://repo.maven.apache.org/maven2/com/google/protobuf/protobuf-parent/3.25.1/protobuf-parent-3.25.1.pom
2025-04-10 13:37:25,903 [Worker-57: Building] INFO  o.e.m.c.i.e.AbstractTransferListenerAdapter - Downloading https://repo.maven.apache.org/maven2/com/google/protobuf/protobuf-bom/3.25.1/protobuf-bom-3.25.1.pom
2025-04-10 13:37:25,926 [Worker-57: Building] INFO  o.e.m.c.i.e.AbstractTransferListenerAdapter - Downloaded https://repo.maven.apache.org/maven2/com/google/protobuf/protobuf-bom/3.25.1/protobuf-bom-3.25.1.pom
2025-04-10 13:37:26,042 [Worker-57: Building] INFO  o.e.m.c.i.e.AbstractTransferListenerAdapter - Downloading https://repo.maven.apache.org/maven2/com/mysql/mysql-connector-j/8.3.0/mysql-connector-j-8.3.0.jar
2025-04-10 13:37:27,151 [Worker-57: Building] INFO  o.e.m.c.i.e.AbstractTransferListenerAdapter - Downloaded https://repo.maven.apache.org/maven2/com/mysql/mysql-connector-j/8.3.0/mysql-connector-j-8.3.0.jar
2025-04-10 13:37:27,217 [BasicRepositoryConnector-repo.maven.apache.org-2-0] INFO  o.e.m.c.i.e.AbstractTransferListenerAdapter - Downloading https://repo.maven.apache.org/maven2/com/google/protobuf/protobuf-java/3.25.1/protobuf-java-3.25.1.jar
2025-04-10 13:37:27,640 [BasicRepositoryConnector-repo.maven.apache.org-2-0] INFO  o.e.m.c.i.e.AbstractTransferListenerAdapter - Downloaded https://repo.maven.apache.org/maven2/com/google/protobuf/protobuf-java/3.25.1/protobuf-java-3.25.1.jar
2025-04-10 13:37:29,064 [Worker-46: Download sources and javadoc] INFO  o.e.m.c.i.e.AbstractTransferListenerAdapter - Downloading https://repo.maven.apache.org/maven2/com/mysql/mysql-connector-j/8.3.0/mysql-connector-j-8.3.0-sources.jar
2025-04-10 13:37:29,168 [Worker-57: Building] WARN  o.a.m.s.f.DefaultMavenResourcesFiltering - Using platform encoding (UTF-8 actually) to copy filtered resources, i.e. build is platform dependent!
2025-04-10 13:37:29,177 [Worker-57: Building] INFO  o.a.m.s.f.DefaultMavenResourcesFiltering - Copying 0 resource from src\main\resources to target\classes
2025-04-10 13:37:29,185 [Worker-57: Building] WARN  o.a.m.s.f.DefaultMavenResourcesFiltering - Using platform encoding (UTF-8 actually) to copy filtered resources, i.e. build is platform dependent!
2025-04-10 13:37:29,190 [Worker-57: Building] INFO  o.a.m.s.f.DefaultMavenResourcesFiltering - Copying 0 resource from src\test\resources to target\test-classes
2025-04-10 13:37:30,186 [Worker-46: Download sources and javadoc] INFO  o.e.m.c.i.e.AbstractTransferListenerAdapter - Downloaded https://repo.maven.apache.org/maven2/com/mysql/mysql-connector-j/8.3.0/mysql-connector-j-8.3.0-sources.jar
2025-04-10 13:37:30,199 [Worker-46: Download sources and javadoc] INFO  o.e.m.j.internal.DownloadSourcesJob - Downloaded sources for com.mysql:mysql-connector-j:8.3.0
2025-04-10 13:37:30,476 [Worker-46: Download sources and javadoc] INFO  o.e.m.c.i.e.AbstractTransferListenerAdapter - Downloading https://repo.maven.apache.org/maven2/com/google/protobuf/protobuf-java/3.25.1/protobuf-java-3.25.1-sources.jar
2025-04-10 13:37:30,488 [Worker-61: Building] WARN  o.a.m.s.f.DefaultMavenResourcesFiltering - Using platform encoding (UTF-8 actually) to copy filtered resources, i.e. build is platform dependent!
2025-04-10 13:37:30,490 [Worker-61: Building] INFO  o.a.m.s.f.DefaultMavenResourcesFiltering - Copying 0 resource from src\main\resources to target\classes
2025-04-10 13:37:30,495 [Worker-61: Building] WARN  o.a.m.s.f.DefaultMavenResourcesFiltering - Using platform encoding (UTF-8 actually) to copy filtered resources, i.e. build is platform dependent!
2025-04-10 13:37:30,498 [Worker-61: Building] INFO  o.a.m.s.f.DefaultMavenResourcesFiltering - Copying 0 resource from src\test\resources to target\test-classes
2025-04-10 13:37:31,172 [Worker-46: Download sources and javadoc] INFO  o.e.m.c.i.e.AbstractTransferListenerAdapter - Downloaded https://repo.maven.apache.org/maven2/com/google/protobuf/protobuf-java/3.25.1/protobuf-java-3.25.1-sources.jar
2025-04-10 13:37:31,181 [Worker-46: Download sources and javadoc] INFO  o.e.m.j.internal.DownloadSourcesJob - Downloaded sources for com.google.protobuf:protobuf-java:3.25.1
2025-04-11 12:50:57,907 [Worker-85: Building] WARN  o.a.m.s.f.DefaultMavenResourcesFiltering - Using platform encoding (UTF-8 actually) to copy filtered resources, i.e. build is platform dependent!
2025-04-11 12:50:57,936 [Worker-85: Building] INFO  o.a.m.s.f.DefaultMavenResourcesFiltering - Copying 0 resource from src\main\resources to target\classes
2025-04-11 12:50:57,945 [Worker-85: Building] WARN  o.a.m.s.f.DefaultMavenResourcesFiltering - Using platform encoding (UTF-8 actually) to copy filtered resources, i.e. build is platform dependent!
2025-04-11 12:50:57,947 [Worker-85: Building] INFO  o.a.m.s.f.DefaultMavenResourcesFiltering - Copying 0 resource from src\test\resources to target\test-classes
2025-04-11 13:56:33,154 [Worker-99: Building] INFO  o.e.m.c.i.l.LifecycleMappingFactory - Using org.eclipse.m2e.jdt.JarLifecycleMapping lifecycle mapping for MavenProject: Demo_Project:Demo_Maven:0.0.1-SNAPSHOT @ C:\Users\Elango\Desktop\Advanced Java\J2EE\M87\JDBC\Demo_Maven\pom.xml.
2025-04-11 14:01:00,321 [Worker-100: Building] INFO  o.e.m.c.i.l.LifecycleMappingFactory - Using org.eclipse.m2e.jdt.JarLifecycleMapping lifecycle mapping for MavenProject: Demo_Project:Demo_Maven:0.0.1-SNAPSHOT @ C:\Users\Elango\Desktop\Advanced Java\J2EE\M87\JDBC\Demo_Maven\pom.xml.
2025-04-11 14:01:00,705 [Worker-100: Building] INFO  o.e.m.c.i.e.AbstractTransferListenerAdapter - Downloading https://repo.maven.apache.org/maven2/jakarta/servlet/jakarta.servlet-api/6.0.0/jakarta.servlet-api-6.0.0.pom
2025-04-11 14:01:00,739 [Worker-100: Building] INFO  o.e.m.c.i.e.AbstractTransferListenerAdapter - Downloaded https://repo.maven.apache.org/maven2/jakarta/servlet/jakarta.servlet-api/6.0.0/jakarta.servlet-api-6.0.0.pom
2025-04-11 14:01:00,819 [Worker-100: Building] INFO  o.e.m.c.i.e.AbstractTransferListenerAdapter - Downloading https://repo.maven.apache.org/maven2/org/eclipse/ee4j/project/1.0.7/project-1.0.7.pom
2025-04-11 14:01:00,840 [Worker-100: Building] INFO  o.e.m.c.i.e.AbstractTransferListenerAdapter - Downloaded https://repo.maven.apache.org/maven2/org/eclipse/ee4j/project/1.0.7/project-1.0.7.pom
2025-04-11 14:01:00,933 [Worker-100: Building] INFO  o.e.m.c.i.e.AbstractTransferListenerAdapter - Downloading https://repo.maven.apache.org/maven2/jakarta/servlet/jakarta.servlet-api/6.0.0/jakarta.servlet-api-6.0.0.jar
2025-04-11 14:01:01,143 [Worker-100: Building] INFO  o.e.m.c.i.e.AbstractTransferListenerAdapter - Downloaded https://repo.maven.apache.org/maven2/jakarta/servlet/jakarta.servlet-api/6.0.0/jakarta.servlet-api-6.0.0.jar
2025-04-11 14:01:01,860 [Worker-100: Building] WARN  o.a.m.s.f.DefaultMavenResourcesFiltering - Using platform encoding (UTF-8 actually) to copy filtered resources, i.e. build is platform dependent!
2025-04-11 14:01:01,876 [Worker-100: Building] INFO  o.a.m.s.f.DefaultMavenResourcesFiltering - Copying 0 resource from src\main\resources to target\classes
2025-04-11 14:01:01,883 [Worker-100: Building] WARN  o.a.m.s.f.DefaultMavenResourcesFiltering - Using platform encoding (UTF-8 actually) to copy filtered resources, i.e. build is platform dependent!
2025-04-11 14:01:01,887 [Worker-100: Building] INFO  o.a.m.s.f.DefaultMavenResourcesFiltering - Copying 0 resource from src\test\resources to target\test-classes
2025-04-11 14:01:02,496 [Worker-101: Download sources and javadoc] INFO  o.e.m.c.i.e.AbstractTransferListenerAdapter - Downloading https://repo.maven.apache.org/maven2/jakarta/servlet/jakarta.servlet-api/6.0.0/jakarta.servlet-api-6.0.0-sources.jar
2025-04-11 14:01:02,774 [Worker-101: Download sources and javadoc] INFO  o.e.m.c.i.e.AbstractTransferListenerAdapter - Downloaded https://repo.maven.apache.org/maven2/jakarta/servlet/jakarta.servlet-api/6.0.0/jakarta.servlet-api-6.0.0-sources.jar
2025-04-11 14:01:02,788 [Worker-101: Download sources and javadoc] INFO  o.e.m.j.internal.DownloadSourcesJob - Downloaded sources for jakarta.servlet:jakarta.servlet-api:6.0.0
2025-04-11 14:01:03,010 [Worker-97: Building] WARN  o.a.m.s.f.DefaultMavenResourcesFiltering - Using platform encoding (UTF-8 actually) to copy filtered resources, i.e. build is platform dependent!
2025-04-11 14:01:03,013 [Worker-97: Building] INFO  o.a.m.s.f.DefaultMavenResourcesFiltering - Copying 0 resource from src\main\resources to target\classes
2025-04-11 14:01:03,019 [Worker-97: Building] WARN  o.a.m.s.f.DefaultMavenResourcesFiltering - Using platform encoding (UTF-8 actually) to copy filtered resources, i.e. build is platform dependent!
2025-04-11 14:01:03,022 [Worker-97: Building] INFO  o.a.m.s.f.DefaultMavenResourcesFiltering - Copying 0 resource from src\test\resources to target\test-classes
2025-04-16 12:33:43,596 [Worker-4: Loading available Gradle versions] INFO  o.e.b.c.i.u.g.PublishedGradleVersions - Gradle version information cache is out-of-date. Trying to update.
2025-04-16 12:33:44,571 [Worker-4: Loading available Gradle versions] INFO  o.e.b.c.i.u.g.PublishedGradleVersions - Updating Gradle version information cache failed. Using outdated cache.
2025-04-16 12:54:03,448 [Worker-31: Updating Maven Project] INFO  o.e.m.c.i.p.ProjectConfigurationManager - Update started
2025-04-16 12:54:11,964 [Worker-31: Updating Maven Project] INFO  o.e.m.c.i.l.LifecycleMappingFactory - Using org.eclipse.m2e.jdt.JarLifecycleMapping lifecycle mapping for MavenProject: Demo_Project:Demo_Maven:0.0.1-SNAPSHOT @ C:\Users\Elango\Desktop\Advanced Java\J2EE\M87\JDBC\Demo_Maven\pom.xml.
2025-04-16 12:54:16,812 [Worker-31: Updating Maven Project] INFO  o.e.m.j.i.AbstractJavaProjectConfigurator - Adding source folder /Demo_Maven/src/main/java
2025-04-16 12:54:16,820 [Worker-31: Updating Maven Project] INFO  o.e.m.j.i.AbstractJavaProjectConfigurator - Adding resource folder /Demo_Maven/src/main/resources
2025-04-16 12:54:16,821 [Worker-31: Updating Maven Project] INFO  o.e.m.j.i.AbstractJavaProjectConfigurator - Adding source folder /Demo_Maven/src/test/java
2025-04-16 12:54:16,824 [Worker-31: Updating Maven Project] INFO  o.e.m.j.i.AbstractJavaProjectConfigurator - Adding resource folder /Demo_Maven/src/test/resources
2025-04-16 12:54:17,176 [Worker-31: Updating Maven Project] INFO  o.e.m.c.i.p.ProjectConfigurationManager - Update completed for 1 poms: local refresh takes 0.00 sec, refresh facades takes 12.00 sec, update config takes 1.00 sec 
2025-04-16 12:54:17,416 [Worker-35: Building] WARN  o.a.m.s.f.DefaultMavenResourcesFiltering - Using platform encoding (UTF-8 actually) to copy filtered resources, i.e. build is platform dependent!
2025-04-16 12:54:17,428 [Worker-35: Building] INFO  o.a.m.s.f.DefaultMavenResourcesFiltering - Copying 0 resource from src\main\resources to target\classes
2025-04-16 12:54:17,436 [Worker-35: Building] WARN  o.a.m.s.f.DefaultMavenResourcesFiltering - Using platform encoding (UTF-8 actually) to copy filtered resources, i.e. build is platform dependent!
2025-04-16 12:54:17,439 [Worker-35: Building] INFO  o.a.m.s.f.DefaultMavenResourcesFiltering - Copying 0 resource from src\test\resources to target\test-classes
2025-04-16 12:57:41,722 [Worker-35: Building] WARN  o.a.m.s.f.DefaultMavenResourcesFiltering - Using platform encoding (UTF-8 actually) to copy filtered resources, i.e. build is platform dependent!
2025-04-16 12:57:41,729 [Worker-35: Building] INFO  o.a.m.s.f.DefaultMavenResourcesFiltering - Copying 0 resource from src\main\resources to target\classes
2025-04-16 12:57:41,735 [Worker-35: Building] WARN  o.a.m.s.f.DefaultMavenResourcesFiltering - Using platform encoding (UTF-8 actually) to copy filtered resources, i.e. build is platform dependent!
2025-04-16 12:57:41,739 [Worker-35: Building] INFO  o.a.m.s.f.DefaultMavenResourcesFiltering - Copying 0 resource from src\test\resources to target\test-classes
2025-04-16 12:58:48,593 [Worker-31: Updating Maven Project] INFO  o.e.m.c.i.p.ProjectConfigurationManager - Update started
2025-04-16 12:58:49,207 [Worker-31: Updating Maven Project] INFO  o.e.m.c.i.l.LifecycleMappingFactory - Using org.eclipse.m2e.jdt.JarLifecycleMapping lifecycle mapping for MavenProject: Demo_Project:Demo_Maven:0.0.1-SNAPSHOT @ C:\Users\Elango\Desktop\Advanced Java\J2EE\M87\JDBC\Demo_Maven\pom.xml.
2025-04-16 12:58:49,597 [Worker-31: Updating Maven Project] INFO  o.e.m.j.i.AbstractJavaProjectConfigurator - Adding source folder /Demo_Maven/src/main/java
2025-04-16 12:58:49,600 [Worker-31: Updating Maven Project] INFO  o.e.m.j.i.AbstractJavaProjectConfigurator - Adding resource folder /Demo_Maven/src/main/resources
2025-04-16 12:58:49,602 [Worker-31: Updating Maven Project] INFO  o.e.m.j.i.AbstractJavaProjectConfigurator - Adding source folder /Demo_Maven/src/test/java
2025-04-16 12:58:49,605 [Worker-31: Updating Maven Project] INFO  o.e.m.j.i.AbstractJavaProjectConfigurator - Adding resource folder /Demo_Maven/src/test/resources
2025-04-16 12:58:49,753 [Worker-31: Updating Maven Project] INFO  o.e.m.c.i.p.ProjectConfigurationManager - Update completed for 1 poms: local refresh takes 0.00 sec, refresh facades takes 0.00 sec, update config takes 0.00 sec 
2025-04-16 12:58:49,926 [Worker-9: Building] WARN  o.a.m.s.f.DefaultMavenResourcesFiltering - Using platform encoding (UTF-8 actually) to copy filtered resources, i.e. build is platform dependent!
2025-04-16 12:58:49,929 [Worker-9: Building] INFO  o.a.m.s.f.DefaultMavenResourcesFiltering - Copying 0 resource from src\main\resources to target\classes
2025-04-16 12:58:49,940 [Worker-9: Building] WARN  o.a.m.s.f.DefaultMavenResourcesFiltering - Using platform encoding (UTF-8 actually) to copy filtered resources, i.e. build is platform dependent!
2025-04-16 12:58:49,943 [Worker-9: Building] INFO  o.a.m.s.f.DefaultMavenResourcesFiltering - Copying 0 resource from src\test\resources to target\test-classes
2025-04-16 13:30:11,697 [Worker-33: Retrieving archetypes:] INFO  o.a.http.impl.execchain.RetryExec - I/O exception (java.net.SocketException) caught when processing request to {s}->https://repo1.maven.org:443: Connection reset by peer
2025-04-16 13:30:11,714 [Worker-33: Retrieving archetypes:] INFO  o.a.http.impl.execchain.RetryExec - Retrying request to {s}->https://repo1.maven.org:443
2025-04-16 13:30:11,728 [Worker-33: Retrieving archetypes:] INFO  o.a.http.impl.execchain.RetryExec - I/O exception (java.net.SocketException) caught when processing request to {s}->https://repo1.maven.org:443: Permission denied: getsockopt
2025-04-16 13:30:11,728 [Worker-33: Retrieving archetypes:] INFO  o.a.http.impl.execchain.RetryExec - Retrying request to {s}->https://repo1.maven.org:443
2025-04-16 13:30:11,750 [Worker-33: Retrieving archetypes:] INFO  o.a.http.impl.execchain.RetryExec - I/O exception (java.net.SocketException) caught when processing request to {s}->https://repo1.maven.org:443: Permission denied: getsockopt
2025-04-16 13:30:11,751 [Worker-33: Retrieving archetypes:] INFO  o.a.http.impl.execchain.RetryExec - Retrying request to {s}->https://repo1.maven.org:443
2025-04-16 13:31:20,732 [ModalContext] INFO  o.e.m.c.i.e.AbstractTransferListenerAdapter - Downloading https://repo.maven.apache.org/maven2/org/apache/maven/archetypes/maven-archetype-webapp/1.0/maven-archetype-webapp-1.0.pom
2025-04-16 13:31:20,772 [ModalContext] INFO  o.e.m.c.i.e.AbstractTransferListenerAdapter - Downloaded https://repo.maven.apache.org/maven2/org/apache/maven/archetypes/maven-archetype-webapp/1.0/maven-archetype-webapp-1.0.pom
2025-04-16 13:31:21,397 [ModalContext] INFO  o.e.m.c.i.e.AbstractTransferListenerAdapter - Downloading https://repo.maven.apache.org/maven2/org/apache/maven/archetypes/maven-archetype-bundles/2/maven-archetype-bundles-2.pom
2025-04-16 13:31:21,411 [ModalContext] INFO  o.e.m.c.i.e.AbstractTransferListenerAdapter - Downloaded https://repo.maven.apache.org/maven2/org/apache/maven/archetypes/maven-archetype-bundles/2/maven-archetype-bundles-2.pom
2025-04-16 13:31:21,771 [ModalContext] INFO  o.e.m.c.i.e.AbstractTransferListenerAdapter - Downloading https://repo.maven.apache.org/maven2/org/apache/maven/archetype/maven-archetype-parent/1/maven-archetype-parent-1.pom
2025-04-16 13:31:21,785 [ModalContext] INFO  o.e.m.c.i.e.AbstractTransferListenerAdapter - Downloaded https://repo.maven.apache.org/maven2/org/apache/maven/archetype/maven-archetype-parent/1/maven-archetype-parent-1.pom
2025-04-16 13:31:22,169 [ModalContext] INFO  o.e.m.c.i.e.AbstractTransferListenerAdapter - Downloading https://repo.maven.apache.org/maven2/org/apache/maven/maven-parent/4/maven-parent-4.pom
2025-04-16 13:31:22,237 [ModalContext] INFO  o.e.m.c.i.e.AbstractTransferListenerAdapter - Downloaded https://repo.maven.apache.org/maven2/org/apache/maven/maven-parent/4/maven-parent-4.pom
2025-04-16 13:31:22,567 [ModalContext] INFO  o.e.m.c.i.e.AbstractTransferListenerAdapter - Downloading https://repo.maven.apache.org/maven2/org/apache/apache/3/apache-3.pom
2025-04-16 13:31:22,581 [ModalContext] INFO  o.e.m.c.i.e.AbstractTransferListenerAdapter - Downloaded https://repo.maven.apache.org/maven2/org/apache/apache/3/apache-3.pom
2025-04-16 13:31:23,170 [ModalContext] INFO  o.e.m.c.i.e.AbstractTransferListenerAdapter - Downloading https://repo.maven.apache.org/maven2/org/apache/maven/archetypes/maven-archetype-webapp/1.0/maven-archetype-webapp-1.0.jar
2025-04-16 13:31:23,183 [ModalContext] INFO  o.e.m.c.i.e.AbstractTransferListenerAdapter - Downloaded https://repo.maven.apache.org/maven2/org/apache/maven/archetypes/maven-archetype-webapp/1.0/maven-archetype-webapp-1.0.jar
2025-04-16 13:32:08,207 [Worker-33: Launching mavenrun-cdeb2bfb-95ca-4331-b1f4-4b74dd47f71f] INFO  o.eclipse.m2e.core.internal.Bundles - getClasspathEntries(Bundle=org.eclipse.m2e.maven.runtime_3.9.900.20240824-1409 [638])
2025-04-16 13:32:08,219 [Worker-33: Launching mavenrun-cdeb2bfb-95ca-4331-b1f4-4b74dd47f71f] INFO  o.eclipse.m2e.core.internal.Bundles - 	Entry: C:\Users\Elango\.p2\pool\plugins\org.eclipse.m2e.maven.runtime_3.9.900.20240824-1409
2025-04-16 13:32:08,220 [Worker-33: Launching mavenrun-cdeb2bfb-95ca-4331-b1f4-4b74dd47f71f] INFO  o.eclipse.m2e.core.internal.Bundles - 	Entry: C:\Users\Elango\.p2\pool\plugins\org.eclipse.m2e.maven.runtime_3.9.900.20240824-1409\jars\aopalliance-1.0.jar
2025-04-16 13:32:08,221 [Worker-33: Launching mavenrun-cdeb2bfb-95ca-4331-b1f4-4b74dd47f71f] INFO  o.eclipse.m2e.core.internal.Bundles - 	Entry: C:\Users\Elango\.p2\pool\plugins\org.eclipse.m2e.maven.runtime_3.9.900.20240824-1409\jars\guice-5.1.0.jar
2025-04-16 13:32:08,222 [Worker-33: Launching mavenrun-cdeb2bfb-95ca-4331-b1f4-4b74dd47f71f] INFO  o.eclipse.m2e.core.internal.Bundles - 	Entry: C:\Users\Elango\.p2\pool\plugins\org.eclipse.m2e.maven.runtime_3.9.900.20240824-1409\jars\httpclient-4.5.14.jar
2025-04-16 13:32:08,222 [Worker-33: Launching mavenrun-cdeb2bfb-95ca-4331-b1f4-4b74dd47f71f] INFO  o.eclipse.m2e.core.internal.Bundles - 	Entry: C:\Users\Elango\.p2\pool\plugins\org.eclipse.m2e.maven.runtime_3.9.900.20240824-1409\jars\httpcore-4.4.16.jar
2025-04-16 13:32:08,223 [Worker-33: Launching mavenrun-cdeb2bfb-95ca-4331-b1f4-4b74dd47f71f] INFO  o.eclipse.m2e.core.internal.Bundles - 	Entry: C:\Users\Elango\.p2\pool\plugins\org.eclipse.m2e.maven.runtime_3.9.900.20240824-1409\jars\jansi-2.4.1.jar
2025-04-16 13:32:08,223 [Worker-33: Launching mavenrun-cdeb2bfb-95ca-4331-b1f4-4b74dd47f71f] INFO  o.eclipse.m2e.core.internal.Bundles - 	Entry: C:\Users\Elango\.p2\pool\plugins\org.eclipse.m2e.maven.runtime_3.9.900.20240824-1409\jars\jcl-over-slf4j-1.7.36.jar
2025-04-16 13:32:08,223 [Worker-33: Launching mavenrun-cdeb2bfb-95ca-4331-b1f4-4b74dd47f71f] INFO  o.eclipse.m2e.core.internal.Bundles - 	Entry: C:\Users\Elango\.p2\pool\plugins\org.eclipse.m2e.maven.runtime_3.9.900.20240824-1409\jars\maven-artifact-3.9.9.jar
2025-04-16 13:32:08,224 [Worker-33: Launching mavenrun-cdeb2bfb-95ca-4331-b1f4-4b74dd47f71f] INFO  o.eclipse.m2e.core.internal.Bundles - 	Entry: C:\Users\Elango\.p2\pool\plugins\org.eclipse.m2e.maven.runtime_3.9.900.20240824-1409\jars\maven-builder-support-3.9.9.jar
2025-04-16 13:32:08,224 [Worker-33: Launching mavenrun-cdeb2bfb-95ca-4331-b1f4-4b74dd47f71f] INFO  o.eclipse.m2e.core.internal.Bundles - 	Entry: C:\Users\Elango\.p2\pool\plugins\org.eclipse.m2e.maven.runtime_3.9.900.20240824-1409\jars\maven-compat-3.9.9.jar
2025-04-16 13:32:08,224 [Worker-33: Launching mavenrun-cdeb2bfb-95ca-4331-b1f4-4b74dd47f71f] INFO  o.eclipse.m2e.core.internal.Bundles - 	Entry: C:\Users\Elango\.p2\pool\plugins\org.eclipse.m2e.maven.runtime_3.9.900.20240824-1409\jars\maven-core-3.9.9.jar
2025-04-16 13:32:08,225 [Worker-33: Launching mavenrun-cdeb2bfb-95ca-4331-b1f4-4b74dd47f71f] INFO  o.eclipse.m2e.core.internal.Bundles - 	Entry: C:\Users\Elango\.p2\pool\plugins\org.eclipse.m2e.maven.runtime_3.9.900.20240824-1409\jars\maven-embedder-3.9.9.jar
2025-04-16 13:32:08,225 [Worker-33: Launching mavenrun-cdeb2bfb-95ca-4331-b1f4-4b74dd47f71f] INFO  o.eclipse.m2e.core.internal.Bundles - 	Entry: C:\Users\Elango\.p2\pool\plugins\org.eclipse.m2e.maven.runtime_3.9.900.20240824-1409\jars\maven-model-3.9.9.jar
2025-04-16 13:32:08,225 [Worker-33: Launching mavenrun-cdeb2bfb-95ca-4331-b1f4-4b74dd47f71f] INFO  o.eclipse.m2e.core.internal.Bundles - 	Entry: C:\Users\Elango\.p2\pool\plugins\org.eclipse.m2e.maven.runtime_3.9.900.20240824-1409\jars\maven-model-builder-3.9.9.jar
2025-04-16 13:32:08,226 [Worker-33: Launching mavenrun-cdeb2bfb-95ca-4331-b1f4-4b74dd47f71f] INFO  o.eclipse.m2e.core.internal.Bundles - 	Entry: C:\Users\Elango\.p2\pool\plugins\org.eclipse.m2e.maven.runtime_3.9.900.20240824-1409\jars\maven-plugin-api-3.9.9.jar
2025-04-16 13:32:08,226 [Worker-33: Launching mavenrun-cdeb2bfb-95ca-4331-b1f4-4b74dd47f71f] INFO  o.eclipse.m2e.core.internal.Bundles - 	Entry: C:\Users\Elango\.p2\pool\plugins\org.eclipse.m2e.maven.runtime_3.9.900.20240824-1409\jars\maven-repository-metadata-3.9.9.jar
2025-04-16 13:32:08,227 [Worker-33: Launching mavenrun-cdeb2bfb-95ca-4331-b1f4-4b74dd47f71f] INFO  o.eclipse.m2e.core.internal.Bundles - 	Entry: C:\Users\Elango\.p2\pool\plugins\org.eclipse.m2e.maven.runtime_3.9.900.20240824-1409\jars\maven-resolver-api-1.9.22.jar
2025-04-16 13:32:08,227 [Worker-33: Launching mavenrun-cdeb2bfb-95ca-4331-b1f4-4b74dd47f71f] INFO  o.eclipse.m2e.core.internal.Bundles - 	Entry: C:\Users\Elango\.p2\pool\plugins\org.eclipse.m2e.maven.runtime_3.9.900.20240824-1409\jars\maven-resolver-connector-basic-1.9.22.jar
2025-04-16 13:32:08,227 [Worker-33: Launching mavenrun-cdeb2bfb-95ca-4331-b1f4-4b74dd47f71f] INFO  o.eclipse.m2e.core.internal.Bundles - 	Entry: C:\Users\Elango\.p2\pool\plugins\org.eclipse.m2e.maven.runtime_3.9.900.20240824-1409\jars\maven-resolver-impl-1.9.22.jar
2025-04-16 13:32:08,228 [Worker-33: Launching mavenrun-cdeb2bfb-95ca-4331-b1f4-4b74dd47f71f] INFO  o.eclipse.m2e.core.internal.Bundles - 	Entry: C:\Users\Elango\.p2\pool\plugins\org.eclipse.m2e.maven.runtime_3.9.900.20240824-1409\jars\maven-resolver-named-locks-1.9.22.jar
2025-04-16 13:32:08,228 [Worker-33: Launching mavenrun-cdeb2bfb-95ca-4331-b1f4-4b74dd47f71f] INFO  o.eclipse.m2e.core.internal.Bundles - 	Entry: C:\Users\Elango\.p2\pool\plugins\org.eclipse.m2e.maven.runtime_3.9.900.20240824-1409\jars\maven-resolver-provider-3.9.9.jar
2025-04-16 13:32:08,229 [Worker-33: Launching mavenrun-cdeb2bfb-95ca-4331-b1f4-4b74dd47f71f] INFO  o.eclipse.m2e.core.internal.Bundles - 	Entry: C:\Users\Elango\.p2\pool\plugins\org.eclipse.m2e.maven.runtime_3.9.900.20240824-1409\jars\maven-resolver-spi-1.9.22.jar
2025-04-16 13:32:08,229 [Worker-33: Launching mavenrun-cdeb2bfb-95ca-4331-b1f4-4b74dd47f71f] INFO  o.eclipse.m2e.core.internal.Bundles - 	Entry: C:\Users\Elango\.p2\pool\plugins\org.eclipse.m2e.maven.runtime_3.9.900.20240824-1409\jars\maven-resolver-transport-file-1.9.22.jar
2025-04-16 13:32:08,230 [Worker-33: Launching mavenrun-cdeb2bfb-95ca-4331-b1f4-4b74dd47f71f] INFO  o.eclipse.m2e.core.internal.Bundles - 	Entry: C:\Users\Elango\.p2\pool\plugins\org.eclipse.m2e.maven.runtime_3.9.900.20240824-1409\jars\maven-resolver-transport-http-1.9.22.jar
2025-04-16 13:32:08,230 [Worker-33: Launching mavenrun-cdeb2bfb-95ca-4331-b1f4-4b74dd47f71f] INFO  o.eclipse.m2e.core.internal.Bundles - 	Entry: C:\Users\Elango\.p2\pool\plugins\org.eclipse.m2e.maven.runtime_3.9.900.20240824-1409\jars\maven-resolver-transport-wagon-1.9.22.jar
2025-04-16 13:32:08,230 [Worker-33: Launching mavenrun-cdeb2bfb-95ca-4331-b1f4-4b74dd47f71f] INFO  o.eclipse.m2e.core.internal.Bundles - 	Entry: C:\Users\Elango\.p2\pool\plugins\org.eclipse.m2e.maven.runtime_3.9.900.20240824-1409\jars\maven-resolver-util-1.9.22.jar
2025-04-16 13:32:08,230 [Worker-33: Launching mavenrun-cdeb2bfb-95ca-4331-b1f4-4b74dd47f71f] INFO  o.eclipse.m2e.core.internal.Bundles - 	Entry: C:\Users\Elango\.p2\pool\plugins\org.eclipse.m2e.maven.runtime_3.9.900.20240824-1409\jars\maven-settings-3.9.9.jar
2025-04-16 13:32:08,231 [Worker-33: Launching mavenrun-cdeb2bfb-95ca-4331-b1f4-4b74dd47f71f] INFO  o.eclipse.m2e.core.internal.Bundles - 	Entry: C:\Users\Elango\.p2\pool\plugins\org.eclipse.m2e.maven.runtime_3.9.900.20240824-1409\jars\maven-settings-builder-3.9.9.jar
2025-04-16 13:32:08,231 [Worker-33: Launching mavenrun-cdeb2bfb-95ca-4331-b1f4-4b74dd47f71f] INFO  o.eclipse.m2e.core.internal.Bundles - 	Entry: C:\Users\Elango\.p2\pool\plugins\org.eclipse.m2e.maven.runtime_3.9.900.20240824-1409\jars\maven-shared-utils-3.4.2.jar
2025-04-16 13:32:08,232 [Worker-33: Launching mavenrun-cdeb2bfb-95ca-4331-b1f4-4b74dd47f71f] INFO  o.eclipse.m2e.core.internal.Bundles - 	Entry: C:\Users\Elango\.p2\pool\plugins\org.eclipse.m2e.maven.runtime_3.9.900.20240824-1409\jars\org.eclipse.sisu.inject-0.9.0.M3.jar
2025-04-16 13:32:08,232 [Worker-33: Launching mavenrun-cdeb2bfb-95ca-4331-b1f4-4b74dd47f71f] INFO  o.eclipse.m2e.core.internal.Bundles - 	Entry: C:\Users\Elango\.p2\pool\plugins\org.eclipse.m2e.maven.runtime_3.9.900.20240824-1409\jars\org.eclipse.sisu.plexus-0.9.0.M3.jar
2025-04-16 13:32:08,232 [Worker-33: Launching mavenrun-cdeb2bfb-95ca-4331-b1f4-4b74dd47f71f] INFO  o.eclipse.m2e.core.internal.Bundles - 	Entry: C:\Users\Elango\.p2\pool\plugins\org.eclipse.m2e.maven.runtime_3.9.900.20240824-1409\jars\plexus-build-api-0.0.7.jar
2025-04-16 13:32:08,233 [Worker-33: Launching mavenrun-cdeb2bfb-95ca-4331-b1f4-4b74dd47f71f] INFO  o.eclipse.m2e.core.internal.Bundles - 	Entry: C:\Users\Elango\.p2\pool\plugins\org.eclipse.m2e.maven.runtime_3.9.900.20240824-1409\jars\plexus-build-api-1.2.0.jar
2025-04-16 13:32:08,233 [Worker-33: Launching mavenrun-cdeb2bfb-95ca-4331-b1f4-4b74dd47f71f] INFO  o.eclipse.m2e.core.internal.Bundles - 	Entry: C:\Users\Elango\.p2\pool\plugins\org.eclipse.m2e.maven.runtime_3.9.900.20240824-1409\jars\plexus-cipher-2.0.jar
2025-04-16 13:32:08,233 [Worker-33: Launching mavenrun-cdeb2bfb-95ca-4331-b1f4-4b74dd47f71f] INFO  o.eclipse.m2e.core.internal.Bundles - 	Entry: C:\Users\Elango\.p2\pool\plugins\org.eclipse.m2e.maven.runtime_3.9.900.20240824-1409\jars\plexus-classworlds-2.8.0.jar
2025-04-16 13:32:08,234 [Worker-33: Launching mavenrun-cdeb2bfb-95ca-4331-b1f4-4b74dd47f71f] INFO  o.eclipse.m2e.core.internal.Bundles - 	Entry: C:\Users\Elango\.p2\pool\plugins\org.eclipse.m2e.maven.runtime_3.9.900.20240824-1409\jars\plexus-component-annotations-2.1.0.jar
2025-04-16 13:32:08,234 [Worker-33: Launching mavenrun-cdeb2bfb-95ca-4331-b1f4-4b74dd47f71f] INFO  o.eclipse.m2e.core.internal.Bundles - 	Entry: C:\Users\Elango\.p2\pool\plugins\org.eclipse.m2e.maven.runtime_3.9.900.20240824-1409\jars\plexus-interpolation-1.27.jar
2025-04-16 13:32:08,235 [Worker-33: Launching mavenrun-cdeb2bfb-95ca-4331-b1f4-4b74dd47f71f] INFO  o.eclipse.m2e.core.internal.Bundles - 	Entry: C:\Users\Elango\.p2\pool\plugins\org.eclipse.m2e.maven.runtime_3.9.900.20240824-1409\jars\plexus-sec-dispatcher-2.0.jar
2025-04-16 13:32:08,235 [Worker-33: Launching mavenrun-cdeb2bfb-95ca-4331-b1f4-4b74dd47f71f] INFO  o.eclipse.m2e.core.internal.Bundles - 	Entry: C:\Users\Elango\.p2\pool\plugins\org.eclipse.m2e.maven.runtime_3.9.900.20240824-1409\jars\plexus-utils-3.5.1.jar
2025-04-16 13:32:08,236 [Worker-33: Launching mavenrun-cdeb2bfb-95ca-4331-b1f4-4b74dd47f71f] INFO  o.eclipse.m2e.core.internal.Bundles - 	Entry: C:\Users\Elango\.p2\pool\plugins\org.eclipse.m2e.maven.runtime_3.9.900.20240824-1409\jars\plexus-xml-3.0.1.jar
2025-04-16 13:32:08,236 [Worker-33: Launching mavenrun-cdeb2bfb-95ca-4331-b1f4-4b74dd47f71f] INFO  o.eclipse.m2e.core.internal.Bundles - 	Entry: C:\Users\Elango\.p2\pool\plugins\org.eclipse.m2e.maven.runtime_3.9.900.20240824-1409\jars\wagon-file-3.5.3.jar
2025-04-16 13:32:08,237 [Worker-33: Launching mavenrun-cdeb2bfb-95ca-4331-b1f4-4b74dd47f71f] INFO  o.eclipse.m2e.core.internal.Bundles - 	Entry: C:\Users\Elango\.p2\pool\plugins\org.eclipse.m2e.maven.runtime_3.9.900.20240824-1409\jars\wagon-http-3.5.3.jar
2025-04-16 13:32:08,237 [Worker-33: Launching mavenrun-cdeb2bfb-95ca-4331-b1f4-4b74dd47f71f] INFO  o.eclipse.m2e.core.internal.Bundles - 	Entry: C:\Users\Elango\.p2\pool\plugins\org.eclipse.m2e.maven.runtime_3.9.900.20240824-1409\jars\wagon-http-shared-3.5.3.jar
2025-04-16 13:32:08,237 [Worker-33: Launching mavenrun-cdeb2bfb-95ca-4331-b1f4-4b74dd47f71f] INFO  o.eclipse.m2e.core.internal.Bundles - 	Entry: C:\Users\Elango\.p2\pool\plugins\org.eclipse.m2e.maven.runtime_3.9.900.20240824-1409\jars\wagon-provider-api-3.5.3.jar
2025-04-16 13:32:08,247 [Worker-33: Launching mavenrun-cdeb2bfb-95ca-4331-b1f4-4b74dd47f71f] INFO  o.eclipse.m2e.core.internal.Bundles - getClasspathEntries(Bundle=com.google.guava_33.3.1.jre [16])
2025-04-16 13:32:08,249 [Worker-33: Launching mavenrun-cdeb2bfb-95ca-4331-b1f4-4b74dd47f71f] INFO  o.eclipse.m2e.core.internal.Bundles - 	Entry: C:\Users\Elango\.p2\pool\plugins\com.google.guava_33.3.1.jre.jar
2025-04-16 13:32:08,249 [Worker-33: Launching mavenrun-cdeb2bfb-95ca-4331-b1f4-4b74dd47f71f] INFO  o.eclipse.m2e.core.internal.Bundles - getClasspathEntries(Bundle=slf4j.api_2.0.16 [1005])
2025-04-16 13:32:08,251 [Worker-33: Launching mavenrun-cdeb2bfb-95ca-4331-b1f4-4b74dd47f71f] INFO  o.eclipse.m2e.core.internal.Bundles - 	Entry: C:\Users\Elango\.p2\pool\plugins\slf4j.api_2.0.16.jar
2025-04-16 13:32:08,251 [Worker-33: Launching mavenrun-cdeb2bfb-95ca-4331-b1f4-4b74dd47f71f] INFO  o.eclipse.m2e.core.internal.Bundles - getClasspathEntries(Bundle=jakarta.inject.jakarta.inject-api_1.0.5 [34])
2025-04-16 13:32:08,253 [Worker-33: Launching mavenrun-cdeb2bfb-95ca-4331-b1f4-4b74dd47f71f] INFO  o.eclipse.m2e.core.internal.Bundles - 	Entry: C:\Users\Elango\.p2\pool\plugins\jakarta.inject.jakarta.inject-api_1.0.5.jar
2025-04-16 13:32:08,253 [Worker-33: Launching mavenrun-cdeb2bfb-95ca-4331-b1f4-4b74dd47f71f] INFO  o.eclipse.m2e.core.internal.Bundles - getClasspathEntries(Bundle=jakarta.annotation-api_1.3.5 [29])
2025-04-16 13:32:08,254 [Worker-33: Launching mavenrun-cdeb2bfb-95ca-4331-b1f4-4b74dd47f71f] INFO  o.eclipse.m2e.core.internal.Bundles - 	Entry: C:\Users\Elango\.p2\pool\plugins\jakarta.annotation-api_1.3.5.jar
2025-04-16 13:32:08,254 [Worker-33: Launching mavenrun-cdeb2bfb-95ca-4331-b1f4-4b74dd47f71f] INFO  o.eclipse.m2e.core.internal.Bundles - getClasspathEntries(Bundle=org.apache.commons.cli_1.9.0 [75])
2025-04-16 13:32:08,255 [Worker-33: Launching mavenrun-cdeb2bfb-95ca-4331-b1f4-4b74dd47f71f] INFO  o.eclipse.m2e.core.internal.Bundles - 	Entry: C:\Users\Elango\.p2\pool\plugins\org.apache.commons.cli_1.9.0.jar
2025-04-16 13:32:08,256 [Worker-33: Launching mavenrun-cdeb2bfb-95ca-4331-b1f4-4b74dd47f71f] INFO  o.eclipse.m2e.core.internal.Bundles - getClasspathEntries(Bundle=org.apache.commons.commons-codec_1.16.0 [78])
2025-04-16 13:32:08,257 [Worker-33: Launching mavenrun-cdeb2bfb-95ca-4331-b1f4-4b74dd47f71f] INFO  o.eclipse.m2e.core.internal.Bundles - 	Entry: C:\Users\Elango\.p2\pool\plugins\org.apache.commons.commons-codec_1.16.0.jar
2025-04-16 13:32:08,257 [Worker-33: Launching mavenrun-cdeb2bfb-95ca-4331-b1f4-4b74dd47f71f] INFO  o.eclipse.m2e.core.internal.Bundles - getClasspathEntries(Bundle=com.google.guava.failureaccess_1.0.2 [17])
2025-04-16 13:32:08,258 [Worker-33: Launching mavenrun-cdeb2bfb-95ca-4331-b1f4-4b74dd47f71f] INFO  o.eclipse.m2e.core.internal.Bundles - 	Entry: C:\Users\Elango\.p2\pool\plugins\com.google.guava.failureaccess_1.0.2.jar
2025-04-16 13:32:08,268 [Worker-33: Launching mavenrun-cdeb2bfb-95ca-4331-b1f4-4b74dd47f71f] INFO  o.e.m.i.launch.MavenLaunchDelegate - Run build in "C:\Users\Elango\AppData\Local\Temp\m2e-archetypeGenerator8237804509735854545":
2025-04-16 13:32:08,293 [Worker-33: Launching mavenrun-cdeb2bfb-95ca-4331-b1f4-4b74dd47f71f] INFO  o.e.m.i.launch.MavenLaunchDelegate -  mvn  -DarchetypeGroupId=org.apache.maven.archetypes -DarchetypeArtifactId=maven-archetype-webapp -DarchetypeVersion=1.0 -DgroupId=Demo -DartifactId=DemoProject -Dversion=0.0.1-SNAPSHOT -Dpackage=Demo.DemoProject -DoutputDirectory="C:\Users\Elango\Desktop\Advanced Java\J2EE\M87\JDBC" -Dstyle.color=always -U archetype:generate
2025-04-16 13:34:45,112 [Worker-36: Creating maven-archetype-webapp] INFO  o.e.m.c.i.p.ProjectConfigurationManager - Collecting project info '/pom.xml' C:\Users\Elango\Desktop\Advanced Java\J2EE\M87\JDBC\DemoProject\pom.xml
2025-04-16 13:34:46,414 [Worker-36: Creating maven-archetype-webapp] INFO  o.e.m.c.i.e.AbstractTransferListenerAdapter - Downloading https://repo.maven.apache.org/maven2/org/apache/maven/plugins/maven-war-plugin/3.4.0/maven-war-plugin-3.4.0.jar
2025-04-16 13:34:46,478 [Worker-36: Creating maven-archetype-webapp] INFO  o.e.m.c.i.e.AbstractTransferListenerAdapter - Downloaded https://repo.maven.apache.org/maven2/org/apache/maven/plugins/maven-war-plugin/3.4.0/maven-war-plugin-3.4.0.jar
2025-04-16 13:34:47,049 [Worker-36: Creating maven-archetype-webapp] INFO  o.e.m.c.i.l.LifecycleMappingFactory - Using org.maven.ide.eclipse.wtp.WarLifecycleMapping lifecycle mapping for MavenProject: Demo:DemoProject:0.0.1-SNAPSHOT @ C:\Users\Elango\Desktop\Advanced Java\J2EE\M87\JDBC\DemoProject\pom.xml.
2025-04-16 13:34:48,037 [Worker-36: Creating maven-archetype-webapp] INFO  o.e.m.c.i.e.AbstractTransferListenerAdapter - Downloading https://repo.maven.apache.org/maven2/junit/junit/3.8.1/junit-3.8.1.pom
2025-04-16 13:34:48,048 [Worker-36: Creating maven-archetype-webapp] INFO  o.e.m.c.i.e.AbstractTransferListenerAdapter - Downloaded https://repo.maven.apache.org/maven2/junit/junit/3.8.1/junit-3.8.1.pom
2025-04-16 13:34:51,095 [Worker-36: Creating maven-archetype-webapp] INFO  o.e.m.c.i.e.AbstractTransferListenerAdapter - Downloading https://repo.maven.apache.org/maven2/junit/junit/3.8.1/junit-3.8.1.jar
2025-04-16 13:34:51,127 [Worker-36: Creating maven-archetype-webapp] INFO  o.e.m.c.i.e.AbstractTransferListenerAdapter - Downloaded https://repo.maven.apache.org/maven2/junit/junit/3.8.1/junit-3.8.1.jar
2025-04-16 13:34:53,456 [Worker-36: Creating maven-archetype-webapp] INFO  o.e.m.c.i.e.AbstractTransferListenerAdapter - Downloading https://repo.maven.apache.org/maven2/org/apache/maven/plugins/maven-war-plugin/3.4.0/maven-war-plugin-3.4.0.pom
2025-04-16 13:34:53,467 [Worker-36: Creating maven-archetype-webapp] INFO  o.e.m.c.i.e.AbstractTransferListenerAdapter - Downloaded https://repo.maven.apache.org/maven2/org/apache/maven/plugins/maven-war-plugin/3.4.0/maven-war-plugin-3.4.0.pom
2025-04-16 13:34:56,162 [Worker-36: Creating maven-archetype-webapp] INFO  o.e.m.c.i.e.AbstractTransferListenerAdapter - Downloading https://repo.maven.apache.org/maven2/org/apache/maven/maven-archiver/3.6.0/maven-archiver-3.6.0.pom
2025-04-16 13:34:56,174 [Worker-36: Creating maven-archetype-webapp] INFO  o.e.m.c.i.e.AbstractTransferListenerAdapter - Downloaded https://repo.maven.apache.org/maven2/org/apache/maven/maven-archiver/3.6.0/maven-archiver-3.6.0.pom
2025-04-16 13:34:56,770 [Worker-36: Creating maven-archetype-webapp] INFO  o.e.m.c.i.e.AbstractTransferListenerAdapter - Downloading https://repo.maven.apache.org/maven2/org/codehaus/plexus/plexus-io/3.4.0/plexus-io-3.4.0.pom
2025-04-16 13:34:56,782 [Worker-36: Creating maven-archetype-webapp] INFO  o.e.m.c.i.e.AbstractTransferListenerAdapter - Downloaded https://repo.maven.apache.org/maven2/org/codehaus/plexus/plexus-io/3.4.0/plexus-io-3.4.0.pom
2025-04-16 13:34:59,074 [Worker-36: Creating maven-archetype-webapp] INFO  o.e.m.c.i.e.AbstractTransferListenerAdapter - Downloading https://repo.maven.apache.org/maven2/org/codehaus/plexus/plexus-archiver/4.4.0/plexus-archiver-4.4.0.pom
2025-04-16 13:34:59,084 [Worker-36: Creating maven-archetype-webapp] INFO  o.e.m.c.i.e.AbstractTransferListenerAdapter - Downloaded https://repo.maven.apache.org/maven2/org/codehaus/plexus/plexus-archiver/4.4.0/plexus-archiver-4.4.0.pom
2025-04-16 13:35:00,115 [Worker-36: Creating maven-archetype-webapp] INFO  o.e.m.c.i.e.AbstractTransferListenerAdapter - Downloading https://repo.maven.apache.org/maven2/org/apache/commons/commons-compress/1.21/commons-compress-1.21.pom
2025-04-16 13:35:00,238 [Worker-36: Creating maven-archetype-webapp] INFO  o.e.m.c.i.e.AbstractTransferListenerAdapter - Downloaded https://repo.maven.apache.org/maven2/org/apache/commons/commons-compress/1.21/commons-compress-1.21.pom
2025-04-16 13:35:01,428 [Worker-36: Creating maven-archetype-webapp] INFO  o.e.m.c.i.e.AbstractTransferListenerAdapter - Downloading https://repo.maven.apache.org/maven2/commons-io/commons-io/2.13.0/commons-io-2.13.0.pom
2025-04-16 13:35:03,486 [Worker-36: Creating maven-archetype-webapp] INFO  o.e.m.c.i.e.AbstractTransferListenerAdapter - Downloaded https://repo.maven.apache.org/maven2/commons-io/commons-io/2.13.0/commons-io-2.13.0.pom
2025-04-16 13:35:04,141 [Worker-36: Creating maven-archetype-webapp] INFO  o.e.m.c.i.e.AbstractTransferListenerAdapter - Downloading https://repo.maven.apache.org/maven2/org/apache/commons/commons-parent/58/commons-parent-58.pom
2025-04-16 13:35:05,409 [Worker-36: Creating maven-archetype-webapp] INFO  o.e.m.c.i.e.AbstractTransferListenerAdapter - Downloaded https://repo.maven.apache.org/maven2/org/apache/commons/commons-parent/58/commons-parent-58.pom
2025-04-16 13:35:05,809 [Worker-36: Creating maven-archetype-webapp] INFO  o.e.m.c.i.e.AbstractTransferListenerAdapter - Downloading https://repo.maven.apache.org/maven2/org/codehaus/plexus/plexus-archiver/4.7.1/plexus-archiver-4.7.1.pom
2025-04-16 13:35:05,821 [Worker-36: Creating maven-archetype-webapp] INFO  o.e.m.c.i.e.AbstractTransferListenerAdapter - Downloaded https://repo.maven.apache.org/maven2/org/codehaus/plexus/plexus-archiver/4.7.1/plexus-archiver-4.7.1.pom
2025-04-16 13:35:06,494 [Worker-36: Creating maven-archetype-webapp] INFO  o.e.m.c.i.e.AbstractTransferListenerAdapter - Downloading https://repo.maven.apache.org/maven2/org/codehaus/plexus/plexus-io/3.4.1/plexus-io-3.4.1.pom
2025-04-16 13:35:06,514 [Worker-36: Creating maven-archetype-webapp] INFO  o.e.m.c.i.e.AbstractTransferListenerAdapter - Downloaded https://repo.maven.apache.org/maven2/org/codehaus/plexus/plexus-io/3.4.1/plexus-io-3.4.1.pom
2025-04-16 13:35:06,867 [Worker-36: Creating maven-archetype-webapp] INFO  o.e.m.c.i.e.AbstractTransferListenerAdapter - Downloading https://repo.maven.apache.org/maven2/org/apache/commons/commons-compress/1.23.0/commons-compress-1.23.0.pom
2025-04-16 13:35:06,877 [Worker-36: Creating maven-archetype-webapp] INFO  o.e.m.c.i.e.AbstractTransferListenerAdapter - Downloaded https://repo.maven.apache.org/maven2/org/apache/commons/commons-compress/1.23.0/commons-compress-1.23.0.pom
2025-04-16 13:35:07,497 [Worker-36: Creating maven-archetype-webapp] INFO  o.e.m.c.i.e.AbstractTransferListenerAdapter - Downloading https://repo.maven.apache.org/maven2/org/apache/commons/commons-parent/56/commons-parent-56.pom
2025-04-16 13:35:07,521 [Worker-36: Creating maven-archetype-webapp] INFO  o.e.m.c.i.e.AbstractTransferListenerAdapter - Downloaded https://repo.maven.apache.org/maven2/org/apache/commons/commons-parent/56/commons-parent-56.pom
2025-04-16 13:35:07,947 [Worker-36: Creating maven-archetype-webapp] INFO  o.e.m.c.i.e.AbstractTransferListenerAdapter - Downloading https://repo.maven.apache.org/maven2/org/junit/junit-bom/5.9.1/junit-bom-5.9.1.pom
2025-04-16 13:35:07,970 [Worker-36: Creating maven-archetype-webapp] INFO  o.e.m.c.i.e.AbstractTransferListenerAdapter - Downloaded https://repo.maven.apache.org/maven2/org/junit/junit-bom/5.9.1/junit-bom-5.9.1.pom
2025-04-16 13:35:08,351 [Worker-36: Creating maven-archetype-webapp] INFO  o.e.m.c.i.e.AbstractTransferListenerAdapter - Downloading https://repo.maven.apache.org/maven2/com/github/luben/zstd-jni/1.5.5-2/zstd-jni-1.5.5-2.pom
2025-04-16 13:35:08,363 [Worker-36: Creating maven-archetype-webapp] INFO  o.e.m.c.i.e.AbstractTransferListenerAdapter - Downloaded https://repo.maven.apache.org/maven2/com/github/luben/zstd-jni/1.5.5-2/zstd-jni-1.5.5-2.pom
2025-04-16 13:35:09,500 [Worker-36: Creating maven-archetype-webapp] INFO  o.e.m.c.i.e.AbstractTransferListenerAdapter - Downloading https://repo.maven.apache.org/maven2/org/apache/maven/shared/maven-mapping/3.0.0/maven-mapping-3.0.0.pom
2025-04-16 13:35:09,511 [Worker-36: Creating maven-archetype-webapp] INFO  o.e.m.c.i.e.AbstractTransferListenerAdapter - Downloaded https://repo.maven.apache.org/maven2/org/apache/maven/shared/maven-mapping/3.0.0/maven-mapping-3.0.0.pom
2025-04-16 13:35:10,214 [Worker-36: Creating maven-archetype-webapp] INFO  o.e.m.c.i.e.AbstractTransferListenerAdapter - Downloading https://repo.maven.apache.org/maven2/org/apache/maven/shared/maven-shared-components/22/maven-shared-components-22.pom
2025-04-16 13:35:10,233 [Worker-36: Creating maven-archetype-webapp] INFO  o.e.m.c.i.e.AbstractTransferListenerAdapter - Downloaded https://repo.maven.apache.org/maven2/org/apache/maven/shared/maven-shared-components/22/maven-shared-components-22.pom
2025-04-16 13:35:10,553 [Worker-36: Creating maven-archetype-webapp] INFO  o.e.m.c.i.e.AbstractTransferListenerAdapter - Downloading https://repo.maven.apache.org/maven2/org/apache/maven/maven-parent/27/maven-parent-27.pom
2025-04-16 13:35:10,571 [Worker-36: Creating maven-archetype-webapp] INFO  o.e.m.c.i.e.AbstractTransferListenerAdapter - Downloaded https://repo.maven.apache.org/maven2/org/apache/maven/maven-parent/27/maven-parent-27.pom
2025-04-16 13:35:11,150 [Worker-36: Creating maven-archetype-webapp] INFO  o.e.m.c.i.e.AbstractTransferListenerAdapter - Downloading https://repo.maven.apache.org/maven2/org/apache/apache/17/apache-17.pom
2025-04-16 13:35:11,163 [Worker-36: Creating maven-archetype-webapp] INFO  o.e.m.c.i.e.AbstractTransferListenerAdapter - Downloaded https://repo.maven.apache.org/maven2/org/apache/apache/17/apache-17.pom
2025-04-16 13:35:11,603 [Worker-36: Creating maven-archetype-webapp] INFO  o.e.m.c.i.e.AbstractTransferListenerAdapter - Downloading https://repo.maven.apache.org/maven2/org/apache/maven/maven-settings/3.2.5/maven-settings-3.2.5.pom
2025-04-16 13:35:11,617 [Worker-36: Creating maven-archetype-webapp] INFO  o.e.m.c.i.e.AbstractTransferListenerAdapter - Downloaded https://repo.maven.apache.org/maven2/org/apache/maven/maven-settings/3.2.5/maven-settings-3.2.5.pom
2025-04-16 13:35:11,940 [Worker-36: Creating maven-archetype-webapp] INFO  o.e.m.c.i.e.AbstractTransferListenerAdapter - Downloading https://repo.maven.apache.org/maven2/org/apache/maven/maven/3.2.5/maven-3.2.5.pom
2025-04-16 13:35:11,954 [Worker-36: Creating maven-archetype-webapp] INFO  o.e.m.c.i.e.AbstractTransferListenerAdapter - Downloaded https://repo.maven.apache.org/maven2/org/apache/maven/maven/3.2.5/maven-3.2.5.pom
2025-04-16 13:35:12,572 [Worker-36: Creating maven-archetype-webapp] INFO  o.e.m.c.i.e.AbstractTransferListenerAdapter - Downloading https://repo.maven.apache.org/maven2/org/codehaus/plexus/plexus-component-annotations/1.5.5/plexus-component-annotations-1.5.5.pom
2025-04-16 13:35:12,583 [Worker-36: Creating maven-archetype-webapp] INFO  o.e.m.c.i.e.AbstractTransferListenerAdapter - Downloaded https://repo.maven.apache.org/maven2/org/codehaus/plexus/plexus-component-annotations/1.5.5/plexus-component-annotations-1.5.5.pom
2025-04-16 13:35:12,967 [Worker-36: Creating maven-archetype-webapp] INFO  o.e.m.c.i.e.AbstractTransferListenerAdapter - Downloading https://repo.maven.apache.org/maven2/org/codehaus/plexus/plexus-containers/1.5.5/plexus-containers-1.5.5.pom
2025-04-16 13:35:12,978 [Worker-36: Creating maven-archetype-webapp] INFO  o.e.m.c.i.e.AbstractTransferListenerAdapter - Downloaded https://repo.maven.apache.org/maven2/org/codehaus/plexus/plexus-containers/1.5.5/plexus-containers-1.5.5.pom
2025-04-16 13:35:13,466 [Worker-36: Creating maven-archetype-webapp] INFO  o.e.m.c.i.e.AbstractTransferListenerAdapter - Downloading https://repo.maven.apache.org/maven2/org/codehaus/plexus/plexus-component-annotations/1.5.4/plexus-component-annotations-1.5.4.pom
2025-04-16 13:35:13,477 [Worker-36: Creating maven-archetype-webapp] INFO  o.e.m.c.i.e.AbstractTransferListenerAdapter - Downloaded https://repo.maven.apache.org/maven2/org/codehaus/plexus/plexus-component-annotations/1.5.4/plexus-component-annotations-1.5.4.pom
2025-04-16 13:35:13,805 [Worker-36: Creating maven-archetype-webapp] INFO  o.e.m.c.i.e.AbstractTransferListenerAdapter - Downloading https://repo.maven.apache.org/maven2/org/codehaus/plexus/plexus-containers/1.5.4/plexus-containers-1.5.4.pom
2025-04-16 13:35:13,817 [Worker-36: Creating maven-archetype-webapp] INFO  o.e.m.c.i.e.AbstractTransferListenerAdapter - Downloaded https://repo.maven.apache.org/maven2/org/codehaus/plexus/plexus-containers/1.5.4/plexus-containers-1.5.4.pom
2025-04-16 13:35:14,165 [Worker-36: Creating maven-archetype-webapp] INFO  o.e.m.c.i.e.AbstractTransferListenerAdapter - Downloading https://repo.maven.apache.org/maven2/org/codehaus/plexus/plexus/2.0.5/plexus-2.0.5.pom
2025-04-16 13:35:14,177 [Worker-36: Creating maven-archetype-webapp] INFO  o.e.m.c.i.e.AbstractTransferListenerAdapter - Downloaded https://repo.maven.apache.org/maven2/org/codehaus/plexus/plexus/2.0.5/plexus-2.0.5.pom
2025-04-16 13:35:14,948 [Worker-36: Creating maven-archetype-webapp] INFO  o.e.m.c.i.e.AbstractTransferListenerAdapter - Downloading https://repo.maven.apache.org/maven2/org/codehaus/plexus/plexus-interpolation/1.21/plexus-interpolation-1.21.pom
2025-04-16 13:35:14,959 [Worker-36: Creating maven-archetype-webapp] INFO  o.e.m.c.i.e.AbstractTransferListenerAdapter - Downloaded https://repo.maven.apache.org/maven2/org/codehaus/plexus/plexus-interpolation/1.21/plexus-interpolation-1.21.pom
2025-04-16 13:35:15,540 [Worker-36: Creating maven-archetype-webapp] INFO  o.e.m.c.i.e.AbstractTransferListenerAdapter - Downloading https://repo.maven.apache.org/maven2/org/apache/maven/maven-archiver/3.6.0/maven-archiver-3.6.0.jar
2025-04-16 13:35:15,553 [Worker-36: Creating maven-archetype-webapp] INFO  o.e.m.c.i.e.AbstractTransferListenerAdapter - Downloaded https://repo.maven.apache.org/maven2/org/apache/maven/maven-archiver/3.6.0/maven-archiver-3.6.0.jar
2025-04-16 13:35:15,889 [BasicRepositoryConnector-repo.maven.apache.org-0-0] INFO  o.e.m.c.i.e.AbstractTransferListenerAdapter - Downloading https://repo.maven.apache.org/maven2/org/codehaus/plexus/plexus-io/3.4.0/plexus-io-3.4.0.jar
2025-04-16 13:35:15,907 [BasicRepositoryConnector-repo.maven.apache.org-0-0] INFO  o.e.m.c.i.e.AbstractTransferListenerAdapter - Downloaded https://repo.maven.apache.org/maven2/org/codehaus/plexus/plexus-io/3.4.0/plexus-io-3.4.0.jar
2025-04-16 13:35:16,175 [BasicRepositoryConnector-repo.maven.apache.org-0-1] INFO  o.e.m.c.i.e.AbstractTransferListenerAdapter - Downloading https://repo.maven.apache.org/maven2/commons-io/commons-io/2.13.0/commons-io-2.13.0.jar
2025-04-16 13:35:16,353 [BasicRepositoryConnector-repo.maven.apache.org-0-0] INFO  o.e.m.c.i.e.AbstractTransferListenerAdapter - Downloading https://repo.maven.apache.org/maven2/org/apache/maven/shared/maven-mapping/3.0.0/maven-mapping-3.0.0.jar
2025-04-16 13:35:16,364 [BasicRepositoryConnector-repo.maven.apache.org-0-0] INFO  o.e.m.c.i.e.AbstractTransferListenerAdapter - Downloaded https://repo.maven.apache.org/maven2/org/apache/maven/shared/maven-mapping/3.0.0/maven-mapping-3.0.0.jar
2025-04-16 13:35:16,390 [BasicRepositoryConnector-repo.maven.apache.org-0-4] INFO  o.e.m.c.i.e.AbstractTransferListenerAdapter - Downloading https://repo.maven.apache.org/maven2/com/github/luben/zstd-jni/1.5.5-2/zstd-jni-1.5.5-2.jar
2025-04-16 13:35:16,595 [BasicRepositoryConnector-repo.maven.apache.org-0-1] INFO  o.e.m.c.i.e.AbstractTransferListenerAdapter - Downloaded https://repo.maven.apache.org/maven2/commons-io/commons-io/2.13.0/commons-io-2.13.0.jar
2025-04-16 13:35:16,797 [BasicRepositoryConnector-repo.maven.apache.org-0-3] INFO  o.e.m.c.i.e.AbstractTransferListenerAdapter - Downloading https://repo.maven.apache.org/maven2/org/apache/commons/commons-compress/1.23.0/commons-compress-1.23.0.jar
2025-04-16 13:35:16,797 [BasicRepositoryConnector-repo.maven.apache.org-0-2] INFO  o.e.m.c.i.e.AbstractTransferListenerAdapter - Downloading https://repo.maven.apache.org/maven2/org/codehaus/plexus/plexus-archiver/4.7.1/plexus-archiver-4.7.1.jar
2025-04-16 13:35:17,221 [BasicRepositoryConnector-repo.maven.apache.org-0-0] INFO  o.e.m.c.i.e.AbstractTransferListenerAdapter - Downloading https://repo.maven.apache.org/maven2/org/codehaus/plexus/plexus-component-annotations/1.5.5/plexus-component-annotations-1.5.5.jar
2025-04-16 13:35:17,233 [BasicRepositoryConnector-repo.maven.apache.org-0-0] INFO  o.e.m.c.i.e.AbstractTransferListenerAdapter - Downloaded https://repo.maven.apache.org/maven2/org/codehaus/plexus/plexus-component-annotations/1.5.5/plexus-component-annotations-1.5.5.jar
2025-04-16 13:35:18,162 [BasicRepositoryConnector-repo.maven.apache.org-0-2] INFO  o.e.m.c.i.e.AbstractTransferListenerAdapter - Downloaded https://repo.maven.apache.org/maven2/org/codehaus/plexus/plexus-archiver/4.7.1/plexus-archiver-4.7.1.jar
2025-04-16 13:35:18,554 [BasicRepositoryConnector-repo.maven.apache.org-0-3] INFO  o.e.m.c.i.e.AbstractTransferListenerAdapter - Downloaded https://repo.maven.apache.org/maven2/org/apache/commons/commons-compress/1.23.0/commons-compress-1.23.0.jar
2025-04-16 13:35:19,568 [BasicRepositoryConnector-repo.maven.apache.org-0-4] INFO  o.e.m.c.i.e.AbstractTransferListenerAdapter - Downloaded https://repo.maven.apache.org/maven2/com/github/luben/zstd-jni/1.5.5-2/zstd-jni-1.5.5-2.jar
2025-04-16 13:35:22,597 [Worker-36: Creating maven-archetype-webapp] INFO  o.e.m.j.i.AbstractJavaProjectConfigurator - Adding source folder /DemoProject/src/main/java
2025-04-16 13:35:22,599 [Worker-36: Creating maven-archetype-webapp] INFO  o.e.m.j.i.AbstractJavaProjectConfigurator - Adding resource folder /DemoProject/src/main/resources
2025-04-16 13:35:22,599 [Worker-36: Creating maven-archetype-webapp] INFO  o.e.m.j.i.AbstractJavaProjectConfigurator - Adding source folder /DemoProject/src/test/java
2025-04-16 13:35:22,601 [Worker-36: Creating maven-archetype-webapp] INFO  o.e.m.j.i.AbstractJavaProjectConfigurator - Adding resource folder /DemoProject/src/test/resources
2025-04-16 13:35:24,585 [Worker-42: Download sources and javadoc] INFO  o.e.m.c.i.e.AbstractTransferListenerAdapter - Downloading https://repo.maven.apache.org/maven2/junit/junit/3.8.1/junit-3.8.1-sources.jar
2025-04-16 13:35:24,643 [Worker-42: Download sources and javadoc] INFO  o.e.m.c.i.e.AbstractTransferListenerAdapter - Downloaded https://repo.maven.apache.org/maven2/junit/junit/3.8.1/junit-3.8.1-sources.jar
2025-04-16 13:35:24,667 [Worker-42: Download sources and javadoc] INFO  o.e.m.j.internal.DownloadSourcesJob - Downloaded sources for junit:junit:3.8.1
2025-04-16 13:35:25,166 [Worker-36: Creating maven-archetype-webapp] INFO  o.e.m.c.i.p.ProjectConfigurationManager - Imported and configured 1 project(s) in 40 sec
2025-04-16 13:35:26,614 [Worker-42: Building] WARN  o.a.m.s.f.DefaultMavenResourcesFiltering - Using platform encoding (UTF-8 actually) to copy filtered resources, i.e. build is platform dependent!
2025-04-16 13:35:26,621 [Worker-42: Building] INFO  o.a.m.s.f.DefaultMavenResourcesFiltering - Copying 0 resource from src\main\resources to target\classes
2025-04-16 13:35:26,638 [Worker-42: Building] WARN  o.a.m.s.f.DefaultMavenResourcesFiltering - Using platform encoding (UTF-8 actually) to copy filtered resources, i.e. build is platform dependent!
2025-04-16 13:35:26,641 [Worker-42: Building] INFO  o.a.m.s.f.DefaultMavenResourcesFiltering - skip non existing resourceDirectory C:\Users\Elango\Desktop\Advanced Java\J2EE\M87\JDBC\DemoProject\src\test\resources
2025-04-16 13:40:54,031 [Worker-46: Building] INFO  o.e.m.c.i.l.LifecycleMappingFactory - Using org.maven.ide.eclipse.wtp.WarLifecycleMapping lifecycle mapping for MavenProject: Demo:DemoProject:0.0.1-SNAPSHOT @ C:\Users\Elango\Desktop\Advanced Java\J2EE\M87\JDBC\DemoProject\pom.xml.
2025-04-16 13:40:55,449 [Worker-46: Building] WARN  o.a.m.s.f.DefaultMavenResourcesFiltering - Using platform encoding (UTF-8 actually) to copy filtered resources, i.e. build is platform dependent!
2025-04-16 13:40:55,461 [Worker-46: Building] INFO  o.a.m.s.f.DefaultMavenResourcesFiltering - Copying 0 resource from src\main\resources to target\classes
2025-04-16 13:40:55,470 [Worker-46: Building] WARN  o.a.m.s.f.DefaultMavenResourcesFiltering - Using platform encoding (UTF-8 actually) to copy filtered resources, i.e. build is platform dependent!
2025-04-16 13:40:55,472 [Worker-46: Building] INFO  o.a.m.s.f.DefaultMavenResourcesFiltering - skip non existing resourceDirectory C:\Users\Elango\Desktop\Advanced Java\J2EE\M87\JDBC\DemoProject\src\test\resources
2025-04-16 13:40:55,487 [Worker-46: Building] INFO  o.e.m.w.i.f.ResourceFilteringBuildParticipant - Changed resources require a complete clean of filtered resources of DemoProject
2025-04-16 13:40:55,488 [Worker-46: Building] INFO  o.e.m.w.i.f.ResourceFilteringBuildParticipant - Executing resource filtering for DemoProject
2025-04-16 13:41:36,580 [Worker-48: Building] WARN  o.a.m.s.f.DefaultMavenResourcesFiltering - Using platform encoding (UTF-8 actually) to copy filtered resources, i.e. build is platform dependent!
2025-04-16 13:41:36,586 [Worker-48: Building] INFO  o.a.m.s.f.DefaultMavenResourcesFiltering - Copying 0 resource from src\main\resources to target\classes
2025-04-16 13:41:36,595 [Worker-48: Building] WARN  o.a.m.s.f.DefaultMavenResourcesFiltering - Using platform encoding (UTF-8 actually) to copy filtered resources, i.e. build is platform dependent!
2025-04-16 13:41:36,600 [Worker-48: Building] INFO  o.a.m.s.f.DefaultMavenResourcesFiltering - Copying 0 resource from src\test\resources to target\test-classes
2025-04-16 13:42:20,777 [Worker-40: Updating Maven Project] INFO  o.e.m.c.i.p.ProjectConfigurationManager - Update started
2025-04-16 13:42:21,210 [Worker-40: Updating Maven Project] INFO  o.e.m.c.i.l.LifecycleMappingFactory - Using org.maven.ide.eclipse.wtp.WarLifecycleMapping lifecycle mapping for MavenProject: Demo:DemoProject:0.0.1-SNAPSHOT @ C:\Users\Elango\Desktop\Advanced Java\J2EE\M87\JDBC\DemoProject\pom.xml.
2025-04-16 13:42:22,216 [Worker-40: Updating Maven Project] INFO  o.e.m.j.i.AbstractJavaProjectConfigurator - Adding source folder /DemoProject/src/main/java
2025-04-16 13:42:22,218 [Worker-40: Updating Maven Project] INFO  o.e.m.j.i.AbstractJavaProjectConfigurator - Adding resource folder /DemoProject/src/main/resources
2025-04-16 13:42:22,219 [Worker-40: Updating Maven Project] INFO  o.e.m.j.i.AbstractJavaProjectConfigurator - Adding source folder /DemoProject/src/test/java
2025-04-16 13:42:22,220 [Worker-40: Updating Maven Project] INFO  o.e.m.j.i.AbstractJavaProjectConfigurator - Adding resource folder /DemoProject/src/test/resources
2025-04-16 13:42:23,372 [Worker-40: Updating Maven Project] INFO  o.e.m.w.i.f.ResourceFilteringBuildParticipant - Cleaning filtered folder for DemoProject
2025-04-16 13:42:23,405 [Worker-40: Updating Maven Project] INFO  o.e.m.c.i.p.ProjectConfigurationManager - Update completed for 1 poms: local refresh takes 0.00 sec, refresh facades takes 1.00 sec, update config takes 1.00 sec 
2025-04-16 13:42:23,592 [Worker-45: Building] WARN  o.a.m.s.f.DefaultMavenResourcesFiltering - Using platform encoding (UTF-8 actually) to copy filtered resources, i.e. build is platform dependent!
2025-04-16 13:42:23,624 [Worker-45: Building] INFO  o.a.m.s.f.DefaultMavenResourcesFiltering - Copying 0 resource from src\main\resources to target\classes
2025-04-16 13:42:23,632 [Worker-45: Building] WARN  o.a.m.s.f.DefaultMavenResourcesFiltering - Using platform encoding (UTF-8 actually) to copy filtered resources, i.e. build is platform dependent!
2025-04-16 13:42:23,634 [Worker-45: Building] INFO  o.a.m.s.f.DefaultMavenResourcesFiltering - Copying 0 resource from src\test\resources to target\test-classes
2025-04-16 13:42:23,635 [Worker-45: Building] INFO  o.e.m.w.i.f.ResourceFilteringBuildParticipant - Changed resources require a complete clean of filtered resources of DemoProject
2025-04-16 13:42:23,635 [Worker-45: Building] INFO  o.e.m.w.i.f.ResourceFilteringBuildParticipant - Executing resource filtering for DemoProject
2025-04-16 13:43:47,339 [Worker-49: Building] WARN  o.a.m.s.f.DefaultMavenResourcesFiltering - Using platform encoding (UTF-8 actually) to copy filtered resources, i.e. build is platform dependent!
2025-04-16 13:43:47,347 [Worker-49: Building] INFO  o.a.m.s.f.DefaultMavenResourcesFiltering - Copying 0 resource from src\main\resources to target\classes
2025-04-16 13:43:47,354 [Worker-49: Building] WARN  o.a.m.s.f.DefaultMavenResourcesFiltering - Using platform encoding (UTF-8 actually) to copy filtered resources, i.e. build is platform dependent!
2025-04-16 13:43:47,358 [Worker-49: Building] INFO  o.a.m.s.f.DefaultMavenResourcesFiltering - Copying 0 resource from src\test\resources to target\test-classes
2025-04-16 14:03:21,068 [Worker-60: Building] WARN  o.a.m.s.f.DefaultMavenResourcesFiltering - Using platform encoding (UTF-8 actually) to copy filtered resources, i.e. build is platform dependent!
2025-04-16 14:03:21,079 [Worker-60: Building] INFO  o.a.m.s.f.DefaultMavenResourcesFiltering - Copying 0 resource from src\main\resources to target\classes
2025-04-16 14:03:21,083 [Worker-60: Building] WARN  o.a.m.s.f.DefaultMavenResourcesFiltering - Using platform encoding (UTF-8 actually) to copy filtered resources, i.e. build is platform dependent!
2025-04-16 14:03:21,086 [Worker-60: Building] INFO  o.a.m.s.f.DefaultMavenResourcesFiltering - Copying 0 resource from src\test\resources to target\test-classes
2025-04-17 11:37:23,283 [Worker-57: Building] WARN  o.a.m.s.f.DefaultMavenResourcesFiltering - Using platform encoding (UTF-8 actually) to copy filtered resources, i.e. build is platform dependent!
2025-04-17 11:37:23,321 [Worker-57: Building] INFO  o.a.m.s.f.DefaultMavenResourcesFiltering - Copying 0 resource from src\main\resources to target\classes
2025-04-17 11:37:23,327 [Worker-57: Building] WARN  o.a.m.s.f.DefaultMavenResourcesFiltering - Using platform encoding (UTF-8 actually) to copy filtered resources, i.e. build is platform dependent!
2025-04-17 11:37:23,330 [Worker-57: Building] INFO  o.a.m.s.f.DefaultMavenResourcesFiltering - Copying 0 resource from src\test\resources to target\test-classes
2025-04-17 11:48:25,134 [Worker-57: Building] WARN  o.a.m.s.f.DefaultMavenResourcesFiltering - Using platform encoding (UTF-8 actually) to copy filtered resources, i.e. build is platform dependent!
2025-04-17 11:48:25,157 [Worker-57: Building] INFO  o.a.m.s.f.DefaultMavenResourcesFiltering - Copying 0 resource from src\main\resources to target\classes
2025-04-17 11:48:25,162 [Worker-57: Building] WARN  o.a.m.s.f.DefaultMavenResourcesFiltering - Using platform encoding (UTF-8 actually) to copy filtered resources, i.e. build is platform dependent!
2025-04-17 11:48:25,165 [Worker-57: Building] INFO  o.a.m.s.f.DefaultMavenResourcesFiltering - Copying 0 resource from src\test\resources to target\test-classes
2025-04-17 11:50:42,154 [Worker-68: Building] WARN  o.a.m.s.f.DefaultMavenResourcesFiltering - Using platform encoding (UTF-8 actually) to copy filtered resources, i.e. build is platform dependent!
2025-04-17 11:50:42,160 [Worker-68: Building] INFO  o.a.m.s.f.DefaultMavenResourcesFiltering - Copying 0 resource from src\main\resources to target\classes
2025-04-17 11:50:42,164 [Worker-68: Building] WARN  o.a.m.s.f.DefaultMavenResourcesFiltering - Using platform encoding (UTF-8 actually) to copy filtered resources, i.e. build is platform dependent!
2025-04-17 11:50:42,167 [Worker-68: Building] INFO  o.a.m.s.f.DefaultMavenResourcesFiltering - Copying 0 resource from src\test\resources to target\test-classes
2025-04-17 12:32:07,322 [Worker-74: Building] WARN  o.a.m.s.f.DefaultMavenResourcesFiltering - Using platform encoding (UTF-8 actually) to copy filtered resources, i.e. build is platform dependent!
2025-04-17 12:32:07,342 [Worker-74: Building] INFO  o.a.m.s.f.DefaultMavenResourcesFiltering - Copying 0 resource from src\main\resources to target\classes
2025-04-17 12:32:07,350 [Worker-74: Building] WARN  o.a.m.s.f.DefaultMavenResourcesFiltering - Using platform encoding (UTF-8 actually) to copy filtered resources, i.e. build is platform dependent!
2025-04-17 12:32:07,353 [Worker-74: Building] INFO  o.a.m.s.f.DefaultMavenResourcesFiltering - Copying 0 resource from src\test\resources to target\test-classes
2025-04-17 12:36:44,130 [Worker-75: Building] WARN  o.a.m.s.f.DefaultMavenResourcesFiltering - Using platform encoding (UTF-8 actually) to copy filtered resources, i.e. build is platform dependent!
2025-04-17 12:36:44,135 [Worker-75: Building] INFO  o.a.m.s.f.DefaultMavenResourcesFiltering - Copying 0 resource from src\main\resources to target\classes
2025-04-17 12:36:44,138 [Worker-75: Building] WARN  o.a.m.s.f.DefaultMavenResourcesFiltering - Using platform encoding (UTF-8 actually) to copy filtered resources, i.e. build is platform dependent!
2025-04-17 12:36:44,141 [Worker-75: Building] INFO  o.a.m.s.f.DefaultMavenResourcesFiltering - Copying 0 resource from src\test\resources to target\test-classes
2025-04-17 13:19:01,293 [Worker-76: Building] WARN  o.a.m.s.f.DefaultMavenResourcesFiltering - Using platform encoding (UTF-8 actually) to copy filtered resources, i.e. build is platform dependent!
2025-04-17 13:19:01,319 [Worker-76: Building] INFO  o.a.m.s.f.DefaultMavenResourcesFiltering - Copying 0 resource from src\main\resources to target\classes
2025-04-17 13:19:01,328 [Worker-76: Building] WARN  o.a.m.s.f.DefaultMavenResourcesFiltering - Using platform encoding (UTF-8 actually) to copy filtered resources, i.e. build is platform dependent!
2025-04-17 13:19:01,332 [Worker-76: Building] INFO  o.a.m.s.f.DefaultMavenResourcesFiltering - Copying 0 resource from src\test\resources to target\test-classes
2025-04-17 13:20:30,384 [Worker-74: Building] WARN  o.a.m.s.f.DefaultMavenResourcesFiltering - Using platform encoding (UTF-8 actually) to copy filtered resources, i.e. build is platform dependent!
2025-04-17 13:20:30,389 [Worker-74: Building] INFO  o.a.m.s.f.DefaultMavenResourcesFiltering - Copying 0 resource from src\main\resources to target\classes
2025-04-17 13:20:30,393 [Worker-74: Building] WARN  o.a.m.s.f.DefaultMavenResourcesFiltering - Using platform encoding (UTF-8 actually) to copy filtered resources, i.e. build is platform dependent!
2025-04-17 13:20:30,398 [Worker-74: Building] INFO  o.a.m.s.f.DefaultMavenResourcesFiltering - Copying 0 resource from src\test\resources to target\test-classes
2025-04-17 13:22:10,115 [Worker-78: Building] INFO  o.e.m.c.i.l.LifecycleMappingFactory - Using org.maven.ide.eclipse.wtp.WarLifecycleMapping lifecycle mapping for MavenProject: Demo:DemoProject:0.0.1-SNAPSHOT @ C:\Users\Elango\Desktop\Advanced Java\J2EE\M87\JDBC\DemoProject\pom.xml.
2025-04-17 13:22:15,341 [Worker-78: Building] WARN  o.a.m.s.f.DefaultMavenResourcesFiltering - Using platform encoding (UTF-8 actually) to copy filtered resources, i.e. build is platform dependent!
2025-04-17 13:22:15,349 [Worker-78: Building] INFO  o.a.m.s.f.DefaultMavenResourcesFiltering - Copying 0 resource from src\main\resources to target\classes
2025-04-17 13:22:15,354 [Worker-78: Building] WARN  o.a.m.s.f.DefaultMavenResourcesFiltering - Using platform encoding (UTF-8 actually) to copy filtered resources, i.e. build is platform dependent!
2025-04-17 13:22:15,357 [Worker-78: Building] INFO  o.a.m.s.f.DefaultMavenResourcesFiltering - Copying 0 resource from src\test\resources to target\test-classes
2025-04-17 13:22:15,357 [Worker-78: Building] INFO  o.e.m.w.i.f.ResourceFilteringBuildParticipant - Changed resources require a complete clean of filtered resources of DemoProject
2025-04-17 13:22:15,358 [Worker-78: Building] INFO  o.e.m.w.i.f.ResourceFilteringBuildParticipant - Executing resource filtering for DemoProject
2025-04-17 13:22:18,880 [Worker-61: Building] WARN  o.a.m.s.f.DefaultMavenResourcesFiltering - Using platform encoding (UTF-8 actually) to copy filtered resources, i.e. build is platform dependent!
2025-04-17 13:22:18,884 [Worker-61: Building] INFO  o.a.m.s.f.DefaultMavenResourcesFiltering - Copying 0 resource from src\main\resources to target\classes
2025-04-17 13:22:18,889 [Worker-61: Building] WARN  o.a.m.s.f.DefaultMavenResourcesFiltering - Using platform encoding (UTF-8 actually) to copy filtered resources, i.e. build is platform dependent!
2025-04-17 13:22:18,892 [Worker-61: Building] INFO  o.a.m.s.f.DefaultMavenResourcesFiltering - Copying 0 resource from src\test\resources to target\test-classes
2025-04-17 13:22:28,836 [Worker-79: Updating Maven Project] INFO  o.e.m.c.i.p.ProjectConfigurationManager - Update started
2025-04-17 13:22:29,219 [Worker-79: Updating Maven Project] INFO  o.e.m.c.i.l.LifecycleMappingFactory - Using org.maven.ide.eclipse.wtp.WarLifecycleMapping lifecycle mapping for MavenProject: Demo:DemoProject:0.0.1-SNAPSHOT @ C:\Users\Elango\Desktop\Advanced Java\J2EE\M87\JDBC\DemoProject\pom.xml.
2025-04-17 13:22:30,157 [Worker-79: Updating Maven Project] INFO  o.e.m.j.i.AbstractJavaProjectConfigurator - Adding source folder /DemoProject/src/main/java
2025-04-17 13:22:30,159 [Worker-79: Updating Maven Project] INFO  o.e.m.j.i.AbstractJavaProjectConfigurator - Adding resource folder /DemoProject/src/main/resources
2025-04-17 13:22:30,160 [Worker-79: Updating Maven Project] INFO  o.e.m.j.i.AbstractJavaProjectConfigurator - Adding source folder /DemoProject/src/test/java
2025-04-17 13:22:30,162 [Worker-79: Updating Maven Project] INFO  o.e.m.j.i.AbstractJavaProjectConfigurator - Adding resource folder /DemoProject/src/test/resources
2025-04-17 13:22:31,068 [Worker-79: Updating Maven Project] INFO  o.e.m.w.i.f.ResourceFilteringBuildParticipant - Cleaning filtered folder for DemoProject
2025-04-17 13:22:31,113 [Worker-79: Updating Maven Project] INFO  o.e.m.c.i.p.ProjectConfigurationManager - Update completed for 1 poms: local refresh takes 0.00 sec, refresh facades takes 1.00 sec, update config takes 0.00 sec 
2025-04-17 13:22:31,362 [Worker-81: Building] WARN  o.a.m.s.f.DefaultMavenResourcesFiltering - Using platform encoding (UTF-8 actually) to copy filtered resources, i.e. build is platform dependent!
2025-04-17 13:22:31,365 [Worker-81: Building] INFO  o.a.m.s.f.DefaultMavenResourcesFiltering - Copying 0 resource from src\main\resources to target\classes
2025-04-17 13:22:31,372 [Worker-81: Building] WARN  o.a.m.s.f.DefaultMavenResourcesFiltering - Using platform encoding (UTF-8 actually) to copy filtered resources, i.e. build is platform dependent!
2025-04-17 13:22:31,375 [Worker-81: Building] INFO  o.a.m.s.f.DefaultMavenResourcesFiltering - Copying 0 resource from src\test\resources to target\test-classes
2025-04-17 13:22:31,376 [Worker-81: Building] INFO  o.e.m.w.i.f.ResourceFilteringBuildParticipant - Changed resources require a complete clean of filtered resources of DemoProject
2025-04-17 13:22:31,376 [Worker-81: Building] INFO  o.e.m.w.i.f.ResourceFilteringBuildParticipant - Executing resource filtering for DemoProject
2025-04-17 13:24:49,028 [Worker-76: Building] WARN  o.a.m.s.f.DefaultMavenResourcesFiltering - Using platform encoding (UTF-8 actually) to copy filtered resources, i.e. build is platform dependent!
2025-04-17 13:24:49,040 [Worker-76: Building] INFO  o.a.m.s.f.DefaultMavenResourcesFiltering - Copying 0 resource from src\main\resources to target\classes
2025-04-17 13:24:49,043 [Worker-76: Building] WARN  o.a.m.s.f.DefaultMavenResourcesFiltering - Using platform encoding (UTF-8 actually) to copy filtered resources, i.e. build is platform dependent!
2025-04-17 13:24:49,047 [Worker-76: Building] INFO  o.a.m.s.f.DefaultMavenResourcesFiltering - Copying 0 resource from src\test\resources to target\test-classes
2025-04-17 13:25:58,931 [Worker-79: Building] WARN  o.a.m.s.f.DefaultMavenResourcesFiltering - Using platform encoding (UTF-8 actually) to copy filtered resources, i.e. build is platform dependent!
2025-04-17 13:25:58,935 [Worker-79: Building] INFO  o.a.m.s.f.DefaultMavenResourcesFiltering - Copying 0 resource from src\main\resources to target\classes
2025-04-17 13:25:58,941 [Worker-79: Building] WARN  o.a.m.s.f.DefaultMavenResourcesFiltering - Using platform encoding (UTF-8 actually) to copy filtered resources, i.e. build is platform dependent!
2025-04-17 13:25:58,945 [Worker-79: Building] INFO  o.a.m.s.f.DefaultMavenResourcesFiltering - Copying 0 resource from src\test\resources to target\test-classes
2025-04-17 13:26:09,854 [Worker-79: Building] WARN  o.a.m.s.f.DefaultMavenResourcesFiltering - Using platform encoding (UTF-8 actually) to copy filtered resources, i.e. build is platform dependent!
2025-04-17 13:26:09,859 [Worker-79: Building] INFO  o.a.m.s.f.DefaultMavenResourcesFiltering - Copying 0 resource from src\main\resources to target\classes
2025-04-17 13:26:09,867 [Worker-79: Building] WARN  o.a.m.s.f.DefaultMavenResourcesFiltering - Using platform encoding (UTF-8 actually) to copy filtered resources, i.e. build is platform dependent!
2025-04-17 13:26:09,871 [Worker-79: Building] INFO  o.a.m.s.f.DefaultMavenResourcesFiltering - Copying 0 resource from src\test\resources to target\test-classes
2025-04-17 13:27:40,827 [Worker-74: Building] WARN  o.a.m.s.f.DefaultMavenResourcesFiltering - Using platform encoding (UTF-8 actually) to copy filtered resources, i.e. build is platform dependent!
2025-04-17 13:27:40,832 [Worker-74: Building] INFO  o.a.m.s.f.DefaultMavenResourcesFiltering - Copying 0 resource from src\main\resources to target\classes
2025-04-17 13:27:40,838 [Worker-74: Building] WARN  o.a.m.s.f.DefaultMavenResourcesFiltering - Using platform encoding (UTF-8 actually) to copy filtered resources, i.e. build is platform dependent!
2025-04-17 13:27:40,842 [Worker-74: Building] INFO  o.a.m.s.f.DefaultMavenResourcesFiltering - Copying 0 resource from src\test\resources to target\test-classes
2025-04-17 13:31:09,879 [Worker-82: Building] WARN  o.a.m.s.f.DefaultMavenResourcesFiltering - Using platform encoding (UTF-8 actually) to copy filtered resources, i.e. build is platform dependent!
2025-04-17 13:31:09,887 [Worker-82: Building] INFO  o.a.m.s.f.DefaultMavenResourcesFiltering - Copying 0 resource from src\main\resources to target\classes
2025-04-17 13:31:09,894 [Worker-82: Building] WARN  o.a.m.s.f.DefaultMavenResourcesFiltering - Using platform encoding (UTF-8 actually) to copy filtered resources, i.e. build is platform dependent!
2025-04-17 13:31:09,899 [Worker-82: Building] INFO  o.a.m.s.f.DefaultMavenResourcesFiltering - Copying 0 resource from src\test\resources to target\test-classes
2025-04-17 13:31:29,984 [Worker-61: Updating Maven Project] INFO  o.e.m.c.i.p.ProjectConfigurationManager - Update started
2025-04-17 13:31:30,584 [Worker-61: Updating Maven Project] INFO  o.e.m.c.i.l.LifecycleMappingFactory - Using org.maven.ide.eclipse.wtp.WarLifecycleMapping lifecycle mapping for MavenProject: Demo:DemoProject:0.0.1-SNAPSHOT @ C:\Users\Elango\Desktop\Advanced Java\J2EE\M87\JDBC\DemoProject\pom.xml.
2025-04-17 13:31:31,594 [Worker-61: Updating Maven Project] INFO  o.e.m.j.i.AbstractJavaProjectConfigurator - Adding source folder /DemoProject/src/main/java
2025-04-17 13:31:31,596 [Worker-61: Updating Maven Project] INFO  o.e.m.j.i.AbstractJavaProjectConfigurator - Adding resource folder /DemoProject/src/main/resources
2025-04-17 13:31:31,597 [Worker-61: Updating Maven Project] INFO  o.e.m.j.i.AbstractJavaProjectConfigurator - Adding source folder /DemoProject/src/test/java
2025-04-17 13:31:31,598 [Worker-61: Updating Maven Project] INFO  o.e.m.j.i.AbstractJavaProjectConfigurator - Adding resource folder /DemoProject/src/test/resources
2025-04-17 13:31:32,102 [Worker-61: Updating Maven Project] INFO  o.e.m.w.i.f.ResourceFilteringBuildParticipant - Cleaning filtered folder for DemoProject
2025-04-17 13:31:32,132 [Worker-61: Updating Maven Project] INFO  o.e.m.c.i.p.ProjectConfigurationManager - Update completed for 1 poms: local refresh takes 0.00 sec, refresh facades takes 1.00 sec, update config takes 0.00 sec 
2025-04-17 13:31:32,390 [Worker-74: Building] WARN  o.a.m.s.f.DefaultMavenResourcesFiltering - Using platform encoding (UTF-8 actually) to copy filtered resources, i.e. build is platform dependent!
2025-04-17 13:31:32,394 [Worker-74: Building] INFO  o.a.m.s.f.DefaultMavenResourcesFiltering - Copying 0 resource from src\main\resources to target\classes
2025-04-17 13:31:32,401 [Worker-74: Building] WARN  o.a.m.s.f.DefaultMavenResourcesFiltering - Using platform encoding (UTF-8 actually) to copy filtered resources, i.e. build is platform dependent!
2025-04-17 13:31:32,403 [Worker-74: Building] INFO  o.a.m.s.f.DefaultMavenResourcesFiltering - Copying 0 resource from src\test\resources to target\test-classes
2025-04-17 13:31:32,404 [Worker-74: Building] INFO  o.e.m.w.i.f.ResourceFilteringBuildParticipant - Changed resources require a complete clean of filtered resources of DemoProject
2025-04-17 13:31:32,404 [Worker-74: Building] INFO  o.e.m.w.i.f.ResourceFilteringBuildParticipant - Executing resource filtering for DemoProject
2025-04-17 13:31:54,371 [Worker-61: Building] WARN  o.a.m.s.f.DefaultMavenResourcesFiltering - Using platform encoding (UTF-8 actually) to copy filtered resources, i.e. build is platform dependent!
2025-04-17 13:31:54,377 [Worker-61: Building] INFO  o.a.m.s.f.DefaultMavenResourcesFiltering - Copying 0 resource from src\main\resources to target\classes
2025-04-17 13:31:54,380 [Worker-61: Building] WARN  o.a.m.s.f.DefaultMavenResourcesFiltering - Using platform encoding (UTF-8 actually) to copy filtered resources, i.e. build is platform dependent!
2025-04-17 13:31:54,383 [Worker-61: Building] INFO  o.a.m.s.f.DefaultMavenResourcesFiltering - Copying 0 resource from src\test\resources to target\test-classes
2025-04-17 13:36:53,195 [Worker-80: Building] WARN  o.a.m.s.f.DefaultMavenResourcesFiltering - Using platform encoding (UTF-8 actually) to copy filtered resources, i.e. build is platform dependent!
2025-04-17 13:36:53,207 [Worker-80: Building] INFO  o.a.m.s.f.DefaultMavenResourcesFiltering - Copying 0 resource from src\main\resources to target\classes
2025-04-17 13:36:53,213 [Worker-80: Building] WARN  o.a.m.s.f.DefaultMavenResourcesFiltering - Using platform encoding (UTF-8 actually) to copy filtered resources, i.e. build is platform dependent!
2025-04-17 13:36:53,217 [Worker-80: Building] INFO  o.a.m.s.f.DefaultMavenResourcesFiltering - Copying 0 resource from src\test\resources to target\test-classes
2025-04-17 13:37:20,865 [Worker-74: Building] WARN  o.a.m.s.f.DefaultMavenResourcesFiltering - Using platform encoding (UTF-8 actually) to copy filtered resources, i.e. build is platform dependent!
2025-04-17 13:37:20,869 [Worker-74: Building] INFO  o.a.m.s.f.DefaultMavenResourcesFiltering - Copying 0 resource from src\main\resources to target\classes
2025-04-17 13:37:20,872 [Worker-74: Building] WARN  o.a.m.s.f.DefaultMavenResourcesFiltering - Using platform encoding (UTF-8 actually) to copy filtered resources, i.e. build is platform dependent!
2025-04-17 13:37:20,875 [Worker-74: Building] INFO  o.a.m.s.f.DefaultMavenResourcesFiltering - Copying 0 resource from src\test\resources to target\test-classes
2025-04-17 13:37:26,283 [Worker-76: Building] WARN  o.a.m.s.f.DefaultMavenResourcesFiltering - Using platform encoding (UTF-8 actually) to copy filtered resources, i.e. build is platform dependent!
2025-04-17 13:37:26,287 [Worker-76: Building] INFO  o.a.m.s.f.DefaultMavenResourcesFiltering - Copying 0 resource from src\main\resources to target\classes
2025-04-17 13:37:26,292 [Worker-76: Building] WARN  o.a.m.s.f.DefaultMavenResourcesFiltering - Using platform encoding (UTF-8 actually) to copy filtered resources, i.e. build is platform dependent!
2025-04-17 13:37:26,296 [Worker-76: Building] INFO  o.a.m.s.f.DefaultMavenResourcesFiltering - Copying 0 resource from src\test\resources to target\test-classes
2025-04-17 13:37:33,226 [Worker-80: Building] WARN  o.a.m.s.f.DefaultMavenResourcesFiltering - Using platform encoding (UTF-8 actually) to copy filtered resources, i.e. build is platform dependent!
2025-04-17 13:37:33,232 [Worker-80: Building] INFO  o.a.m.s.f.DefaultMavenResourcesFiltering - Copying 0 resource from src\main\resources to target\classes
2025-04-17 13:37:33,241 [Worker-80: Building] WARN  o.a.m.s.f.DefaultMavenResourcesFiltering - Using platform encoding (UTF-8 actually) to copy filtered resources, i.e. build is platform dependent!
2025-04-17 13:37:33,245 [Worker-80: Building] INFO  o.a.m.s.f.DefaultMavenResourcesFiltering - Copying 0 resource from src\test\resources to target\test-classes
2025-04-17 13:40:52,012 [Worker-75: Building] WARN  o.a.m.s.f.DefaultMavenResourcesFiltering - Using platform encoding (UTF-8 actually) to copy filtered resources, i.e. build is platform dependent!
2025-04-17 13:40:52,019 [Worker-75: Building] INFO  o.a.m.s.f.DefaultMavenResourcesFiltering - Copying 0 resource from src\main\resources to target\classes
2025-04-17 13:40:52,023 [Worker-75: Building] WARN  o.a.m.s.f.DefaultMavenResourcesFiltering - Using platform encoding (UTF-8 actually) to copy filtered resources, i.e. build is platform dependent!
2025-04-17 13:40:52,027 [Worker-75: Building] INFO  o.a.m.s.f.DefaultMavenResourcesFiltering - Copying 0 resource from src\test\resources to target\test-classes
2025-04-17 13:48:15,522 [Worker-80: Building] INFO  o.e.m.c.i.l.LifecycleMappingFactory - Using org.maven.ide.eclipse.wtp.WarLifecycleMapping lifecycle mapping for MavenProject: Demo:DemoProject:0.0.1-SNAPSHOT @ C:\Users\Elango\Desktop\Advanced Java\J2EE\M87\JDBC\DemoProject\pom.xml.
2025-04-17 13:48:16,211 [Worker-80: Building] INFO  o.e.m.c.i.e.AbstractTransferListenerAdapter - Downloading https://repo.maven.apache.org/maven2/javax/servlet/javax.servlet-api/3.1.0/javax.servlet-api-3.1.0.pom
2025-04-17 13:48:16,264 [Worker-80: Building] INFO  o.e.m.c.i.e.AbstractTransferListenerAdapter - Downloaded https://repo.maven.apache.org/maven2/javax/servlet/javax.servlet-api/3.1.0/javax.servlet-api-3.1.0.pom
2025-04-17 13:48:16,421 [Worker-80: Building] INFO  o.e.m.c.i.e.AbstractTransferListenerAdapter - Downloading https://repo.maven.apache.org/maven2/net/java/jvnet-parent/3/jvnet-parent-3.pom
2025-04-17 13:48:16,437 [Worker-80: Building] INFO  o.e.m.c.i.e.AbstractTransferListenerAdapter - Downloaded https://repo.maven.apache.org/maven2/net/java/jvnet-parent/3/jvnet-parent-3.pom
2025-04-17 13:48:16,559 [Worker-80: Building] INFO  o.e.m.c.i.e.AbstractTransferListenerAdapter - Downloading https://repo.maven.apache.org/maven2/javax/servlet/javax.servlet-api/3.1.0/javax.servlet-api-3.1.0.jar
2025-04-17 13:48:16,688 [Worker-80: Building] INFO  o.e.m.c.i.e.AbstractTransferListenerAdapter - Downloaded https://repo.maven.apache.org/maven2/javax/servlet/javax.servlet-api/3.1.0/javax.servlet-api-3.1.0.jar
2025-04-17 13:48:18,953 [Worker-80: Building] WARN  o.a.m.s.f.DefaultMavenResourcesFiltering - Using platform encoding (UTF-8 actually) to copy filtered resources, i.e. build is platform dependent!
2025-04-17 13:48:18,979 [Worker-80: Building] INFO  o.a.m.s.f.DefaultMavenResourcesFiltering - Copying 0 resource from src\main\resources to target\classes
2025-04-17 13:48:18,989 [Worker-80: Building] WARN  o.a.m.s.f.DefaultMavenResourcesFiltering - Using platform encoding (UTF-8 actually) to copy filtered resources, i.e. build is platform dependent!
2025-04-17 13:48:18,993 [Worker-80: Building] INFO  o.a.m.s.f.DefaultMavenResourcesFiltering - Copying 0 resource from src\test\resources to target\test-classes
2025-04-17 13:48:18,994 [Worker-80: Building] INFO  o.e.m.w.i.f.ResourceFilteringBuildParticipant - Changed resources require a complete clean of filtered resources of DemoProject
2025-04-17 13:48:18,994 [Worker-80: Building] INFO  o.e.m.w.i.f.ResourceFilteringBuildParticipant - Executing resource filtering for DemoProject
2025-04-17 13:48:19,845 [Worker-78: Download sources and javadoc] INFO  o.e.m.c.i.e.AbstractTransferListenerAdapter - Downloading https://repo.maven.apache.org/maven2/javax/servlet/javax.servlet-api/3.1.0/javax.servlet-api-3.1.0-sources.jar
2025-04-17 13:48:20,053 [Worker-78: Download sources and javadoc] INFO  o.e.m.c.i.e.AbstractTransferListenerAdapter - Downloaded https://repo.maven.apache.org/maven2/javax/servlet/javax.servlet-api/3.1.0/javax.servlet-api-3.1.0-sources.jar
2025-04-17 13:48:20,066 [Worker-78: Download sources and javadoc] INFO  o.e.m.j.internal.DownloadSourcesJob - Downloaded sources for javax.servlet:javax.servlet-api:3.1.0
2025-04-17 13:48:43,679 [Worker-80: Updating Maven Project] INFO  o.e.m.c.i.p.ProjectConfigurationManager - Update started
2025-04-17 13:48:44,079 [Worker-80: Updating Maven Project] INFO  o.e.m.c.i.l.LifecycleMappingFactory - Using org.maven.ide.eclipse.wtp.WarLifecycleMapping lifecycle mapping for MavenProject: Demo:DemoProject:0.0.1-SNAPSHOT @ C:\Users\Elango\Desktop\Advanced Java\J2EE\M87\JDBC\DemoProject\pom.xml.
2025-04-17 13:48:45,285 [Worker-80: Updating Maven Project] INFO  o.e.m.j.i.AbstractJavaProjectConfigurator - Adding source folder /DemoProject/src/main/java
2025-04-17 13:48:45,288 [Worker-80: Updating Maven Project] INFO  o.e.m.j.i.AbstractJavaProjectConfigurator - Adding resource folder /DemoProject/src/main/resources
2025-04-17 13:48:45,289 [Worker-80: Updating Maven Project] INFO  o.e.m.j.i.AbstractJavaProjectConfigurator - Adding source folder /DemoProject/src/test/java
2025-04-17 13:48:45,291 [Worker-80: Updating Maven Project] INFO  o.e.m.j.i.AbstractJavaProjectConfigurator - Adding resource folder /DemoProject/src/test/resources
2025-04-17 13:48:46,751 [Worker-80: Updating Maven Project] INFO  o.e.m.w.i.f.ResourceFilteringBuildParticipant - Cleaning filtered folder for DemoProject
2025-04-17 13:48:46,777 [Worker-80: Updating Maven Project] INFO  o.e.m.c.i.p.ProjectConfigurationManager - Update completed for 1 poms: local refresh takes 0.00 sec, refresh facades takes 1.00 sec, update config takes 1.00 sec 
2025-04-17 13:48:47,020 [Worker-75: Building] WARN  o.a.m.s.f.DefaultMavenResourcesFiltering - Using platform encoding (UTF-8 actually) to copy filtered resources, i.e. build is platform dependent!
2025-04-17 13:48:47,023 [Worker-75: Building] INFO  o.a.m.s.f.DefaultMavenResourcesFiltering - Copying 0 resource from src\main\resources to target\classes
2025-04-17 13:48:47,028 [Worker-75: Building] WARN  o.a.m.s.f.DefaultMavenResourcesFiltering - Using platform encoding (UTF-8 actually) to copy filtered resources, i.e. build is platform dependent!
2025-04-17 13:48:47,030 [Worker-75: Building] INFO  o.a.m.s.f.DefaultMavenResourcesFiltering - Copying 0 resource from src\test\resources to target\test-classes
2025-04-17 13:48:47,031 [Worker-75: Building] INFO  o.e.m.w.i.f.ResourceFilteringBuildParticipant - Changed resources require a complete clean of filtered resources of DemoProject
2025-04-17 13:48:47,031 [Worker-75: Building] INFO  o.e.m.w.i.f.ResourceFilteringBuildParticipant - Executing resource filtering for DemoProject
2025-04-17 13:49:37,428 [Worker-61: Building] WARN  o.a.m.s.f.DefaultMavenResourcesFiltering - Using platform encoding (UTF-8 actually) to copy filtered resources, i.e. build is platform dependent!
2025-04-17 13:49:37,436 [Worker-61: Building] INFO  o.a.m.s.f.DefaultMavenResourcesFiltering - Copying 0 resource from src\main\resources to target\classes
2025-04-17 13:49:37,442 [Worker-61: Building] WARN  o.a.m.s.f.DefaultMavenResourcesFiltering - Using platform encoding (UTF-8 actually) to copy filtered resources, i.e. build is platform dependent!
2025-04-17 13:49:37,445 [Worker-61: Building] INFO  o.a.m.s.f.DefaultMavenResourcesFiltering - Copying 0 resource from src\test\resources to target\test-classes
2025-04-18 11:47:09,802 [Worker-4: Loading available Gradle versions] INFO  o.e.b.c.i.u.g.PublishedGradleVersions - Gradle version information cache is out-of-date. Trying to update.
2025-04-18 11:47:15,961 [Worker-3: Building] WARN  o.a.m.s.f.DefaultMavenResourcesFiltering - Using platform encoding (UTF-8 actually) to copy filtered resources, i.e. build is platform dependent!
2025-04-18 11:47:15,978 [Worker-3: Building] INFO  o.a.m.s.f.DefaultMavenResourcesFiltering - Copying 0 resource from src\main\resources to target\classes
2025-04-18 11:47:15,990 [Worker-3: Building] WARN  o.a.m.s.f.DefaultMavenResourcesFiltering - Using platform encoding (UTF-8 actually) to copy filtered resources, i.e. build is platform dependent!
2025-04-18 11:47:15,995 [Worker-3: Building] INFO  o.a.m.s.f.DefaultMavenResourcesFiltering - Copying 0 resource from src\test\resources to target\test-classes
2025-04-18 12:31:55,198 [Worker-27: Building] WARN  o.a.m.s.f.DefaultMavenResourcesFiltering - Using platform encoding (UTF-8 actually) to copy filtered resources, i.e. build is platform dependent!
2025-04-18 12:31:55,208 [Worker-27: Building] INFO  o.a.m.s.f.DefaultMavenResourcesFiltering - Copying 0 resource from src\main\resources to target\classes
2025-04-18 12:31:55,219 [Worker-27: Building] WARN  o.a.m.s.f.DefaultMavenResourcesFiltering - Using platform encoding (UTF-8 actually) to copy filtered resources, i.e. build is platform dependent!
2025-04-18 12:31:55,224 [Worker-27: Building] INFO  o.a.m.s.f.DefaultMavenResourcesFiltering - Copying 0 resource from src\test\resources to target\test-classes
2025-04-18 12:52:28,343 [Worker-12: Building] WARN  o.a.m.s.f.DefaultMavenResourcesFiltering - Using platform encoding (UTF-8 actually) to copy filtered resources, i.e. build is platform dependent!
2025-04-18 12:52:28,348 [Worker-12: Building] INFO  o.a.m.s.f.DefaultMavenResourcesFiltering - Copying 0 resource from src\main\resources to target\classes
2025-04-18 12:52:28,355 [Worker-12: Building] WARN  o.a.m.s.f.DefaultMavenResourcesFiltering - Using platform encoding (UTF-8 actually) to copy filtered resources, i.e. build is platform dependent!
2025-04-18 12:52:28,359 [Worker-12: Building] INFO  o.a.m.s.f.DefaultMavenResourcesFiltering - Copying 0 resource from src\test\resources to target\test-classes
2025-04-18 12:53:53,230 [Worker-17: Building] WARN  o.a.m.s.f.DefaultMavenResourcesFiltering - Using platform encoding (UTF-8 actually) to copy filtered resources, i.e. build is platform dependent!
2025-04-18 12:53:53,234 [Worker-17: Building] INFO  o.a.m.s.f.DefaultMavenResourcesFiltering - Copying 0 resource from src\main\resources to target\classes
2025-04-18 12:53:53,241 [Worker-17: Building] WARN  o.a.m.s.f.DefaultMavenResourcesFiltering - Using platform encoding (UTF-8 actually) to copy filtered resources, i.e. build is platform dependent!
2025-04-18 12:53:53,245 [Worker-17: Building] INFO  o.a.m.s.f.DefaultMavenResourcesFiltering - Copying 0 resource from src\test\resources to target\test-classes
2025-04-18 12:55:03,647 [Worker-17: Building] WARN  o.a.m.s.f.DefaultMavenResourcesFiltering - Using platform encoding (UTF-8 actually) to copy filtered resources, i.e. build is platform dependent!
2025-04-18 12:55:03,651 [Worker-17: Building] INFO  o.a.m.s.f.DefaultMavenResourcesFiltering - Copying 0 resource from src\main\resources to target\classes
2025-04-18 12:55:03,659 [Worker-17: Building] WARN  o.a.m.s.f.DefaultMavenResourcesFiltering - Using platform encoding (UTF-8 actually) to copy filtered resources, i.e. build is platform dependent!
2025-04-18 12:55:03,663 [Worker-17: Building] INFO  o.a.m.s.f.DefaultMavenResourcesFiltering - Copying 0 resource from src\test\resources to target\test-classes
2025-04-18 12:57:36,913 [Worker-40: Building] WARN  o.a.m.s.f.DefaultMavenResourcesFiltering - Using platform encoding (UTF-8 actually) to copy filtered resources, i.e. build is platform dependent!
2025-04-18 12:57:36,916 [Worker-40: Building] INFO  o.a.m.s.f.DefaultMavenResourcesFiltering - Copying 0 resource from src\main\resources to target\classes
2025-04-18 12:57:36,923 [Worker-40: Building] WARN  o.a.m.s.f.DefaultMavenResourcesFiltering - Using platform encoding (UTF-8 actually) to copy filtered resources, i.e. build is platform dependent!
2025-04-18 12:57:36,927 [Worker-40: Building] INFO  o.a.m.s.f.DefaultMavenResourcesFiltering - Copying 0 resource from src\test\resources to target\test-classes
2025-04-18 13:02:08,630 [Worker-38: Building] WARN  o.a.m.s.f.DefaultMavenResourcesFiltering - Using platform encoding (UTF-8 actually) to copy filtered resources, i.e. build is platform dependent!
2025-04-18 13:02:08,634 [Worker-38: Building] INFO  o.a.m.s.f.DefaultMavenResourcesFiltering - Copying 0 resource from src\main\resources to target\classes
2025-04-18 13:02:08,640 [Worker-38: Building] WARN  o.a.m.s.f.DefaultMavenResourcesFiltering - Using platform encoding (UTF-8 actually) to copy filtered resources, i.e. build is platform dependent!
2025-04-18 13:02:08,644 [Worker-38: Building] INFO  o.a.m.s.f.DefaultMavenResourcesFiltering - Copying 0 resource from src\test\resources to target\test-classes
2025-04-21 12:22:42,126 [Worker-6: Loading available Gradle versions] INFO  o.e.b.c.i.u.g.PublishedGradleVersions - Gradle version information cache is out-of-date. Trying to update.
2025-04-21 12:28:40,020 [ModalContext] INFO  o.e.m.c.i.e.AbstractTransferListenerAdapter - Downloading https://repo.maven.apache.org/maven2/org/apache/maven/archetypes/maven-archetype-webapp/1.5/maven-archetype-webapp-1.5.pom
2025-04-21 12:28:40,046 [ModalContext] INFO  o.e.m.c.i.e.AbstractTransferListenerAdapter - Downloaded https://repo.maven.apache.org/maven2/org/apache/maven/archetypes/maven-archetype-webapp/1.5/maven-archetype-webapp-1.5.pom
2025-04-21 12:28:40,163 [ModalContext] INFO  o.e.m.c.i.e.AbstractTransferListenerAdapter - Downloading https://repo.maven.apache.org/maven2/org/apache/maven/archetypes/maven-archetype-bundles/1.5/maven-archetype-bundles-1.5.pom
2025-04-21 12:28:40,174 [ModalContext] INFO  o.e.m.c.i.e.AbstractTransferListenerAdapter - Downloaded https://repo.maven.apache.org/maven2/org/apache/maven/archetypes/maven-archetype-bundles/1.5/maven-archetype-bundles-1.5.pom
2025-04-21 12:28:40,327 [ModalContext] INFO  o.e.m.c.i.e.AbstractTransferListenerAdapter - Downloading https://repo.maven.apache.org/maven2/org/apache/maven/archetypes/maven-archetype-webapp/1.5/maven-archetype-webapp-1.5.jar
2025-04-21 12:28:40,363 [ModalContext] INFO  o.e.m.c.i.e.AbstractTransferListenerAdapter - Downloaded https://repo.maven.apache.org/maven2/org/apache/maven/archetypes/maven-archetype-webapp/1.5/maven-archetype-webapp-1.5.jar
2025-04-21 12:30:10,122 [Worker-32: Launching mavenrun-e7ce9461-9da7-478c-bedf-dd703e343642] INFO  o.eclipse.m2e.core.internal.Bundles - getClasspathEntries(Bundle=org.eclipse.m2e.maven.runtime_3.9.900.20240824-1409 [638])
2025-04-21 12:30:10,126 [Worker-32: Launching mavenrun-e7ce9461-9da7-478c-bedf-dd703e343642] INFO  o.eclipse.m2e.core.internal.Bundles - 	Entry: C:\Users\Elango\.p2\pool\plugins\org.eclipse.m2e.maven.runtime_3.9.900.20240824-1409
2025-04-21 12:30:10,126 [Worker-32: Launching mavenrun-e7ce9461-9da7-478c-bedf-dd703e343642] INFO  o.eclipse.m2e.core.internal.Bundles - 	Entry: C:\Users\Elango\.p2\pool\plugins\org.eclipse.m2e.maven.runtime_3.9.900.20240824-1409\jars\aopalliance-1.0.jar
2025-04-21 12:30:10,127 [Worker-32: Launching mavenrun-e7ce9461-9da7-478c-bedf-dd703e343642] INFO  o.eclipse.m2e.core.internal.Bundles - 	Entry: C:\Users\Elango\.p2\pool\plugins\org.eclipse.m2e.maven.runtime_3.9.900.20240824-1409\jars\guice-5.1.0.jar
2025-04-21 12:30:10,128 [Worker-32: Launching mavenrun-e7ce9461-9da7-478c-bedf-dd703e343642] INFO  o.eclipse.m2e.core.internal.Bundles - 	Entry: C:\Users\Elango\.p2\pool\plugins\org.eclipse.m2e.maven.runtime_3.9.900.20240824-1409\jars\httpclient-4.5.14.jar
2025-04-21 12:30:10,128 [Worker-32: Launching mavenrun-e7ce9461-9da7-478c-bedf-dd703e343642] INFO  o.eclipse.m2e.core.internal.Bundles - 	Entry: C:\Users\Elango\.p2\pool\plugins\org.eclipse.m2e.maven.runtime_3.9.900.20240824-1409\jars\httpcore-4.4.16.jar
2025-04-21 12:30:10,129 [Worker-32: Launching mavenrun-e7ce9461-9da7-478c-bedf-dd703e343642] INFO  o.eclipse.m2e.core.internal.Bundles - 	Entry: C:\Users\Elango\.p2\pool\plugins\org.eclipse.m2e.maven.runtime_3.9.900.20240824-1409\jars\jansi-2.4.1.jar
2025-04-21 12:30:10,129 [Worker-32: Launching mavenrun-e7ce9461-9da7-478c-bedf-dd703e343642] INFO  o.eclipse.m2e.core.internal.Bundles - 	Entry: C:\Users\Elango\.p2\pool\plugins\org.eclipse.m2e.maven.runtime_3.9.900.20240824-1409\jars\jcl-over-slf4j-1.7.36.jar
2025-04-21 12:30:10,130 [Worker-32: Launching mavenrun-e7ce9461-9da7-478c-bedf-dd703e343642] INFO  o.eclipse.m2e.core.internal.Bundles - 	Entry: C:\Users\Elango\.p2\pool\plugins\org.eclipse.m2e.maven.runtime_3.9.900.20240824-1409\jars\maven-artifact-3.9.9.jar
2025-04-21 12:30:10,130 [Worker-32: Launching mavenrun-e7ce9461-9da7-478c-bedf-dd703e343642] INFO  o.eclipse.m2e.core.internal.Bundles - 	Entry: C:\Users\Elango\.p2\pool\plugins\org.eclipse.m2e.maven.runtime_3.9.900.20240824-1409\jars\maven-builder-support-3.9.9.jar
2025-04-21 12:30:10,131 [Worker-32: Launching mavenrun-e7ce9461-9da7-478c-bedf-dd703e343642] INFO  o.eclipse.m2e.core.internal.Bundles - 	Entry: C:\Users\Elango\.p2\pool\plugins\org.eclipse.m2e.maven.runtime_3.9.900.20240824-1409\jars\maven-compat-3.9.9.jar
2025-04-21 12:30:10,131 [Worker-32: Launching mavenrun-e7ce9461-9da7-478c-bedf-dd703e343642] INFO  o.eclipse.m2e.core.internal.Bundles - 	Entry: C:\Users\Elango\.p2\pool\plugins\org.eclipse.m2e.maven.runtime_3.9.900.20240824-1409\jars\maven-core-3.9.9.jar
2025-04-21 12:30:10,132 [Worker-32: Launching mavenrun-e7ce9461-9da7-478c-bedf-dd703e343642] INFO  o.eclipse.m2e.core.internal.Bundles - 	Entry: C:\Users\Elango\.p2\pool\plugins\org.eclipse.m2e.maven.runtime_3.9.900.20240824-1409\jars\maven-embedder-3.9.9.jar
2025-04-21 12:30:10,132 [Worker-32: Launching mavenrun-e7ce9461-9da7-478c-bedf-dd703e343642] INFO  o.eclipse.m2e.core.internal.Bundles - 	Entry: C:\Users\Elango\.p2\pool\plugins\org.eclipse.m2e.maven.runtime_3.9.900.20240824-1409\jars\maven-model-3.9.9.jar
2025-04-21 12:30:10,132 [Worker-32: Launching mavenrun-e7ce9461-9da7-478c-bedf-dd703e343642] INFO  o.eclipse.m2e.core.internal.Bundles - 	Entry: C:\Users\Elango\.p2\pool\plugins\org.eclipse.m2e.maven.runtime_3.9.900.20240824-1409\jars\maven-model-builder-3.9.9.jar
2025-04-21 12:30:10,133 [Worker-32: Launching mavenrun-e7ce9461-9da7-478c-bedf-dd703e343642] INFO  o.eclipse.m2e.core.internal.Bundles - 	Entry: C:\Users\Elango\.p2\pool\plugins\org.eclipse.m2e.maven.runtime_3.9.900.20240824-1409\jars\maven-plugin-api-3.9.9.jar
2025-04-21 12:30:10,133 [Worker-32: Launching mavenrun-e7ce9461-9da7-478c-bedf-dd703e343642] INFO  o.eclipse.m2e.core.internal.Bundles - 	Entry: C:\Users\Elango\.p2\pool\plugins\org.eclipse.m2e.maven.runtime_3.9.900.20240824-1409\jars\maven-repository-metadata-3.9.9.jar
2025-04-21 12:30:10,134 [Worker-32: Launching mavenrun-e7ce9461-9da7-478c-bedf-dd703e343642] INFO  o.eclipse.m2e.core.internal.Bundles - 	Entry: C:\Users\Elango\.p2\pool\plugins\org.eclipse.m2e.maven.runtime_3.9.900.20240824-1409\jars\maven-resolver-api-1.9.22.jar
2025-04-21 12:30:10,134 [Worker-32: Launching mavenrun-e7ce9461-9da7-478c-bedf-dd703e343642] INFO  o.eclipse.m2e.core.internal.Bundles - 	Entry: C:\Users\Elango\.p2\pool\plugins\org.eclipse.m2e.maven.runtime_3.9.900.20240824-1409\jars\maven-resolver-connector-basic-1.9.22.jar
2025-04-21 12:30:10,134 [Worker-32: Launching mavenrun-e7ce9461-9da7-478c-bedf-dd703e343642] INFO  o.eclipse.m2e.core.internal.Bundles - 	Entry: C:\Users\Elango\.p2\pool\plugins\org.eclipse.m2e.maven.runtime_3.9.900.20240824-1409\jars\maven-resolver-impl-1.9.22.jar
2025-04-21 12:30:10,136 [Worker-32: Launching mavenrun-e7ce9461-9da7-478c-bedf-dd703e343642] INFO  o.eclipse.m2e.core.internal.Bundles - 	Entry: C:\Users\Elango\.p2\pool\plugins\org.eclipse.m2e.maven.runtime_3.9.900.20240824-1409\jars\maven-resolver-named-locks-1.9.22.jar
2025-04-21 12:30:10,136 [Worker-32: Launching mavenrun-e7ce9461-9da7-478c-bedf-dd703e343642] INFO  o.eclipse.m2e.core.internal.Bundles - 	Entry: C:\Users\Elango\.p2\pool\plugins\org.eclipse.m2e.maven.runtime_3.9.900.20240824-1409\jars\maven-resolver-provider-3.9.9.jar
2025-04-21 12:30:10,137 [Worker-32: Launching mavenrun-e7ce9461-9da7-478c-bedf-dd703e343642] INFO  o.eclipse.m2e.core.internal.Bundles - 	Entry: C:\Users\Elango\.p2\pool\plugins\org.eclipse.m2e.maven.runtime_3.9.900.20240824-1409\jars\maven-resolver-spi-1.9.22.jar
2025-04-21 12:30:10,137 [Worker-32: Launching mavenrun-e7ce9461-9da7-478c-bedf-dd703e343642] INFO  o.eclipse.m2e.core.internal.Bundles - 	Entry: C:\Users\Elango\.p2\pool\plugins\org.eclipse.m2e.maven.runtime_3.9.900.20240824-1409\jars\maven-resolver-transport-file-1.9.22.jar
2025-04-21 12:30:10,137 [Worker-32: Launching mavenrun-e7ce9461-9da7-478c-bedf-dd703e343642] INFO  o.eclipse.m2e.core.internal.Bundles - 	Entry: C:\Users\Elango\.p2\pool\plugins\org.eclipse.m2e.maven.runtime_3.9.900.20240824-1409\jars\maven-resolver-transport-http-1.9.22.jar
2025-04-21 12:30:10,138 [Worker-32: Launching mavenrun-e7ce9461-9da7-478c-bedf-dd703e343642] INFO  o.eclipse.m2e.core.internal.Bundles - 	Entry: C:\Users\Elango\.p2\pool\plugins\org.eclipse.m2e.maven.runtime_3.9.900.20240824-1409\jars\maven-resolver-transport-wagon-1.9.22.jar
2025-04-21 12:30:10,138 [Worker-32: Launching mavenrun-e7ce9461-9da7-478c-bedf-dd703e343642] INFO  o.eclipse.m2e.core.internal.Bundles - 	Entry: C:\Users\Elango\.p2\pool\plugins\org.eclipse.m2e.maven.runtime_3.9.900.20240824-1409\jars\maven-resolver-util-1.9.22.jar
2025-04-21 12:30:10,139 [Worker-32: Launching mavenrun-e7ce9461-9da7-478c-bedf-dd703e343642] INFO  o.eclipse.m2e.core.internal.Bundles - 	Entry: C:\Users\Elango\.p2\pool\plugins\org.eclipse.m2e.maven.runtime_3.9.900.20240824-1409\jars\maven-settings-3.9.9.jar
2025-04-21 12:30:10,139 [Worker-32: Launching mavenrun-e7ce9461-9da7-478c-bedf-dd703e343642] INFO  o.eclipse.m2e.core.internal.Bundles - 	Entry: C:\Users\Elango\.p2\pool\plugins\org.eclipse.m2e.maven.runtime_3.9.900.20240824-1409\jars\maven-settings-builder-3.9.9.jar
2025-04-21 12:30:10,139 [Worker-32: Launching mavenrun-e7ce9461-9da7-478c-bedf-dd703e343642] INFO  o.eclipse.m2e.core.internal.Bundles - 	Entry: C:\Users\Elango\.p2\pool\plugins\org.eclipse.m2e.maven.runtime_3.9.900.20240824-1409\jars\maven-shared-utils-3.4.2.jar
2025-04-21 12:30:10,139 [Worker-32: Launching mavenrun-e7ce9461-9da7-478c-bedf-dd703e343642] INFO  o.eclipse.m2e.core.internal.Bundles - 	Entry: C:\Users\Elango\.p2\pool\plugins\org.eclipse.m2e.maven.runtime_3.9.900.20240824-1409\jars\org.eclipse.sisu.inject-0.9.0.M3.jar
2025-04-21 12:30:10,140 [Worker-32: Launching mavenrun-e7ce9461-9da7-478c-bedf-dd703e343642] INFO  o.eclipse.m2e.core.internal.Bundles - 	Entry: C:\Users\Elango\.p2\pool\plugins\org.eclipse.m2e.maven.runtime_3.9.900.20240824-1409\jars\org.eclipse.sisu.plexus-0.9.0.M3.jar
2025-04-21 12:30:10,140 [Worker-32: Launching mavenrun-e7ce9461-9da7-478c-bedf-dd703e343642] INFO  o.eclipse.m2e.core.internal.Bundles - 	Entry: C:\Users\Elango\.p2\pool\plugins\org.eclipse.m2e.maven.runtime_3.9.900.20240824-1409\jars\plexus-build-api-0.0.7.jar
2025-04-21 12:30:10,141 [Worker-32: Launching mavenrun-e7ce9461-9da7-478c-bedf-dd703e343642] INFO  o.eclipse.m2e.core.internal.Bundles - 	Entry: C:\Users\Elango\.p2\pool\plugins\org.eclipse.m2e.maven.runtime_3.9.900.20240824-1409\jars\plexus-build-api-1.2.0.jar
2025-04-21 12:30:10,141 [Worker-32: Launching mavenrun-e7ce9461-9da7-478c-bedf-dd703e343642] INFO  o.eclipse.m2e.core.internal.Bundles - 	Entry: C:\Users\Elango\.p2\pool\plugins\org.eclipse.m2e.maven.runtime_3.9.900.20240824-1409\jars\plexus-cipher-2.0.jar
2025-04-21 12:30:10,141 [Worker-32: Launching mavenrun-e7ce9461-9da7-478c-bedf-dd703e343642] INFO  o.eclipse.m2e.core.internal.Bundles - 	Entry: C:\Users\Elango\.p2\pool\plugins\org.eclipse.m2e.maven.runtime_3.9.900.20240824-1409\jars\plexus-classworlds-2.8.0.jar
2025-04-21 12:30:10,142 [Worker-32: Launching mavenrun-e7ce9461-9da7-478c-bedf-dd703e343642] INFO  o.eclipse.m2e.core.internal.Bundles - 	Entry: C:\Users\Elango\.p2\pool\plugins\org.eclipse.m2e.maven.runtime_3.9.900.20240824-1409\jars\plexus-component-annotations-2.1.0.jar
2025-04-21 12:30:10,142 [Worker-32: Launching mavenrun-e7ce9461-9da7-478c-bedf-dd703e343642] INFO  o.eclipse.m2e.core.internal.Bundles - 	Entry: C:\Users\Elango\.p2\pool\plugins\org.eclipse.m2e.maven.runtime_3.9.900.20240824-1409\jars\plexus-interpolation-1.27.jar
2025-04-21 12:30:10,142 [Worker-32: Launching mavenrun-e7ce9461-9da7-478c-bedf-dd703e343642] INFO  o.eclipse.m2e.core.internal.Bundles - 	Entry: C:\Users\Elango\.p2\pool\plugins\org.eclipse.m2e.maven.runtime_3.9.900.20240824-1409\jars\plexus-sec-dispatcher-2.0.jar
2025-04-21 12:30:10,143 [Worker-32: Launching mavenrun-e7ce9461-9da7-478c-bedf-dd703e343642] INFO  o.eclipse.m2e.core.internal.Bundles - 	Entry: C:\Users\Elango\.p2\pool\plugins\org.eclipse.m2e.maven.runtime_3.9.900.20240824-1409\jars\plexus-utils-3.5.1.jar
2025-04-21 12:30:10,143 [Worker-32: Launching mavenrun-e7ce9461-9da7-478c-bedf-dd703e343642] INFO  o.eclipse.m2e.core.internal.Bundles - 	Entry: C:\Users\Elango\.p2\pool\plugins\org.eclipse.m2e.maven.runtime_3.9.900.20240824-1409\jars\plexus-xml-3.0.1.jar
2025-04-21 12:30:10,145 [Worker-32: Launching mavenrun-e7ce9461-9da7-478c-bedf-dd703e343642] INFO  o.eclipse.m2e.core.internal.Bundles - 	Entry: C:\Users\Elango\.p2\pool\plugins\org.eclipse.m2e.maven.runtime_3.9.900.20240824-1409\jars\wagon-file-3.5.3.jar
2025-04-21 12:30:10,145 [Worker-32: Launching mavenrun-e7ce9461-9da7-478c-bedf-dd703e343642] INFO  o.eclipse.m2e.core.internal.Bundles - 	Entry: C:\Users\Elango\.p2\pool\plugins\org.eclipse.m2e.maven.runtime_3.9.900.20240824-1409\jars\wagon-http-3.5.3.jar
2025-04-21 12:30:10,145 [Worker-32: Launching mavenrun-e7ce9461-9da7-478c-bedf-dd703e343642] INFO  o.eclipse.m2e.core.internal.Bundles - 	Entry: C:\Users\Elango\.p2\pool\plugins\org.eclipse.m2e.maven.runtime_3.9.900.20240824-1409\jars\wagon-http-shared-3.5.3.jar
2025-04-21 12:30:10,146 [Worker-32: Launching mavenrun-e7ce9461-9da7-478c-bedf-dd703e343642] INFO  o.eclipse.m2e.core.internal.Bundles - 	Entry: C:\Users\Elango\.p2\pool\plugins\org.eclipse.m2e.maven.runtime_3.9.900.20240824-1409\jars\wagon-provider-api-3.5.3.jar
2025-04-21 12:30:10,148 [Worker-32: Launching mavenrun-e7ce9461-9da7-478c-bedf-dd703e343642] INFO  o.eclipse.m2e.core.internal.Bundles - getClasspathEntries(Bundle=com.google.guava_33.3.1.jre [16])
2025-04-21 12:30:10,149 [Worker-32: Launching mavenrun-e7ce9461-9da7-478c-bedf-dd703e343642] INFO  o.eclipse.m2e.core.internal.Bundles - 	Entry: C:\Users\Elango\.p2\pool\plugins\com.google.guava_33.3.1.jre.jar
2025-04-21 12:30:10,149 [Worker-32: Launching mavenrun-e7ce9461-9da7-478c-bedf-dd703e343642] INFO  o.eclipse.m2e.core.internal.Bundles - getClasspathEntries(Bundle=slf4j.api_2.0.16 [1005])
2025-04-21 12:30:10,150 [Worker-32: Launching mavenrun-e7ce9461-9da7-478c-bedf-dd703e343642] INFO  o.eclipse.m2e.core.internal.Bundles - 	Entry: C:\Users\Elango\.p2\pool\plugins\slf4j.api_2.0.16.jar
2025-04-21 12:30:10,150 [Worker-32: Launching mavenrun-e7ce9461-9da7-478c-bedf-dd703e343642] INFO  o.eclipse.m2e.core.internal.Bundles - getClasspathEntries(Bundle=jakarta.inject.jakarta.inject-api_1.0.5 [34])
2025-04-21 12:30:10,151 [Worker-32: Launching mavenrun-e7ce9461-9da7-478c-bedf-dd703e343642] INFO  o.eclipse.m2e.core.internal.Bundles - 	Entry: C:\Users\Elango\.p2\pool\plugins\jakarta.inject.jakarta.inject-api_1.0.5.jar
2025-04-21 12:30:10,151 [Worker-32: Launching mavenrun-e7ce9461-9da7-478c-bedf-dd703e343642] INFO  o.eclipse.m2e.core.internal.Bundles - getClasspathEntries(Bundle=jakarta.annotation-api_1.3.5 [29])
2025-04-21 12:30:10,152 [Worker-32: Launching mavenrun-e7ce9461-9da7-478c-bedf-dd703e343642] INFO  o.eclipse.m2e.core.internal.Bundles - 	Entry: C:\Users\Elango\.p2\pool\plugins\jakarta.annotation-api_1.3.5.jar
2025-04-21 12:30:10,152 [Worker-32: Launching mavenrun-e7ce9461-9da7-478c-bedf-dd703e343642] INFO  o.eclipse.m2e.core.internal.Bundles - getClasspathEntries(Bundle=org.apache.commons.cli_1.9.0 [75])
2025-04-21 12:30:10,153 [Worker-32: Launching mavenrun-e7ce9461-9da7-478c-bedf-dd703e343642] INFO  o.eclipse.m2e.core.internal.Bundles - 	Entry: C:\Users\Elango\.p2\pool\plugins\org.apache.commons.cli_1.9.0.jar
2025-04-21 12:30:10,153 [Worker-32: Launching mavenrun-e7ce9461-9da7-478c-bedf-dd703e343642] INFO  o.eclipse.m2e.core.internal.Bundles - getClasspathEntries(Bundle=org.apache.commons.commons-codec_1.16.0 [78])
2025-04-21 12:30:10,154 [Worker-32: Launching mavenrun-e7ce9461-9da7-478c-bedf-dd703e343642] INFO  o.eclipse.m2e.core.internal.Bundles - 	Entry: C:\Users\Elango\.p2\pool\plugins\org.apache.commons.commons-codec_1.16.0.jar
2025-04-21 12:30:10,154 [Worker-32: Launching mavenrun-e7ce9461-9da7-478c-bedf-dd703e343642] INFO  o.eclipse.m2e.core.internal.Bundles - getClasspathEntries(Bundle=com.google.guava.failureaccess_1.0.2 [17])
2025-04-21 12:30:10,155 [Worker-32: Launching mavenrun-e7ce9461-9da7-478c-bedf-dd703e343642] INFO  o.eclipse.m2e.core.internal.Bundles - 	Entry: C:\Users\Elango\.p2\pool\plugins\com.google.guava.failureaccess_1.0.2.jar
2025-04-21 12:30:10,161 [Worker-32: Launching mavenrun-e7ce9461-9da7-478c-bedf-dd703e343642] INFO  o.e.m.i.launch.MavenLaunchDelegate - Run build in "C:\Users\Elango\AppData\Local\Temp\m2e-archetypeGenerator9774897447243346406":
2025-04-21 12:30:10,167 [Worker-32: Launching mavenrun-e7ce9461-9da7-478c-bedf-dd703e343642] INFO  o.e.m.i.launch.MavenLaunchDelegate -  mvn  -DarchetypeGroupId=org.apache.maven.archetypes -DarchetypeArtifactId=maven-archetype-webapp -DarchetypeVersion=1.5 -DgroupId=LifeCycle -DartifactId=LifeCycleOfServlet -Dversion=0.0.1-SNAPSHOT -Dpackage=LifeCycle.LifeCycleOfServlet -DoutputDirectory="C:\Users\Elango\Desktop\Advanced Java\J2EE\M87\JDBC" -Dstyle.color=always -U archetype:generate
2025-04-21 12:31:15,145 [Worker-5: Creating maven-archetype-webapp] INFO  o.e.m.c.i.p.ProjectConfigurationManager - Collecting project info '/pom.xml' C:\Users\Elango\Desktop\Advanced Java\J2EE\M87\JDBC\LifeCycleOfServlet\pom.xml
2025-04-21 12:31:15,912 [Worker-5: Creating maven-archetype-webapp] INFO  o.e.m.c.i.e.AbstractTransferListenerAdapter - Downloading https://repo.maven.apache.org/maven2/org/apache/maven/plugins/maven-clean-plugin/3.4.0/maven-clean-plugin-3.4.0.jar
2025-04-21 12:31:16,006 [Worker-5: Creating maven-archetype-webapp] INFO  o.e.m.c.i.e.AbstractTransferListenerAdapter - Downloaded https://repo.maven.apache.org/maven2/org/apache/maven/plugins/maven-clean-plugin/3.4.0/maven-clean-plugin-3.4.0.jar
2025-04-21 12:31:16,236 [Worker-5: Creating maven-archetype-webapp] INFO  o.e.m.c.i.e.AbstractTransferListenerAdapter - Downloading https://repo.maven.apache.org/maven2/org/apache/maven/plugins/maven-surefire-plugin/3.3.0/maven-surefire-plugin-3.3.0.jar
2025-04-21 12:31:16,351 [Worker-5: Creating maven-archetype-webapp] INFO  o.e.m.c.i.e.AbstractTransferListenerAdapter - Downloaded https://repo.maven.apache.org/maven2/org/apache/maven/plugins/maven-surefire-plugin/3.3.0/maven-surefire-plugin-3.3.0.jar
2025-04-21 12:31:18,337 [Worker-5: Creating maven-archetype-webapp] INFO  o.e.m.c.i.l.LifecycleMappingFactory - Using org.maven.ide.eclipse.wtp.WarLifecycleMapping lifecycle mapping for MavenProject: LifeCycle:LifeCycleOfServlet:0.0.1-SNAPSHOT @ C:\Users\Elango\Desktop\Advanced Java\J2EE\M87\JDBC\LifeCycleOfServlet\pom.xml.
2025-04-21 12:31:18,630 [Worker-5: Creating maven-archetype-webapp] INFO  o.e.m.c.i.e.AbstractTransferListenerAdapter - Downloading https://repo.maven.apache.org/maven2/junit/junit/4.13.1/junit-4.13.1.pom
2025-04-21 12:31:18,649 [Worker-5: Creating maven-archetype-webapp] INFO  o.e.m.c.i.e.AbstractTransferListenerAdapter - Downloaded https://repo.maven.apache.org/maven2/junit/junit/4.13.1/junit-4.13.1.pom
2025-04-21 12:31:18,713 [Worker-5: Creating maven-archetype-webapp] INFO  o.e.m.c.i.e.AbstractTransferListenerAdapter - Downloading https://repo.maven.apache.org/maven2/org/hamcrest/hamcrest-core/1.3/hamcrest-core-1.3.pom
2025-04-21 12:31:18,722 [Worker-5: Creating maven-archetype-webapp] INFO  o.e.m.c.i.e.AbstractTransferListenerAdapter - Downloaded https://repo.maven.apache.org/maven2/org/hamcrest/hamcrest-core/1.3/hamcrest-core-1.3.pom
2025-04-21 12:31:18,807 [Worker-5: Creating maven-archetype-webapp] INFO  o.e.m.c.i.e.AbstractTransferListenerAdapter - Downloading https://repo.maven.apache.org/maven2/org/hamcrest/hamcrest-parent/1.3/hamcrest-parent-1.3.pom
2025-04-21 12:31:18,817 [Worker-5: Creating maven-archetype-webapp] INFO  o.e.m.c.i.e.AbstractTransferListenerAdapter - Downloaded https://repo.maven.apache.org/maven2/org/hamcrest/hamcrest-parent/1.3/hamcrest-parent-1.3.pom
2025-04-21 12:31:18,894 [Worker-5: Creating maven-archetype-webapp] INFO  o.e.m.c.i.e.AbstractTransferListenerAdapter - Downloading https://repo.maven.apache.org/maven2/junit/junit/4.13.1/junit-4.13.1.jar
2025-04-21 12:31:20,541 [Worker-5: Creating maven-archetype-webapp] INFO  o.e.m.c.i.e.AbstractTransferListenerAdapter - Downloaded https://repo.maven.apache.org/maven2/junit/junit/4.13.1/junit-4.13.1.jar
2025-04-21 12:31:20,806 [BasicRepositoryConnector-repo.maven.apache.org-0-0] INFO  o.e.m.c.i.e.AbstractTransferListenerAdapter - Downloading https://repo.maven.apache.org/maven2/org/hamcrest/hamcrest-core/1.3/hamcrest-core-1.3.jar
2025-04-21 12:31:20,816 [BasicRepositoryConnector-repo.maven.apache.org-0-0] INFO  o.e.m.c.i.e.AbstractTransferListenerAdapter - Downloaded https://repo.maven.apache.org/maven2/org/hamcrest/hamcrest-core/1.3/hamcrest-core-1.3.jar
2025-04-21 12:31:20,980 [Worker-5: Creating maven-archetype-webapp] INFO  o.e.m.c.i.e.AbstractTransferListenerAdapter - Downloading https://repo.maven.apache.org/maven2/org/apache/maven/plugins/maven-surefire-plugin/3.3.0/maven-surefire-plugin-3.3.0.pom
2025-04-21 12:31:20,990 [Worker-5: Creating maven-archetype-webapp] INFO  o.e.m.c.i.e.AbstractTransferListenerAdapter - Downloaded https://repo.maven.apache.org/maven2/org/apache/maven/plugins/maven-surefire-plugin/3.3.0/maven-surefire-plugin-3.3.0.pom
2025-04-21 12:31:21,378 [Worker-5: Creating maven-archetype-webapp] INFO  o.e.m.c.i.e.AbstractTransferListenerAdapter - Downloading https://repo.maven.apache.org/maven2/org/apache/maven/surefire/surefire/3.3.0/surefire-3.3.0.pom
2025-04-21 12:31:21,398 [Worker-5: Creating maven-archetype-webapp] INFO  o.e.m.c.i.e.AbstractTransferListenerAdapter - Downloaded https://repo.maven.apache.org/maven2/org/apache/maven/surefire/surefire/3.3.0/surefire-3.3.0.pom
2025-04-21 12:31:26,039 [Worker-5: Creating maven-archetype-webapp] INFO  o.e.m.j.i.AbstractJavaProjectConfigurator - Adding source folder /LifeCycleOfServlet/src/main/java
2025-04-21 12:31:26,045 [Worker-5: Creating maven-archetype-webapp] INFO  o.e.m.j.i.AbstractJavaProjectConfigurator - Adding resource folder /LifeCycleOfServlet/src/main/resources
2025-04-21 12:31:26,046 [Worker-5: Creating maven-archetype-webapp] INFO  o.e.m.j.i.AbstractJavaProjectConfigurator - Adding source folder /LifeCycleOfServlet/src/test/java
2025-04-21 12:31:26,050 [Worker-5: Creating maven-archetype-webapp] INFO  o.e.m.j.i.AbstractJavaProjectConfigurator - Adding resource folder /LifeCycleOfServlet/src/test/resources
2025-04-21 12:31:26,556 [Worker-41: Download sources and javadoc] INFO  o.e.m.c.i.e.AbstractTransferListenerAdapter - Downloading https://repo.maven.apache.org/maven2/junit/junit/4.13.1/junit-4.13.1-sources.jar
2025-04-21 12:31:27,562 [Worker-41: Download sources and javadoc] INFO  o.e.m.c.i.e.AbstractTransferListenerAdapter - Downloaded https://repo.maven.apache.org/maven2/junit/junit/4.13.1/junit-4.13.1-sources.jar
2025-04-21 12:31:27,574 [Worker-41: Download sources and javadoc] INFO  o.e.m.j.internal.DownloadSourcesJob - Downloaded sources for junit:junit:4.13.1
2025-04-21 12:31:27,768 [Worker-41: Download sources and javadoc] INFO  o.e.m.c.i.e.AbstractTransferListenerAdapter - Downloading https://repo.maven.apache.org/maven2/org/hamcrest/hamcrest-core/1.3/hamcrest-core-1.3-sources.jar
2025-04-21 12:31:27,824 [Worker-41: Download sources and javadoc] INFO  o.e.m.c.i.e.AbstractTransferListenerAdapter - Downloaded https://repo.maven.apache.org/maven2/org/hamcrest/hamcrest-core/1.3/hamcrest-core-1.3-sources.jar
2025-04-21 12:31:27,836 [Worker-41: Download sources and javadoc] INFO  o.e.m.j.internal.DownloadSourcesJob - Downloaded sources for org.hamcrest:hamcrest-core:1.3
2025-04-21 12:31:29,455 [Worker-5: Creating maven-archetype-webapp] INFO  o.e.m.c.i.e.AbstractTransferListenerAdapter - Downloading https://repo.maven.apache.org/maven2/org/apache/maven/plugins/maven-clean-plugin/3.4.0/maven-clean-plugin-3.4.0.pom
2025-04-21 12:31:29,599 [Worker-5: Creating maven-archetype-webapp] INFO  o.e.m.c.i.e.AbstractTransferListenerAdapter - Downloaded https://repo.maven.apache.org/maven2/org/apache/maven/plugins/maven-clean-plugin/3.4.0/maven-clean-plugin-3.4.0.pom
2025-04-21 12:31:29,777 [Worker-5: Creating maven-archetype-webapp] INFO  o.e.m.c.i.p.ProjectConfigurationManager - Imported and configured 1 project(s) in 14 sec
2025-04-21 12:31:31,367 [Worker-39: Building] INFO  o.a.m.s.f.DefaultMavenResourcesFiltering - skip non existing resourceDirectory C:\Users\Elango\Desktop\Advanced Java\J2EE\M87\JDBC\LifeCycleOfServlet\src\main\resources
2025-04-21 12:31:31,379 [Worker-39: Building] INFO  o.a.m.s.f.DefaultMavenResourcesFiltering - skip non existing resourceDirectory C:\Users\Elango\Desktop\Advanced Java\J2EE\M87\JDBC\LifeCycleOfServlet\src\test\resources
2025-04-21 12:34:38,222 [Worker-38: Building] INFO  o.a.m.s.f.DefaultMavenResourcesFiltering - Copying 0 resource from src\main\resources to target\classes
2025-04-21 12:34:38,231 [Worker-38: Building] INFO  o.a.m.s.f.DefaultMavenResourcesFiltering - Copying 0 resource from src\test\resources to target\test-classes
2025-04-21 12:35:38,174 [Worker-36: Building] INFO  o.a.m.s.f.DefaultMavenResourcesFiltering - Copying 0 resource from src\main\resources to target\classes
2025-04-21 12:35:38,184 [Worker-36: Building] INFO  o.a.m.s.f.DefaultMavenResourcesFiltering - Copying 0 resource from src\test\resources to target\test-classes
2025-04-21 12:55:52,278 [Worker-46: Launching mavenrun-deae1083-a163-40cc-8edf-ba8f5570bc29] INFO  o.eclipse.m2e.core.internal.Bundles - getClasspathEntries(Bundle=org.eclipse.m2e.maven.runtime_3.9.900.20240824-1409 [638])
2025-04-21 12:55:52,281 [Worker-46: Launching mavenrun-deae1083-a163-40cc-8edf-ba8f5570bc29] INFO  o.eclipse.m2e.core.internal.Bundles - 	Entry: C:\Users\Elango\.p2\pool\plugins\org.eclipse.m2e.maven.runtime_3.9.900.20240824-1409
2025-04-21 12:55:52,282 [Worker-46: Launching mavenrun-deae1083-a163-40cc-8edf-ba8f5570bc29] INFO  o.eclipse.m2e.core.internal.Bundles - 	Entry: C:\Users\Elango\.p2\pool\plugins\org.eclipse.m2e.maven.runtime_3.9.900.20240824-1409\jars\aopalliance-1.0.jar
2025-04-21 12:55:52,282 [Worker-46: Launching mavenrun-deae1083-a163-40cc-8edf-ba8f5570bc29] INFO  o.eclipse.m2e.core.internal.Bundles - 	Entry: C:\Users\Elango\.p2\pool\plugins\org.eclipse.m2e.maven.runtime_3.9.900.20240824-1409\jars\guice-5.1.0.jar
2025-04-21 12:55:52,283 [Worker-46: Launching mavenrun-deae1083-a163-40cc-8edf-ba8f5570bc29] INFO  o.eclipse.m2e.core.internal.Bundles - 	Entry: C:\Users\Elango\.p2\pool\plugins\org.eclipse.m2e.maven.runtime_3.9.900.20240824-1409\jars\httpclient-4.5.14.jar
2025-04-21 12:55:52,284 [Worker-46: Launching mavenrun-deae1083-a163-40cc-8edf-ba8f5570bc29] INFO  o.eclipse.m2e.core.internal.Bundles - 	Entry: C:\Users\Elango\.p2\pool\plugins\org.eclipse.m2e.maven.runtime_3.9.900.20240824-1409\jars\httpcore-4.4.16.jar
2025-04-21 12:55:52,284 [Worker-46: Launching mavenrun-deae1083-a163-40cc-8edf-ba8f5570bc29] INFO  o.eclipse.m2e.core.internal.Bundles - 	Entry: C:\Users\Elango\.p2\pool\plugins\org.eclipse.m2e.maven.runtime_3.9.900.20240824-1409\jars\jansi-2.4.1.jar
2025-04-21 12:55:52,285 [Worker-46: Launching mavenrun-deae1083-a163-40cc-8edf-ba8f5570bc29] INFO  o.eclipse.m2e.core.internal.Bundles - 	Entry: C:\Users\Elango\.p2\pool\plugins\org.eclipse.m2e.maven.runtime_3.9.900.20240824-1409\jars\jcl-over-slf4j-1.7.36.jar
2025-04-21 12:55:52,285 [Worker-46: Launching mavenrun-deae1083-a163-40cc-8edf-ba8f5570bc29] INFO  o.eclipse.m2e.core.internal.Bundles - 	Entry: C:\Users\Elango\.p2\pool\plugins\org.eclipse.m2e.maven.runtime_3.9.900.20240824-1409\jars\maven-artifact-3.9.9.jar
2025-04-21 12:55:52,286 [Worker-46: Launching mavenrun-deae1083-a163-40cc-8edf-ba8f5570bc29] INFO  o.eclipse.m2e.core.internal.Bundles - 	Entry: C:\Users\Elango\.p2\pool\plugins\org.eclipse.m2e.maven.runtime_3.9.900.20240824-1409\jars\maven-builder-support-3.9.9.jar
2025-04-21 12:55:52,286 [Worker-46: Launching mavenrun-deae1083-a163-40cc-8edf-ba8f5570bc29] INFO  o.eclipse.m2e.core.internal.Bundles - 	Entry: C:\Users\Elango\.p2\pool\plugins\org.eclipse.m2e.maven.runtime_3.9.900.20240824-1409\jars\maven-compat-3.9.9.jar
2025-04-21 12:55:52,287 [Worker-46: Launching mavenrun-deae1083-a163-40cc-8edf-ba8f5570bc29] INFO  o.eclipse.m2e.core.internal.Bundles - 	Entry: C:\Users\Elango\.p2\pool\plugins\org.eclipse.m2e.maven.runtime_3.9.900.20240824-1409\jars\maven-core-3.9.9.jar
2025-04-21 12:55:52,288 [Worker-46: Launching mavenrun-deae1083-a163-40cc-8edf-ba8f5570bc29] INFO  o.eclipse.m2e.core.internal.Bundles - 	Entry: C:\Users\Elango\.p2\pool\plugins\org.eclipse.m2e.maven.runtime_3.9.900.20240824-1409\jars\maven-embedder-3.9.9.jar
2025-04-21 12:55:52,288 [Worker-46: Launching mavenrun-deae1083-a163-40cc-8edf-ba8f5570bc29] INFO  o.eclipse.m2e.core.internal.Bundles - 	Entry: C:\Users\Elango\.p2\pool\plugins\org.eclipse.m2e.maven.runtime_3.9.900.20240824-1409\jars\maven-model-3.9.9.jar
2025-04-21 12:55:52,289 [Worker-46: Launching mavenrun-deae1083-a163-40cc-8edf-ba8f5570bc29] INFO  o.eclipse.m2e.core.internal.Bundles - 	Entry: C:\Users\Elango\.p2\pool\plugins\org.eclipse.m2e.maven.runtime_3.9.900.20240824-1409\jars\maven-model-builder-3.9.9.jar
2025-04-21 12:55:52,289 [Worker-46: Launching mavenrun-deae1083-a163-40cc-8edf-ba8f5570bc29] INFO  o.eclipse.m2e.core.internal.Bundles - 	Entry: C:\Users\Elango\.p2\pool\plugins\org.eclipse.m2e.maven.runtime_3.9.900.20240824-1409\jars\maven-plugin-api-3.9.9.jar
2025-04-21 12:55:52,290 [Worker-46: Launching mavenrun-deae1083-a163-40cc-8edf-ba8f5570bc29] INFO  o.eclipse.m2e.core.internal.Bundles - 	Entry: C:\Users\Elango\.p2\pool\plugins\org.eclipse.m2e.maven.runtime_3.9.900.20240824-1409\jars\maven-repository-metadata-3.9.9.jar
2025-04-21 12:55:52,291 [Worker-46: Launching mavenrun-deae1083-a163-40cc-8edf-ba8f5570bc29] INFO  o.eclipse.m2e.core.internal.Bundles - 	Entry: C:\Users\Elango\.p2\pool\plugins\org.eclipse.m2e.maven.runtime_3.9.900.20240824-1409\jars\maven-resolver-api-1.9.22.jar
2025-04-21 12:55:52,291 [Worker-46: Launching mavenrun-deae1083-a163-40cc-8edf-ba8f5570bc29] INFO  o.eclipse.m2e.core.internal.Bundles - 	Entry: C:\Users\Elango\.p2\pool\plugins\org.eclipse.m2e.maven.runtime_3.9.900.20240824-1409\jars\maven-resolver-connector-basic-1.9.22.jar
2025-04-21 12:55:52,292 [Worker-46: Launching mavenrun-deae1083-a163-40cc-8edf-ba8f5570bc29] INFO  o.eclipse.m2e.core.internal.Bundles - 	Entry: C:\Users\Elango\.p2\pool\plugins\org.eclipse.m2e.maven.runtime_3.9.900.20240824-1409\jars\maven-resolver-impl-1.9.22.jar
2025-04-21 12:55:52,293 [Worker-46: Launching mavenrun-deae1083-a163-40cc-8edf-ba8f5570bc29] INFO  o.eclipse.m2e.core.internal.Bundles - 	Entry: C:\Users\Elango\.p2\pool\plugins\org.eclipse.m2e.maven.runtime_3.9.900.20240824-1409\jars\maven-resolver-named-locks-1.9.22.jar
2025-04-21 12:55:52,293 [Worker-46: Launching mavenrun-deae1083-a163-40cc-8edf-ba8f5570bc29] INFO  o.eclipse.m2e.core.internal.Bundles - 	Entry: C:\Users\Elango\.p2\pool\plugins\org.eclipse.m2e.maven.runtime_3.9.900.20240824-1409\jars\maven-resolver-provider-3.9.9.jar
2025-04-21 12:55:52,294 [Worker-46: Launching mavenrun-deae1083-a163-40cc-8edf-ba8f5570bc29] INFO  o.eclipse.m2e.core.internal.Bundles - 	Entry: C:\Users\Elango\.p2\pool\plugins\org.eclipse.m2e.maven.runtime_3.9.900.20240824-1409\jars\maven-resolver-spi-1.9.22.jar
2025-04-21 12:55:52,295 [Worker-46: Launching mavenrun-deae1083-a163-40cc-8edf-ba8f5570bc29] INFO  o.eclipse.m2e.core.internal.Bundles - 	Entry: C:\Users\Elango\.p2\pool\plugins\org.eclipse.m2e.maven.runtime_3.9.900.20240824-1409\jars\maven-resolver-transport-file-1.9.22.jar
2025-04-21 12:55:52,295 [Worker-46: Launching mavenrun-deae1083-a163-40cc-8edf-ba8f5570bc29] INFO  o.eclipse.m2e.core.internal.Bundles - 	Entry: C:\Users\Elango\.p2\pool\plugins\org.eclipse.m2e.maven.runtime_3.9.900.20240824-1409\jars\maven-resolver-transport-http-1.9.22.jar
2025-04-21 12:55:52,296 [Worker-46: Launching mavenrun-deae1083-a163-40cc-8edf-ba8f5570bc29] INFO  o.eclipse.m2e.core.internal.Bundles - 	Entry: C:\Users\Elango\.p2\pool\plugins\org.eclipse.m2e.maven.runtime_3.9.900.20240824-1409\jars\maven-resolver-transport-wagon-1.9.22.jar
2025-04-21 12:55:52,296 [Worker-46: Launching mavenrun-deae1083-a163-40cc-8edf-ba8f5570bc29] INFO  o.eclipse.m2e.core.internal.Bundles - 	Entry: C:\Users\Elango\.p2\pool\plugins\org.eclipse.m2e.maven.runtime_3.9.900.20240824-1409\jars\maven-resolver-util-1.9.22.jar
2025-04-21 12:55:52,297 [Worker-46: Launching mavenrun-deae1083-a163-40cc-8edf-ba8f5570bc29] INFO  o.eclipse.m2e.core.internal.Bundles - 	Entry: C:\Users\Elango\.p2\pool\plugins\org.eclipse.m2e.maven.runtime_3.9.900.20240824-1409\jars\maven-settings-3.9.9.jar
2025-04-21 12:55:52,298 [Worker-46: Launching mavenrun-deae1083-a163-40cc-8edf-ba8f5570bc29] INFO  o.eclipse.m2e.core.internal.Bundles - 	Entry: C:\Users\Elango\.p2\pool\plugins\org.eclipse.m2e.maven.runtime_3.9.900.20240824-1409\jars\maven-settings-builder-3.9.9.jar
2025-04-21 12:55:52,298 [Worker-46: Launching mavenrun-deae1083-a163-40cc-8edf-ba8f5570bc29] INFO  o.eclipse.m2e.core.internal.Bundles - 	Entry: C:\Users\Elango\.p2\pool\plugins\org.eclipse.m2e.maven.runtime_3.9.900.20240824-1409\jars\maven-shared-utils-3.4.2.jar
2025-04-21 12:55:52,299 [Worker-46: Launching mavenrun-deae1083-a163-40cc-8edf-ba8f5570bc29] INFO  o.eclipse.m2e.core.internal.Bundles - 	Entry: C:\Users\Elango\.p2\pool\plugins\org.eclipse.m2e.maven.runtime_3.9.900.20240824-1409\jars\org.eclipse.sisu.inject-0.9.0.M3.jar
2025-04-21 12:55:52,299 [Worker-46: Launching mavenrun-deae1083-a163-40cc-8edf-ba8f5570bc29] INFO  o.eclipse.m2e.core.internal.Bundles - 	Entry: C:\Users\Elango\.p2\pool\plugins\org.eclipse.m2e.maven.runtime_3.9.900.20240824-1409\jars\org.eclipse.sisu.plexus-0.9.0.M3.jar
2025-04-21 12:55:52,300 [Worker-46: Launching mavenrun-deae1083-a163-40cc-8edf-ba8f5570bc29] INFO  o.eclipse.m2e.core.internal.Bundles - 	Entry: C:\Users\Elango\.p2\pool\plugins\org.eclipse.m2e.maven.runtime_3.9.900.20240824-1409\jars\plexus-build-api-0.0.7.jar
2025-04-21 12:55:52,300 [Worker-46: Launching mavenrun-deae1083-a163-40cc-8edf-ba8f5570bc29] INFO  o.eclipse.m2e.core.internal.Bundles - 	Entry: C:\Users\Elango\.p2\pool\plugins\org.eclipse.m2e.maven.runtime_3.9.900.20240824-1409\jars\plexus-build-api-1.2.0.jar
2025-04-21 12:55:52,301 [Worker-46: Launching mavenrun-deae1083-a163-40cc-8edf-ba8f5570bc29] INFO  o.eclipse.m2e.core.internal.Bundles - 	Entry: C:\Users\Elango\.p2\pool\plugins\org.eclipse.m2e.maven.runtime_3.9.900.20240824-1409\jars\plexus-cipher-2.0.jar
2025-04-21 12:55:52,301 [Worker-46: Launching mavenrun-deae1083-a163-40cc-8edf-ba8f5570bc29] INFO  o.eclipse.m2e.core.internal.Bundles - 	Entry: C:\Users\Elango\.p2\pool\plugins\org.eclipse.m2e.maven.runtime_3.9.900.20240824-1409\jars\plexus-classworlds-2.8.0.jar
2025-04-21 12:55:52,302 [Worker-46: Launching mavenrun-deae1083-a163-40cc-8edf-ba8f5570bc29] INFO  o.eclipse.m2e.core.internal.Bundles - 	Entry: C:\Users\Elango\.p2\pool\plugins\org.eclipse.m2e.maven.runtime_3.9.900.20240824-1409\jars\plexus-component-annotations-2.1.0.jar
2025-04-21 12:55:52,302 [Worker-46: Launching mavenrun-deae1083-a163-40cc-8edf-ba8f5570bc29] INFO  o.eclipse.m2e.core.internal.Bundles - 	Entry: C:\Users\Elango\.p2\pool\plugins\org.eclipse.m2e.maven.runtime_3.9.900.20240824-1409\jars\plexus-interpolation-1.27.jar
2025-04-21 12:55:52,303 [Worker-46: Launching mavenrun-deae1083-a163-40cc-8edf-ba8f5570bc29] INFO  o.eclipse.m2e.core.internal.Bundles - 	Entry: C:\Users\Elango\.p2\pool\plugins\org.eclipse.m2e.maven.runtime_3.9.900.20240824-1409\jars\plexus-sec-dispatcher-2.0.jar
2025-04-21 12:55:52,304 [Worker-46: Launching mavenrun-deae1083-a163-40cc-8edf-ba8f5570bc29] INFO  o.eclipse.m2e.core.internal.Bundles - 	Entry: C:\Users\Elango\.p2\pool\plugins\org.eclipse.m2e.maven.runtime_3.9.900.20240824-1409\jars\plexus-utils-3.5.1.jar
2025-04-21 12:55:52,304 [Worker-46: Launching mavenrun-deae1083-a163-40cc-8edf-ba8f5570bc29] INFO  o.eclipse.m2e.core.internal.Bundles - 	Entry: C:\Users\Elango\.p2\pool\plugins\org.eclipse.m2e.maven.runtime_3.9.900.20240824-1409\jars\plexus-xml-3.0.1.jar
2025-04-21 12:55:52,305 [Worker-46: Launching mavenrun-deae1083-a163-40cc-8edf-ba8f5570bc29] INFO  o.eclipse.m2e.core.internal.Bundles - 	Entry: C:\Users\Elango\.p2\pool\plugins\org.eclipse.m2e.maven.runtime_3.9.900.20240824-1409\jars\wagon-file-3.5.3.jar
2025-04-21 12:55:52,305 [Worker-46: Launching mavenrun-deae1083-a163-40cc-8edf-ba8f5570bc29] INFO  o.eclipse.m2e.core.internal.Bundles - 	Entry: C:\Users\Elango\.p2\pool\plugins\org.eclipse.m2e.maven.runtime_3.9.900.20240824-1409\jars\wagon-http-3.5.3.jar
2025-04-21 12:55:52,305 [Worker-46: Launching mavenrun-deae1083-a163-40cc-8edf-ba8f5570bc29] INFO  o.eclipse.m2e.core.internal.Bundles - 	Entry: C:\Users\Elango\.p2\pool\plugins\org.eclipse.m2e.maven.runtime_3.9.900.20240824-1409\jars\wagon-http-shared-3.5.3.jar
2025-04-21 12:55:52,306 [Worker-46: Launching mavenrun-deae1083-a163-40cc-8edf-ba8f5570bc29] INFO  o.eclipse.m2e.core.internal.Bundles - 	Entry: C:\Users\Elango\.p2\pool\plugins\org.eclipse.m2e.maven.runtime_3.9.900.20240824-1409\jars\wagon-provider-api-3.5.3.jar
2025-04-21 12:55:52,307 [Worker-46: Launching mavenrun-deae1083-a163-40cc-8edf-ba8f5570bc29] INFO  o.eclipse.m2e.core.internal.Bundles - getClasspathEntries(Bundle=com.google.guava_33.3.1.jre [16])
2025-04-21 12:55:52,308 [Worker-46: Launching mavenrun-deae1083-a163-40cc-8edf-ba8f5570bc29] INFO  o.eclipse.m2e.core.internal.Bundles - 	Entry: C:\Users\Elango\.p2\pool\plugins\com.google.guava_33.3.1.jre.jar
2025-04-21 12:55:52,308 [Worker-46: Launching mavenrun-deae1083-a163-40cc-8edf-ba8f5570bc29] INFO  o.eclipse.m2e.core.internal.Bundles - getClasspathEntries(Bundle=slf4j.api_2.0.16 [1005])
2025-04-21 12:55:52,309 [Worker-46: Launching mavenrun-deae1083-a163-40cc-8edf-ba8f5570bc29] INFO  o.eclipse.m2e.core.internal.Bundles - 	Entry: C:\Users\Elango\.p2\pool\plugins\slf4j.api_2.0.16.jar
2025-04-21 12:55:52,309 [Worker-46: Launching mavenrun-deae1083-a163-40cc-8edf-ba8f5570bc29] INFO  o.eclipse.m2e.core.internal.Bundles - getClasspathEntries(Bundle=jakarta.inject.jakarta.inject-api_1.0.5 [34])
2025-04-21 12:55:52,312 [Worker-46: Launching mavenrun-deae1083-a163-40cc-8edf-ba8f5570bc29] INFO  o.eclipse.m2e.core.internal.Bundles - 	Entry: C:\Users\Elango\.p2\pool\plugins\jakarta.inject.jakarta.inject-api_1.0.5.jar
2025-04-21 12:55:52,312 [Worker-46: Launching mavenrun-deae1083-a163-40cc-8edf-ba8f5570bc29] INFO  o.eclipse.m2e.core.internal.Bundles - getClasspathEntries(Bundle=jakarta.annotation-api_1.3.5 [29])
2025-04-21 12:55:52,314 [Worker-46: Launching mavenrun-deae1083-a163-40cc-8edf-ba8f5570bc29] INFO  o.eclipse.m2e.core.internal.Bundles - 	Entry: C:\Users\Elango\.p2\pool\plugins\jakarta.annotation-api_1.3.5.jar
2025-04-21 12:55:52,314 [Worker-46: Launching mavenrun-deae1083-a163-40cc-8edf-ba8f5570bc29] INFO  o.eclipse.m2e.core.internal.Bundles - getClasspathEntries(Bundle=org.apache.commons.cli_1.9.0 [75])
2025-04-21 12:55:52,316 [Worker-46: Launching mavenrun-deae1083-a163-40cc-8edf-ba8f5570bc29] INFO  o.eclipse.m2e.core.internal.Bundles - 	Entry: C:\Users\Elango\.p2\pool\plugins\org.apache.commons.cli_1.9.0.jar
2025-04-21 12:55:52,316 [Worker-46: Launching mavenrun-deae1083-a163-40cc-8edf-ba8f5570bc29] INFO  o.eclipse.m2e.core.internal.Bundles - getClasspathEntries(Bundle=org.apache.commons.commons-codec_1.16.0 [78])
2025-04-21 12:55:52,318 [Worker-46: Launching mavenrun-deae1083-a163-40cc-8edf-ba8f5570bc29] INFO  o.eclipse.m2e.core.internal.Bundles - 	Entry: C:\Users\Elango\.p2\pool\plugins\org.apache.commons.commons-codec_1.16.0.jar
2025-04-21 12:55:52,318 [Worker-46: Launching mavenrun-deae1083-a163-40cc-8edf-ba8f5570bc29] INFO  o.eclipse.m2e.core.internal.Bundles - getClasspathEntries(Bundle=com.google.guava.failureaccess_1.0.2 [17])
2025-04-21 12:55:52,320 [Worker-46: Launching mavenrun-deae1083-a163-40cc-8edf-ba8f5570bc29] INFO  o.eclipse.m2e.core.internal.Bundles - 	Entry: C:\Users\Elango\.p2\pool\plugins\com.google.guava.failureaccess_1.0.2.jar
2025-04-21 12:55:52,323 [Worker-46: Launching mavenrun-deae1083-a163-40cc-8edf-ba8f5570bc29] INFO  o.e.m.i.launch.MavenLaunchDelegate - Run build in "C:\Users\Elango\AppData\Local\Temp\m2e-archetypeGenerator18090823229865223405":
2025-04-21 12:55:52,324 [Worker-46: Launching mavenrun-deae1083-a163-40cc-8edf-ba8f5570bc29] INFO  o.e.m.i.launch.MavenLaunchDelegate -  mvn  -DarchetypeGroupId=org.apache.maven.archetypes -DarchetypeArtifactId=maven-archetype-webapp -DarchetypeVersion=1.5 -DgroupId=login -DartifactId=loginServlet -Dversion=0.0.1-SNAPSHOT -Dpackage=login.loginServlet -DoutputDirectory="C:\Users\Elango\Desktop\Advanced Java\J2EE\M87\JDBC" -Dstyle.color=always -U archetype:generate
2025-04-21 12:56:44,134 [Worker-44: Creating maven-archetype-webapp] INFO  o.e.m.c.i.p.ProjectConfigurationManager - Collecting project info '/pom.xml' C:\Users\Elango\Desktop\Advanced Java\J2EE\M87\JDBC\loginServlet\pom.xml
2025-04-21 12:56:44,313 [Worker-44: Creating maven-archetype-webapp] INFO  o.e.m.c.i.l.LifecycleMappingFactory - Using org.maven.ide.eclipse.wtp.WarLifecycleMapping lifecycle mapping for MavenProject: login:loginServlet:0.0.1-SNAPSHOT @ C:\Users\Elango\Desktop\Advanced Java\J2EE\M87\JDBC\loginServlet\pom.xml.
2025-04-21 12:56:44,612 [Worker-44: Creating maven-archetype-webapp] INFO  o.e.m.j.i.AbstractJavaProjectConfigurator - Adding source folder /loginServlet/src/main/java
2025-04-21 12:56:44,615 [Worker-44: Creating maven-archetype-webapp] INFO  o.e.m.j.i.AbstractJavaProjectConfigurator - Adding resource folder /loginServlet/src/main/resources
2025-04-21 12:56:44,616 [Worker-44: Creating maven-archetype-webapp] INFO  o.e.m.j.i.AbstractJavaProjectConfigurator - Adding source folder /loginServlet/src/test/java
2025-04-21 12:56:44,618 [Worker-44: Creating maven-archetype-webapp] INFO  o.e.m.j.i.AbstractJavaProjectConfigurator - Adding resource folder /loginServlet/src/test/resources
2025-04-21 12:56:44,991 [Worker-44: Creating maven-archetype-webapp] INFO  o.e.m.c.i.p.ProjectConfigurationManager - Imported and configured 1 project(s) in 0 sec
2025-04-21 12:56:45,629 [Worker-48: Building] INFO  o.a.m.s.f.DefaultMavenResourcesFiltering - skip non existing resourceDirectory C:\Users\Elango\Desktop\Advanced Java\J2EE\M87\JDBC\loginServlet\src\main\resources
2025-04-21 12:56:45,638 [Worker-48: Building] INFO  o.a.m.s.f.DefaultMavenResourcesFiltering - skip non existing resourceDirectory C:\Users\Elango\Desktop\Advanced Java\J2EE\M87\JDBC\loginServlet\src\test\resources
2025-04-21 12:56:46,793 [Worker-51: Building] INFO  o.a.m.s.f.DefaultMavenResourcesFiltering - skip non existing resourceDirectory C:\Users\Elango\Desktop\Advanced Java\J2EE\M87\JDBC\loginServlet\src\main\resources
2025-04-21 12:56:46,799 [Worker-51: Building] INFO  o.a.m.s.f.DefaultMavenResourcesFiltering - skip non existing resourceDirectory C:\Users\Elango\Desktop\Advanced Java\J2EE\M87\JDBC\loginServlet\src\test\resources
2025-04-21 12:58:35,004 [Worker-51: Building] INFO  o.e.m.c.i.l.LifecycleMappingFactory - Using org.maven.ide.eclipse.wtp.WarLifecycleMapping lifecycle mapping for MavenProject: login:loginServlet:0.0.1-SNAPSHOT @ C:\Users\Elango\Desktop\Advanced Java\J2EE\M87\JDBC\loginServlet\pom.xml.
2025-04-21 12:58:35,365 [Worker-51: Building] INFO  o.a.m.s.f.DefaultMavenResourcesFiltering - skip non existing resourceDirectory C:\Users\Elango\Desktop\Advanced Java\J2EE\M87\JDBC\loginServlet\src\main\resources
2025-04-21 12:58:35,374 [Worker-51: Building] INFO  o.a.m.s.f.DefaultMavenResourcesFiltering - skip non existing resourceDirectory C:\Users\Elango\Desktop\Advanced Java\J2EE\M87\JDBC\loginServlet\src\test\resources
2025-04-21 12:58:35,378 [Worker-51: Building] INFO  o.e.m.w.i.f.ResourceFilteringBuildParticipant - Changed resources require a complete clean of filtered resources of loginServlet
2025-04-21 12:58:35,380 [Worker-51: Building] INFO  o.e.m.w.i.f.ResourceFilteringBuildParticipant - Executing resource filtering for loginServlet
2025-04-21 12:59:09,871 [Worker-47: Building] INFO  o.a.m.s.f.DefaultMavenResourcesFiltering - Copying 0 resource from src\main\resources to target\classes
2025-04-21 12:59:09,880 [Worker-47: Building] INFO  o.a.m.s.f.DefaultMavenResourcesFiltering - Copying 0 resource from src\test\resources to target\test-classes
2025-04-21 12:59:50,044 [Worker-51: Building] INFO  o.a.m.s.f.DefaultMavenResourcesFiltering - Copying 0 resource from src\main\resources to target\classes
2025-04-21 12:59:50,053 [Worker-51: Building] INFO  o.a.m.s.f.DefaultMavenResourcesFiltering - Copying 0 resource from src\test\resources to target\test-classes
2025-04-21 13:05:12,164 [Worker-40: Building] INFO  o.a.m.s.f.DefaultMavenResourcesFiltering - Copying 0 resource from src\main\resources to target\classes
2025-04-21 13:05:12,175 [Worker-40: Building] INFO  o.a.m.s.f.DefaultMavenResourcesFiltering - Copying 0 resource from src\test\resources to target\test-classes
2025-04-21 13:38:39,507 [Worker-48: Building] INFO  o.a.m.s.f.DefaultMavenResourcesFiltering - Copying 0 resource from src\main\resources to target\classes
2025-04-21 13:38:39,520 [Worker-48: Building] INFO  o.a.m.s.f.DefaultMavenResourcesFiltering - Copying 0 resource from src\test\resources to target\test-classes
2025-04-21 13:45:35,518 [Worker-61: Building] INFO  o.a.m.s.f.DefaultMavenResourcesFiltering - Copying 0 resource from src\main\resources to target\classes
2025-04-21 13:45:35,526 [Worker-61: Building] INFO  o.a.m.s.f.DefaultMavenResourcesFiltering - Copying 0 resource from src\test\resources to target\test-classes
2025-04-21 13:45:49,483 [Worker-60: Building] INFO  o.a.m.s.f.DefaultMavenResourcesFiltering - Copying 0 resource from src\main\resources to target\classes
2025-04-21 13:45:49,493 [Worker-60: Building] INFO  o.a.m.s.f.DefaultMavenResourcesFiltering - Copying 0 resource from src\test\resources to target\test-classes
2025-04-21 13:46:30,935 [Worker-59: Building] INFO  o.a.m.s.f.DefaultMavenResourcesFiltering - Copying 0 resource from src\main\resources to target\classes
2025-04-21 13:46:30,945 [Worker-59: Building] INFO  o.a.m.s.f.DefaultMavenResourcesFiltering - Copying 0 resource from src\test\resources to target\test-classes
2025-04-21 21:06:13,655 [Worker-66: Building] INFO  o.a.m.s.f.DefaultMavenResourcesFiltering - Copying 0 resource from src\main\resources to target\classes
2025-04-21 21:06:13,663 [Worker-66: Building] INFO  o.a.m.s.f.DefaultMavenResourcesFiltering - Copying 0 resource from src\test\resources to target\test-classes
2025-04-21 21:18:35,482 [Worker-75: Building] INFO  o.a.m.s.f.DefaultMavenResourcesFiltering - Copying 0 resource from src\main\resources to target\classes
2025-04-21 21:18:35,488 [Worker-75: Building] INFO  o.a.m.s.f.DefaultMavenResourcesFiltering - Copying 0 resource from src\test\resources to target\test-classes
2025-04-21 21:19:00,661 [Worker-76: Building] INFO  o.e.m.c.i.l.LifecycleMappingFactory - Using org.maven.ide.eclipse.wtp.WarLifecycleMapping lifecycle mapping for MavenProject: LifeCycle:LifeCycleOfServlet:0.0.1-SNAPSHOT @ C:\Users\Elango\Desktop\Advanced Java\J2EE\M87\JDBC\LifeCycleOfServlet\pom.xml.
2025-04-21 21:19:01,230 [Worker-76: Building] INFO  o.a.m.s.f.DefaultMavenResourcesFiltering - Copying 0 resource from src\main\resources to target\classes
2025-04-21 21:19:01,240 [Worker-76: Building] INFO  o.a.m.s.f.DefaultMavenResourcesFiltering - Copying 0 resource from src\test\resources to target\test-classes
2025-04-21 21:19:01,241 [Worker-76: Building] INFO  o.e.m.w.i.f.ResourceFilteringBuildParticipant - Changed resources require a complete clean of filtered resources of LifeCycleOfServlet
2025-04-21 21:19:01,241 [Worker-76: Building] INFO  o.e.m.w.i.f.ResourceFilteringBuildParticipant - Executing resource filtering for LifeCycleOfServlet
2025-04-21 21:21:41,941 [Worker-67: Building] INFO  o.a.m.s.f.DefaultMavenResourcesFiltering - Copying 0 resource from src\main\resources to target\classes
2025-04-21 21:21:41,947 [Worker-67: Building] INFO  o.a.m.s.f.DefaultMavenResourcesFiltering - Copying 0 resource from src\test\resources to target\test-classes
2025-04-21 21:22:10,742 [Worker-74: Building] INFO  o.a.m.s.f.DefaultMavenResourcesFiltering - Copying 0 resource from src\main\resources to target\classes
2025-04-21 21:22:10,747 [Worker-74: Building] INFO  o.a.m.s.f.DefaultMavenResourcesFiltering - Copying 0 resource from src\test\resources to target\test-classes
2025-04-21 21:29:00,395 [Worker-75: Building] INFO  o.a.m.s.f.DefaultMavenResourcesFiltering - Copying 0 resource from src\main\resources to target\classes
2025-04-21 21:29:00,400 [Worker-75: Building] INFO  o.a.m.s.f.DefaultMavenResourcesFiltering - Copying 0 resource from src\test\resources to target\test-classes
2025-04-21 21:33:00,740 [Worker-74: Building] INFO  o.a.m.s.f.DefaultMavenResourcesFiltering - Copying 0 resource from src\main\resources to target\classes
2025-04-21 21:33:00,746 [Worker-74: Building] INFO  o.a.m.s.f.DefaultMavenResourcesFiltering - Copying 0 resource from src\test\resources to target\test-classes
2025-04-22 12:25:55,710 [Worker-83: Building] INFO  o.a.m.s.f.DefaultMavenResourcesFiltering - Copying 0 resource from src\main\resources to target\classes
2025-04-22 12:25:55,725 [Worker-83: Building] INFO  o.a.m.s.f.DefaultMavenResourcesFiltering - Copying 0 resource from src\test\resources to target\test-classes
2025-04-22 12:27:46,393 [Worker-84: Building] INFO  o.a.m.s.f.DefaultMavenResourcesFiltering - Copying 0 resource from src\main\resources to target\classes
2025-04-22 12:27:46,399 [Worker-84: Building] INFO  o.a.m.s.f.DefaultMavenResourcesFiltering - Copying 0 resource from src\test\resources to target\test-classes
2025-04-22 12:38:33,821 [Worker-90: Building] INFO  o.a.m.s.f.DefaultMavenResourcesFiltering - Copying 0 resource from src\main\resources to target\classes
2025-04-22 12:38:33,831 [Worker-90: Building] INFO  o.a.m.s.f.DefaultMavenResourcesFiltering - Copying 0 resource from src\test\resources to target\test-classes
2025-04-22 12:44:10,884 [Worker-91: Building] INFO  o.a.m.s.f.DefaultMavenResourcesFiltering - Copying 0 resource from src\main\resources to target\classes
2025-04-22 12:44:10,891 [Worker-91: Building] INFO  o.a.m.s.f.DefaultMavenResourcesFiltering - Copying 0 resource from src\test\resources to target\test-classes
2025-04-22 12:49:58,177 [Worker-86: Building] INFO  o.a.m.s.f.DefaultMavenResourcesFiltering - Copying 0 resource from src\main\resources to target\classes
2025-04-22 12:49:58,189 [Worker-86: Building] INFO  o.a.m.s.f.DefaultMavenResourcesFiltering - Copying 0 resource from src\test\resources to target\test-classes
2025-04-22 12:53:56,445 [Worker-77: Building] INFO  o.a.m.s.f.DefaultMavenResourcesFiltering - Copying 0 resource from src\main\resources to target\classes
2025-04-22 12:53:56,451 [Worker-77: Building] INFO  o.a.m.s.f.DefaultMavenResourcesFiltering - Copying 0 resource from src\test\resources to target\test-classes
2025-04-22 13:11:49,093 [Worker-89: Building] INFO  o.e.m.c.i.l.LifecycleMappingFactory - Using org.maven.ide.eclipse.wtp.WarLifecycleMapping lifecycle mapping for MavenProject: login:loginServlet:0.0.1-SNAPSHOT @ C:\Users\Elango\Desktop\Advanced Java\J2EE\M87\JDBC\loginServlet\pom.xml.
2025-04-22 13:11:50,666 [Worker-89: Building] INFO  o.a.m.s.f.DefaultMavenResourcesFiltering - Copying 0 resource from src\main\resources to target\classes
2025-04-22 13:11:50,678 [Worker-89: Building] INFO  o.a.m.s.f.DefaultMavenResourcesFiltering - Copying 0 resource from src\test\resources to target\test-classes
2025-04-22 13:11:50,679 [Worker-89: Building] INFO  o.e.m.w.i.f.ResourceFilteringBuildParticipant - Changed resources require a complete clean of filtered resources of loginServlet
2025-04-22 13:11:50,679 [Worker-89: Building] INFO  o.e.m.w.i.f.ResourceFilteringBuildParticipant - Executing resource filtering for loginServlet
2025-04-22 13:31:40,492 [Worker-84: Building] INFO  o.a.m.s.f.DefaultMavenResourcesFiltering - Copying 0 resource from src\main\resources to target\classes
2025-04-22 13:31:40,499 [Worker-84: Building] INFO  o.a.m.s.f.DefaultMavenResourcesFiltering - Copying 0 resource from src\test\resources to target\test-classes
2025-04-22 13:32:18,376 [Worker-90: Building] INFO  o.a.m.s.f.DefaultMavenResourcesFiltering - Copying 0 resource from src\main\resources to target\classes
2025-04-22 13:32:18,382 [Worker-90: Building] INFO  o.a.m.s.f.DefaultMavenResourcesFiltering - Copying 0 resource from src\test\resources to target\test-classes
2025-04-22 13:36:10,526 [Worker-90: Building] INFO  o.a.m.s.f.DefaultMavenResourcesFiltering - Copying 0 resource from src\main\resources to target\classes
2025-04-22 13:36:10,536 [Worker-90: Building] INFO  o.a.m.s.f.DefaultMavenResourcesFiltering - Copying 0 resource from src\test\resources to target\test-classes
2025-04-22 13:36:42,380 [Worker-87: Building] INFO  o.a.m.s.f.DefaultMavenResourcesFiltering - Copying 0 resource from src\main\resources to target\classes
2025-04-22 13:36:42,387 [Worker-87: Building] INFO  o.a.m.s.f.DefaultMavenResourcesFiltering - Copying 0 resource from src\test\resources to target\test-classes
2025-04-22 13:41:26,468 [Worker-86: Building] INFO  o.a.m.s.f.DefaultMavenResourcesFiltering - Copying 0 resource from src\main\resources to target\classes
2025-04-22 13:41:26,475 [Worker-86: Building] INFO  o.a.m.s.f.DefaultMavenResourcesFiltering - Copying 0 resource from src\test\resources to target\test-classes
2025-04-24 15:12:33,093 [ModalContext] INFO  o.e.m.c.i.e.AbstractTransferListenerAdapter - Downloading https://repo.maven.apache.org/maven2/org/apache/tomcat/maven/tomcat-maven-archetype/2.2/tomcat-maven-archetype-2.2.pom
2025-04-24 15:12:33,117 [ModalContext] INFO  o.e.m.c.i.e.AbstractTransferListenerAdapter - Downloaded https://repo.maven.apache.org/maven2/org/apache/tomcat/maven/tomcat-maven-archetype/2.2/tomcat-maven-archetype-2.2.pom
2025-04-24 15:12:33,601 [ModalContext] INFO  o.e.m.c.i.e.AbstractTransferListenerAdapter - Downloading https://repo.maven.apache.org/maven2/org/apache/tomcat/maven/tomcat-maven-plugin/2.2/tomcat-maven-plugin-2.2.pom
2025-04-24 15:12:33,618 [ModalContext] INFO  o.e.m.c.i.e.AbstractTransferListenerAdapter - Downloaded https://repo.maven.apache.org/maven2/org/apache/tomcat/maven/tomcat-maven-plugin/2.2/tomcat-maven-plugin-2.2.pom
2025-04-24 15:12:33,914 [ModalContext] INFO  o.e.m.c.i.e.AbstractTransferListenerAdapter - Downloading https://repo.maven.apache.org/maven2/org/apache/apache/12/apache-12.pom
2025-04-24 15:12:33,930 [ModalContext] INFO  o.e.m.c.i.e.AbstractTransferListenerAdapter - Downloaded https://repo.maven.apache.org/maven2/org/apache/apache/12/apache-12.pom
2025-04-24 15:12:34,260 [ModalContext] INFO  o.e.m.c.i.e.AbstractTransferListenerAdapter - Downloading https://repo.maven.apache.org/maven2/org/apache/tomcat/maven/tomcat-maven-archetype/2.2/tomcat-maven-archetype-2.2.jar
2025-04-24 15:12:34,276 [ModalContext] INFO  o.e.m.c.i.e.AbstractTransferListenerAdapter - Downloaded https://repo.maven.apache.org/maven2/org/apache/tomcat/maven/tomcat-maven-archetype/2.2/tomcat-maven-archetype-2.2.jar
2025-04-24 15:13:19,496 [Worker-92: Launching mavenrun-b23416db-6198-4c91-818e-e0337823e8a4] INFO  o.eclipse.m2e.core.internal.Bundles - getClasspathEntries(Bundle=org.eclipse.m2e.maven.runtime_3.9.900.20240824-1409 [638])
2025-04-24 15:13:19,503 [Worker-92: Launching mavenrun-b23416db-6198-4c91-818e-e0337823e8a4] INFO  o.eclipse.m2e.core.internal.Bundles - 	Entry: C:\Users\Elango\.p2\pool\plugins\org.eclipse.m2e.maven.runtime_3.9.900.20240824-1409
2025-04-24 15:13:19,505 [Worker-92: Launching mavenrun-b23416db-6198-4c91-818e-e0337823e8a4] INFO  o.eclipse.m2e.core.internal.Bundles - 	Entry: C:\Users\Elango\.p2\pool\plugins\org.eclipse.m2e.maven.runtime_3.9.900.20240824-1409\jars\aopalliance-1.0.jar
2025-04-24 15:13:19,506 [Worker-92: Launching mavenrun-b23416db-6198-4c91-818e-e0337823e8a4] INFO  o.eclipse.m2e.core.internal.Bundles - 	Entry: C:\Users\Elango\.p2\pool\plugins\org.eclipse.m2e.maven.runtime_3.9.900.20240824-1409\jars\guice-5.1.0.jar
2025-04-24 15:13:19,507 [Worker-92: Launching mavenrun-b23416db-6198-4c91-818e-e0337823e8a4] INFO  o.eclipse.m2e.core.internal.Bundles - 	Entry: C:\Users\Elango\.p2\pool\plugins\org.eclipse.m2e.maven.runtime_3.9.900.20240824-1409\jars\httpclient-4.5.14.jar
2025-04-24 15:13:19,508 [Worker-92: Launching mavenrun-b23416db-6198-4c91-818e-e0337823e8a4] INFO  o.eclipse.m2e.core.internal.Bundles - 	Entry: C:\Users\Elango\.p2\pool\plugins\org.eclipse.m2e.maven.runtime_3.9.900.20240824-1409\jars\httpcore-4.4.16.jar
2025-04-24 15:13:19,509 [Worker-92: Launching mavenrun-b23416db-6198-4c91-818e-e0337823e8a4] INFO  o.eclipse.m2e.core.internal.Bundles - 	Entry: C:\Users\Elango\.p2\pool\plugins\org.eclipse.m2e.maven.runtime_3.9.900.20240824-1409\jars\jansi-2.4.1.jar
2025-04-24 15:13:19,509 [Worker-92: Launching mavenrun-b23416db-6198-4c91-818e-e0337823e8a4] INFO  o.eclipse.m2e.core.internal.Bundles - 	Entry: C:\Users\Elango\.p2\pool\plugins\org.eclipse.m2e.maven.runtime_3.9.900.20240824-1409\jars\jcl-over-slf4j-1.7.36.jar
2025-04-24 15:13:19,510 [Worker-92: Launching mavenrun-b23416db-6198-4c91-818e-e0337823e8a4] INFO  o.eclipse.m2e.core.internal.Bundles - 	Entry: C:\Users\Elango\.p2\pool\plugins\org.eclipse.m2e.maven.runtime_3.9.900.20240824-1409\jars\maven-artifact-3.9.9.jar
2025-04-24 15:13:19,511 [Worker-92: Launching mavenrun-b23416db-6198-4c91-818e-e0337823e8a4] INFO  o.eclipse.m2e.core.internal.Bundles - 	Entry: C:\Users\Elango\.p2\pool\plugins\org.eclipse.m2e.maven.runtime_3.9.900.20240824-1409\jars\maven-builder-support-3.9.9.jar
2025-04-24 15:13:19,511 [Worker-92: Launching mavenrun-b23416db-6198-4c91-818e-e0337823e8a4] INFO  o.eclipse.m2e.core.internal.Bundles - 	Entry: C:\Users\Elango\.p2\pool\plugins\org.eclipse.m2e.maven.runtime_3.9.900.20240824-1409\jars\maven-compat-3.9.9.jar
2025-04-24 15:13:19,512 [Worker-92: Launching mavenrun-b23416db-6198-4c91-818e-e0337823e8a4] INFO  o.eclipse.m2e.core.internal.Bundles - 	Entry: C:\Users\Elango\.p2\pool\plugins\org.eclipse.m2e.maven.runtime_3.9.900.20240824-1409\jars\maven-core-3.9.9.jar
2025-04-24 15:13:19,513 [Worker-92: Launching mavenrun-b23416db-6198-4c91-818e-e0337823e8a4] INFO  o.eclipse.m2e.core.internal.Bundles - 	Entry: C:\Users\Elango\.p2\pool\plugins\org.eclipse.m2e.maven.runtime_3.9.900.20240824-1409\jars\maven-embedder-3.9.9.jar
2025-04-24 15:13:19,514 [Worker-92: Launching mavenrun-b23416db-6198-4c91-818e-e0337823e8a4] INFO  o.eclipse.m2e.core.internal.Bundles - 	Entry: C:\Users\Elango\.p2\pool\plugins\org.eclipse.m2e.maven.runtime_3.9.900.20240824-1409\jars\maven-model-3.9.9.jar
2025-04-24 15:13:19,515 [Worker-92: Launching mavenrun-b23416db-6198-4c91-818e-e0337823e8a4] INFO  o.eclipse.m2e.core.internal.Bundles - 	Entry: C:\Users\Elango\.p2\pool\plugins\org.eclipse.m2e.maven.runtime_3.9.900.20240824-1409\jars\maven-model-builder-3.9.9.jar
2025-04-24 15:13:19,516 [Worker-92: Launching mavenrun-b23416db-6198-4c91-818e-e0337823e8a4] INFO  o.eclipse.m2e.core.internal.Bundles - 	Entry: C:\Users\Elango\.p2\pool\plugins\org.eclipse.m2e.maven.runtime_3.9.900.20240824-1409\jars\maven-plugin-api-3.9.9.jar
2025-04-24 15:13:19,517 [Worker-92: Launching mavenrun-b23416db-6198-4c91-818e-e0337823e8a4] INFO  o.eclipse.m2e.core.internal.Bundles - 	Entry: C:\Users\Elango\.p2\pool\plugins\org.eclipse.m2e.maven.runtime_3.9.900.20240824-1409\jars\maven-repository-metadata-3.9.9.jar
2025-04-24 15:13:19,518 [Worker-92: Launching mavenrun-b23416db-6198-4c91-818e-e0337823e8a4] INFO  o.eclipse.m2e.core.internal.Bundles - 	Entry: C:\Users\Elango\.p2\pool\plugins\org.eclipse.m2e.maven.runtime_3.9.900.20240824-1409\jars\maven-resolver-api-1.9.22.jar
2025-04-24 15:13:19,518 [Worker-92: Launching mavenrun-b23416db-6198-4c91-818e-e0337823e8a4] INFO  o.eclipse.m2e.core.internal.Bundles - 	Entry: C:\Users\Elango\.p2\pool\plugins\org.eclipse.m2e.maven.runtime_3.9.900.20240824-1409\jars\maven-resolver-connector-basic-1.9.22.jar
2025-04-24 15:13:19,519 [Worker-92: Launching mavenrun-b23416db-6198-4c91-818e-e0337823e8a4] INFO  o.eclipse.m2e.core.internal.Bundles - 	Entry: C:\Users\Elango\.p2\pool\plugins\org.eclipse.m2e.maven.runtime_3.9.900.20240824-1409\jars\maven-resolver-impl-1.9.22.jar
2025-04-24 15:13:19,520 [Worker-92: Launching mavenrun-b23416db-6198-4c91-818e-e0337823e8a4] INFO  o.eclipse.m2e.core.internal.Bundles - 	Entry: C:\Users\Elango\.p2\pool\plugins\org.eclipse.m2e.maven.runtime_3.9.900.20240824-1409\jars\maven-resolver-named-locks-1.9.22.jar
2025-04-24 15:13:19,521 [Worker-92: Launching mavenrun-b23416db-6198-4c91-818e-e0337823e8a4] INFO  o.eclipse.m2e.core.internal.Bundles - 	Entry: C:\Users\Elango\.p2\pool\plugins\org.eclipse.m2e.maven.runtime_3.9.900.20240824-1409\jars\maven-resolver-provider-3.9.9.jar
2025-04-24 15:13:19,521 [Worker-92: Launching mavenrun-b23416db-6198-4c91-818e-e0337823e8a4] INFO  o.eclipse.m2e.core.internal.Bundles - 	Entry: C:\Users\Elango\.p2\pool\plugins\org.eclipse.m2e.maven.runtime_3.9.900.20240824-1409\jars\maven-resolver-spi-1.9.22.jar
2025-04-24 15:13:19,522 [Worker-92: Launching mavenrun-b23416db-6198-4c91-818e-e0337823e8a4] INFO  o.eclipse.m2e.core.internal.Bundles - 	Entry: C:\Users\Elango\.p2\pool\plugins\org.eclipse.m2e.maven.runtime_3.9.900.20240824-1409\jars\maven-resolver-transport-file-1.9.22.jar
2025-04-24 15:13:19,524 [Worker-92: Launching mavenrun-b23416db-6198-4c91-818e-e0337823e8a4] INFO  o.eclipse.m2e.core.internal.Bundles - 	Entry: C:\Users\Elango\.p2\pool\plugins\org.eclipse.m2e.maven.runtime_3.9.900.20240824-1409\jars\maven-resolver-transport-http-1.9.22.jar
2025-04-24 15:13:19,525 [Worker-92: Launching mavenrun-b23416db-6198-4c91-818e-e0337823e8a4] INFO  o.eclipse.m2e.core.internal.Bundles - 	Entry: C:\Users\Elango\.p2\pool\plugins\org.eclipse.m2e.maven.runtime_3.9.900.20240824-1409\jars\maven-resolver-transport-wagon-1.9.22.jar
2025-04-24 15:13:19,526 [Worker-92: Launching mavenrun-b23416db-6198-4c91-818e-e0337823e8a4] INFO  o.eclipse.m2e.core.internal.Bundles - 	Entry: C:\Users\Elango\.p2\pool\plugins\org.eclipse.m2e.maven.runtime_3.9.900.20240824-1409\jars\maven-resolver-util-1.9.22.jar
2025-04-24 15:13:19,527 [Worker-92: Launching mavenrun-b23416db-6198-4c91-818e-e0337823e8a4] INFO  o.eclipse.m2e.core.internal.Bundles - 	Entry: C:\Users\Elango\.p2\pool\plugins\org.eclipse.m2e.maven.runtime_3.9.900.20240824-1409\jars\maven-settings-3.9.9.jar
2025-04-24 15:13:19,527 [Worker-92: Launching mavenrun-b23416db-6198-4c91-818e-e0337823e8a4] INFO  o.eclipse.m2e.core.internal.Bundles - 	Entry: C:\Users\Elango\.p2\pool\plugins\org.eclipse.m2e.maven.runtime_3.9.900.20240824-1409\jars\maven-settings-builder-3.9.9.jar
2025-04-24 15:13:19,528 [Worker-92: Launching mavenrun-b23416db-6198-4c91-818e-e0337823e8a4] INFO  o.eclipse.m2e.core.internal.Bundles - 	Entry: C:\Users\Elango\.p2\pool\plugins\org.eclipse.m2e.maven.runtime_3.9.900.20240824-1409\jars\maven-shared-utils-3.4.2.jar
2025-04-24 15:13:19,529 [Worker-92: Launching mavenrun-b23416db-6198-4c91-818e-e0337823e8a4] INFO  o.eclipse.m2e.core.internal.Bundles - 	Entry: C:\Users\Elango\.p2\pool\plugins\org.eclipse.m2e.maven.runtime_3.9.900.20240824-1409\jars\org.eclipse.sisu.inject-0.9.0.M3.jar
2025-04-24 15:13:19,529 [Worker-92: Launching mavenrun-b23416db-6198-4c91-818e-e0337823e8a4] INFO  o.eclipse.m2e.core.internal.Bundles - 	Entry: C:\Users\Elango\.p2\pool\plugins\org.eclipse.m2e.maven.runtime_3.9.900.20240824-1409\jars\org.eclipse.sisu.plexus-0.9.0.M3.jar
2025-04-24 15:13:19,530 [Worker-92: Launching mavenrun-b23416db-6198-4c91-818e-e0337823e8a4] INFO  o.eclipse.m2e.core.internal.Bundles - 	Entry: C:\Users\Elango\.p2\pool\plugins\org.eclipse.m2e.maven.runtime_3.9.900.20240824-1409\jars\plexus-build-api-0.0.7.jar
2025-04-24 15:13:19,531 [Worker-92: Launching mavenrun-b23416db-6198-4c91-818e-e0337823e8a4] INFO  o.eclipse.m2e.core.internal.Bundles - 	Entry: C:\Users\Elango\.p2\pool\plugins\org.eclipse.m2e.maven.runtime_3.9.900.20240824-1409\jars\plexus-build-api-1.2.0.jar
2025-04-24 15:13:19,532 [Worker-92: Launching mavenrun-b23416db-6198-4c91-818e-e0337823e8a4] INFO  o.eclipse.m2e.core.internal.Bundles - 	Entry: C:\Users\Elango\.p2\pool\plugins\org.eclipse.m2e.maven.runtime_3.9.900.20240824-1409\jars\plexus-cipher-2.0.jar
2025-04-24 15:13:19,533 [Worker-92: Launching mavenrun-b23416db-6198-4c91-818e-e0337823e8a4] INFO  o.eclipse.m2e.core.internal.Bundles - 	Entry: C:\Users\Elango\.p2\pool\plugins\org.eclipse.m2e.maven.runtime_3.9.900.20240824-1409\jars\plexus-classworlds-2.8.0.jar
2025-04-24 15:13:19,534 [Worker-92: Launching mavenrun-b23416db-6198-4c91-818e-e0337823e8a4] INFO  o.eclipse.m2e.core.internal.Bundles - 	Entry: C:\Users\Elango\.p2\pool\plugins\org.eclipse.m2e.maven.runtime_3.9.900.20240824-1409\jars\plexus-component-annotations-2.1.0.jar
2025-04-24 15:13:19,535 [Worker-92: Launching mavenrun-b23416db-6198-4c91-818e-e0337823e8a4] INFO  o.eclipse.m2e.core.internal.Bundles - 	Entry: C:\Users\Elango\.p2\pool\plugins\org.eclipse.m2e.maven.runtime_3.9.900.20240824-1409\jars\plexus-interpolation-1.27.jar
2025-04-24 15:13:19,536 [Worker-92: Launching mavenrun-b23416db-6198-4c91-818e-e0337823e8a4] INFO  o.eclipse.m2e.core.internal.Bundles - 	Entry: C:\Users\Elango\.p2\pool\plugins\org.eclipse.m2e.maven.runtime_3.9.900.20240824-1409\jars\plexus-sec-dispatcher-2.0.jar
2025-04-24 15:13:19,536 [Worker-92: Launching mavenrun-b23416db-6198-4c91-818e-e0337823e8a4] INFO  o.eclipse.m2e.core.internal.Bundles - 	Entry: C:\Users\Elango\.p2\pool\plugins\org.eclipse.m2e.maven.runtime_3.9.900.20240824-1409\jars\plexus-utils-3.5.1.jar
2025-04-24 15:13:19,537 [Worker-92: Launching mavenrun-b23416db-6198-4c91-818e-e0337823e8a4] INFO  o.eclipse.m2e.core.internal.Bundles - 	Entry: C:\Users\Elango\.p2\pool\plugins\org.eclipse.m2e.maven.runtime_3.9.900.20240824-1409\jars\plexus-xml-3.0.1.jar
2025-04-24 15:13:19,538 [Worker-92: Launching mavenrun-b23416db-6198-4c91-818e-e0337823e8a4] INFO  o.eclipse.m2e.core.internal.Bundles - 	Entry: C:\Users\Elango\.p2\pool\plugins\org.eclipse.m2e.maven.runtime_3.9.900.20240824-1409\jars\wagon-file-3.5.3.jar
2025-04-24 15:13:19,539 [Worker-92: Launching mavenrun-b23416db-6198-4c91-818e-e0337823e8a4] INFO  o.eclipse.m2e.core.internal.Bundles - 	Entry: C:\Users\Elango\.p2\pool\plugins\org.eclipse.m2e.maven.runtime_3.9.900.20240824-1409\jars\wagon-http-3.5.3.jar
2025-04-24 15:13:19,540 [Worker-92: Launching mavenrun-b23416db-6198-4c91-818e-e0337823e8a4] INFO  o.eclipse.m2e.core.internal.Bundles - 	Entry: C:\Users\Elango\.p2\pool\plugins\org.eclipse.m2e.maven.runtime_3.9.900.20240824-1409\jars\wagon-http-shared-3.5.3.jar
2025-04-24 15:13:19,542 [Worker-92: Launching mavenrun-b23416db-6198-4c91-818e-e0337823e8a4] INFO  o.eclipse.m2e.core.internal.Bundles - 	Entry: C:\Users\Elango\.p2\pool\plugins\org.eclipse.m2e.maven.runtime_3.9.900.20240824-1409\jars\wagon-provider-api-3.5.3.jar
2025-04-24 15:13:19,546 [Worker-92: Launching mavenrun-b23416db-6198-4c91-818e-e0337823e8a4] INFO  o.eclipse.m2e.core.internal.Bundles - getClasspathEntries(Bundle=com.google.guava_33.3.1.jre [16])
2025-04-24 15:13:19,551 [Worker-92: Launching mavenrun-b23416db-6198-4c91-818e-e0337823e8a4] INFO  o.eclipse.m2e.core.internal.Bundles - 	Entry: C:\Users\Elango\.p2\pool\plugins\com.google.guava_33.3.1.jre.jar
2025-04-24 15:13:19,551 [Worker-92: Launching mavenrun-b23416db-6198-4c91-818e-e0337823e8a4] INFO  o.eclipse.m2e.core.internal.Bundles - getClasspathEntries(Bundle=slf4j.api_2.0.16 [1005])
2025-04-24 15:13:19,553 [Worker-92: Launching mavenrun-b23416db-6198-4c91-818e-e0337823e8a4] INFO  o.eclipse.m2e.core.internal.Bundles - 	Entry: C:\Users\Elango\.p2\pool\plugins\slf4j.api_2.0.16.jar
2025-04-24 15:13:19,553 [Worker-92: Launching mavenrun-b23416db-6198-4c91-818e-e0337823e8a4] INFO  o.eclipse.m2e.core.internal.Bundles - getClasspathEntries(Bundle=jakarta.inject.jakarta.inject-api_1.0.5 [34])
2025-04-24 15:13:19,556 [Worker-92: Launching mavenrun-b23416db-6198-4c91-818e-e0337823e8a4] INFO  o.eclipse.m2e.core.internal.Bundles - 	Entry: C:\Users\Elango\.p2\pool\plugins\jakarta.inject.jakarta.inject-api_1.0.5.jar
2025-04-24 15:13:19,556 [Worker-92: Launching mavenrun-b23416db-6198-4c91-818e-e0337823e8a4] INFO  o.eclipse.m2e.core.internal.Bundles - getClasspathEntries(Bundle=jakarta.annotation-api_1.3.5 [29])
2025-04-24 15:13:19,559 [Worker-92: Launching mavenrun-b23416db-6198-4c91-818e-e0337823e8a4] INFO  o.eclipse.m2e.core.internal.Bundles - 	Entry: C:\Users\Elango\.p2\pool\plugins\jakarta.annotation-api_1.3.5.jar
2025-04-24 15:13:19,559 [Worker-92: Launching mavenrun-b23416db-6198-4c91-818e-e0337823e8a4] INFO  o.eclipse.m2e.core.internal.Bundles - getClasspathEntries(Bundle=org.apache.commons.cli_1.9.0 [75])
2025-04-24 15:13:19,561 [Worker-92: Launching mavenrun-b23416db-6198-4c91-818e-e0337823e8a4] INFO  o.eclipse.m2e.core.internal.Bundles - 	Entry: C:\Users\Elango\.p2\pool\plugins\org.apache.commons.cli_1.9.0.jar
2025-04-24 15:13:19,561 [Worker-92: Launching mavenrun-b23416db-6198-4c91-818e-e0337823e8a4] INFO  o.eclipse.m2e.core.internal.Bundles - getClasspathEntries(Bundle=org.apache.commons.commons-codec_1.16.0 [78])
2025-04-24 15:13:19,563 [Worker-92: Launching mavenrun-b23416db-6198-4c91-818e-e0337823e8a4] INFO  o.eclipse.m2e.core.internal.Bundles - 	Entry: C:\Users\Elango\.p2\pool\plugins\org.apache.commons.commons-codec_1.16.0.jar
2025-04-24 15:13:19,564 [Worker-92: Launching mavenrun-b23416db-6198-4c91-818e-e0337823e8a4] INFO  o.eclipse.m2e.core.internal.Bundles - getClasspathEntries(Bundle=com.google.guava.failureaccess_1.0.2 [17])
2025-04-24 15:13:19,566 [Worker-92: Launching mavenrun-b23416db-6198-4c91-818e-e0337823e8a4] INFO  o.eclipse.m2e.core.internal.Bundles - 	Entry: C:\Users\Elango\.p2\pool\plugins\com.google.guava.failureaccess_1.0.2.jar
2025-04-24 15:13:19,575 [Worker-92: Launching mavenrun-b23416db-6198-4c91-818e-e0337823e8a4] INFO  o.e.m.i.launch.MavenLaunchDelegate - Run build in "C:\Users\Elango\AppData\Local\Temp\m2e-archetypeGenerator3595131501383692205":
2025-04-24 15:13:19,577 [Worker-92: Launching mavenrun-b23416db-6198-4c91-818e-e0337823e8a4] INFO  o.e.m.i.launch.MavenLaunchDelegate -  mvn  -DarchetypeGroupId=org.apache.tomcat.maven -DarchetypeArtifactId=tomcat-maven-archetype -DarchetypeVersion=2.2 -DgroupId=signin -DartifactId=signinProject -Dversion=0.0.1-SNAPSHOT -Dpackage=signin.signinProject -DoutputDirectory="C:\Users\Elango\Desktop\Advanced Java\J2EE\M87\JDBC" -Dstyle.color=always -U archetype:generate
2025-04-24 15:13:55,290 [Worker-94: Creating tomcat-maven-archetype] INFO  o.e.m.c.i.p.ProjectConfigurationManager - Collecting project info '/pom.xml' C:\Users\Elango\Desktop\Advanced Java\J2EE\M87\JDBC\signinProject\pom.xml
2025-04-24 15:13:55,291 [Worker-94: Creating tomcat-maven-archetype] INFO  o.e.m.c.i.p.ProjectConfigurationManager - Collecting project info 'signinProject-api/pom.xml' C:\Users\Elango\Desktop\Advanced Java\J2EE\M87\JDBC\signinProject\signinProject-api\pom.xml
2025-04-24 15:13:55,291 [Worker-94: Creating tomcat-maven-archetype] INFO  o.e.m.c.i.p.ProjectConfigurationManager - Collecting project info 'signinProject-api-impl/pom.xml' C:\Users\Elango\Desktop\Advanced Java\J2EE\M87\JDBC\signinProject\signinProject-api-impl\pom.xml
2025-04-24 15:13:55,291 [Worker-94: Creating tomcat-maven-archetype] INFO  o.e.m.c.i.p.ProjectConfigurationManager - Collecting project info 'signinProject-webapp/pom.xml' C:\Users\Elango\Desktop\Advanced Java\J2EE\M87\JDBC\signinProject\signinProject-webapp\pom.xml
2025-04-24 15:13:55,291 [Worker-94: Creating tomcat-maven-archetype] INFO  o.e.m.c.i.p.ProjectConfigurationManager - Collecting project info 'signinProject-webapp-exec/pom.xml' C:\Users\Elango\Desktop\Advanced Java\J2EE\M87\JDBC\signinProject\signinProject-webapp-exec\pom.xml
2025-04-24 15:13:55,291 [Worker-94: Creating tomcat-maven-archetype] INFO  o.e.m.c.i.p.ProjectConfigurationManager - Collecting project info 'signinProject-webapp-it/pom.xml' C:\Users\Elango\Desktop\Advanced Java\J2EE\M87\JDBC\signinProject\signinProject-webapp-it\pom.xml
2025-04-24 15:13:56,888 [Worker-94: Creating tomcat-maven-archetype] INFO  o.e.m.c.i.e.AbstractTransferListenerAdapter - Downloading https://repo.maven.apache.org/maven2/org/apache/maven/plugins/maven-enforcer-plugin/1.0.1/maven-enforcer-plugin-1.0.1.pom
2025-04-24 15:13:56,900 [Worker-94: Creating tomcat-maven-archetype] INFO  o.e.m.c.i.e.AbstractTransferListenerAdapter - Downloaded https://repo.maven.apache.org/maven2/org/apache/maven/plugins/maven-enforcer-plugin/1.0.1/maven-enforcer-plugin-1.0.1.pom
2025-04-24 15:13:57,746 [Worker-94: Creating tomcat-maven-archetype] INFO  o.e.m.c.i.e.AbstractTransferListenerAdapter - Downloading https://repo.maven.apache.org/maven2/org/apache/maven/enforcer/enforcer/1.0.1/enforcer-1.0.1.pom
2025-04-24 15:13:57,757 [Worker-94: Creating tomcat-maven-archetype] INFO  o.e.m.c.i.e.AbstractTransferListenerAdapter - Downloaded https://repo.maven.apache.org/maven2/org/apache/maven/enforcer/enforcer/1.0.1/enforcer-1.0.1.pom
2025-04-24 15:13:58,353 [Worker-94: Creating tomcat-maven-archetype] INFO  o.e.m.c.i.e.AbstractTransferListenerAdapter - Downloading https://repo.maven.apache.org/maven2/org/apache/maven/maven-parent/19/maven-parent-19.pom
2025-04-24 15:13:58,592 [Worker-94: Creating tomcat-maven-archetype] INFO  o.e.m.c.i.e.AbstractTransferListenerAdapter - Downloaded https://repo.maven.apache.org/maven2/org/apache/maven/maven-parent/19/maven-parent-19.pom
2025-04-24 15:13:59,058 [Worker-94: Creating tomcat-maven-archetype] INFO  o.e.m.c.i.e.AbstractTransferListenerAdapter - Downloading https://repo.maven.apache.org/maven2/org/apache/maven/plugins/maven-enforcer-plugin/1.0.1/maven-enforcer-plugin-1.0.1.jar
2025-04-24 15:13:59,073 [Worker-94: Creating tomcat-maven-archetype] INFO  o.e.m.c.i.e.AbstractTransferListenerAdapter - Downloaded https://repo.maven.apache.org/maven2/org/apache/maven/plugins/maven-enforcer-plugin/1.0.1/maven-enforcer-plugin-1.0.1.jar
2025-04-24 15:13:59,127 [Worker-94: Creating tomcat-maven-archetype] INFO  o.e.m.c.i.l.LifecycleMappingFactory - Using NULL lifecycle mapping for MavenProject: signin:signinProject:0.0.1-SNAPSHOT @ C:\Users\Elango\Desktop\Advanced Java\J2EE\M87\JDBC\signinProject\pom.xml.
2025-04-24 15:13:59,770 [Worker-94: Creating tomcat-maven-archetype] INFO  o.e.m.c.i.e.AbstractTransferListenerAdapter - Downloading https://repo.maven.apache.org/maven2/org/apache/maven/plugins/maven-compiler-plugin/2.5.1/maven-compiler-plugin-2.5.1.jar
2025-04-24 15:13:59,781 [Worker-94: Creating tomcat-maven-archetype] INFO  o.e.m.c.i.e.AbstractTransferListenerAdapter - Downloaded https://repo.maven.apache.org/maven2/org/apache/maven/plugins/maven-compiler-plugin/2.5.1/maven-compiler-plugin-2.5.1.jar
2025-04-24 15:14:00,529 [Worker-94: Creating tomcat-maven-archetype] INFO  o.e.m.c.i.e.AbstractTransferListenerAdapter - Downloading https://repo.maven.apache.org/maven2/org/apache/maven/plugins/maven-surefire-plugin/2.13/maven-surefire-plugin-2.13.jar
2025-04-24 15:14:00,541 [Worker-94: Creating tomcat-maven-archetype] INFO  o.e.m.c.i.e.AbstractTransferListenerAdapter - Downloaded https://repo.maven.apache.org/maven2/org/apache/maven/plugins/maven-surefire-plugin/2.13/maven-surefire-plugin-2.13.jar
2025-04-24 15:14:01,261 [Worker-94: Creating tomcat-maven-archetype] INFO  o.e.m.c.i.e.AbstractTransferListenerAdapter - Downloading https://repo.maven.apache.org/maven2/org/apache/maven/plugins/maven-compiler-plugin/2.5.1/maven-compiler-plugin-2.5.1.pom
2025-04-24 15:14:01,271 [Worker-94: Creating tomcat-maven-archetype] INFO  o.e.m.c.i.e.AbstractTransferListenerAdapter - Downloaded https://repo.maven.apache.org/maven2/org/apache/maven/plugins/maven-compiler-plugin/2.5.1/maven-compiler-plugin-2.5.1.pom
2025-04-24 15:14:02,016 [Worker-94: Creating tomcat-maven-archetype] INFO  o.e.m.c.i.e.AbstractTransferListenerAdapter - Downloading https://repo.maven.apache.org/maven2/org/apache/maven/plugins/maven-plugins/22/maven-plugins-22.pom
2025-04-24 15:14:02,026 [Worker-94: Creating tomcat-maven-archetype] INFO  o.e.m.c.i.e.AbstractTransferListenerAdapter - Downloaded https://repo.maven.apache.org/maven2/org/apache/maven/plugins/maven-plugins/22/maven-plugins-22.pom
2025-04-24 15:14:02,708 [Worker-94: Creating tomcat-maven-archetype] INFO  o.e.m.c.i.e.AbstractTransferListenerAdapter - Downloading https://repo.maven.apache.org/maven2/org/apache/maven/maven-parent/21/maven-parent-21.pom
2025-04-24 15:14:02,726 [Worker-94: Creating tomcat-maven-archetype] INFO  o.e.m.c.i.e.AbstractTransferListenerAdapter - Downloaded https://repo.maven.apache.org/maven2/org/apache/maven/maven-parent/21/maven-parent-21.pom
2025-04-24 15:14:03,299 [Worker-94: Creating tomcat-maven-archetype] INFO  o.e.m.c.i.e.AbstractTransferListenerAdapter - Downloading https://repo.maven.apache.org/maven2/org/apache/apache/10/apache-10.pom
2025-04-24 15:14:03,310 [Worker-94: Creating tomcat-maven-archetype] INFO  o.e.m.c.i.e.AbstractTransferListenerAdapter - Downloaded https://repo.maven.apache.org/maven2/org/apache/apache/10/apache-10.pom
2025-04-24 15:14:03,967 [Worker-94: Creating tomcat-maven-archetype] INFO  o.e.m.c.i.e.AbstractTransferListenerAdapter - Downloading https://repo.maven.apache.org/maven2/org/apache/maven/maven-plugin-api/2.0.9/maven-plugin-api-2.0.9.pom
2025-04-24 15:14:03,977 [Worker-94: Creating tomcat-maven-archetype] INFO  o.e.m.c.i.e.AbstractTransferListenerAdapter - Downloaded https://repo.maven.apache.org/maven2/org/apache/maven/maven-plugin-api/2.0.9/maven-plugin-api-2.0.9.pom
2025-04-24 15:14:04,716 [Worker-94: Creating tomcat-maven-archetype] INFO  o.e.m.c.i.e.AbstractTransferListenerAdapter - Downloading https://repo.maven.apache.org/maven2/org/apache/maven/maven/2.0.9/maven-2.0.9.pom
2025-04-24 15:14:04,727 [Worker-94: Creating tomcat-maven-archetype] INFO  o.e.m.c.i.e.AbstractTransferListenerAdapter - Downloaded https://repo.maven.apache.org/maven2/org/apache/maven/maven/2.0.9/maven-2.0.9.pom
2025-04-24 15:14:05,385 [Worker-94: Creating tomcat-maven-archetype] INFO  o.e.m.c.i.e.AbstractTransferListenerAdapter - Downloading https://repo.maven.apache.org/maven2/org/apache/maven/maven-parent/8/maven-parent-8.pom
2025-04-24 15:14:05,395 [Worker-94: Creating tomcat-maven-archetype] INFO  o.e.m.c.i.e.AbstractTransferListenerAdapter - Downloaded https://repo.maven.apache.org/maven2/org/apache/maven/maven-parent/8/maven-parent-8.pom
2025-04-24 15:14:05,805 [Worker-94: Creating tomcat-maven-archetype] INFO  o.e.m.c.i.e.AbstractTransferListenerAdapter - Downloading https://repo.maven.apache.org/maven2/org/apache/apache/4/apache-4.pom
2025-04-24 15:14:05,816 [Worker-94: Creating tomcat-maven-archetype] INFO  o.e.m.c.i.e.AbstractTransferListenerAdapter - Downloaded https://repo.maven.apache.org/maven2/org/apache/apache/4/apache-4.pom
2025-04-24 15:14:06,157 [Worker-94: Creating tomcat-maven-archetype] INFO  o.e.m.c.i.e.AbstractTransferListenerAdapter - Downloading https://repo.maven.apache.org/maven2/org/apache/maven/maven-artifact/2.0.9/maven-artifact-2.0.9.pom
2025-04-24 15:14:06,170 [Worker-94: Creating tomcat-maven-archetype] INFO  o.e.m.c.i.e.AbstractTransferListenerAdapter - Downloaded https://repo.maven.apache.org/maven2/org/apache/maven/maven-artifact/2.0.9/maven-artifact-2.0.9.pom
2025-04-24 15:14:07,007 [Worker-94: Creating tomcat-maven-archetype] INFO  o.e.m.c.i.e.AbstractTransferListenerAdapter - Downloading https://repo.maven.apache.org/maven2/org/codehaus/plexus/plexus-utils/1.5.1/plexus-utils-1.5.1.pom
2025-04-24 15:14:07,016 [Worker-94: Creating tomcat-maven-archetype] INFO  o.e.m.c.i.e.AbstractTransferListenerAdapter - Downloaded https://repo.maven.apache.org/maven2/org/codehaus/plexus/plexus-utils/1.5.1/plexus-utils-1.5.1.pom
2025-04-24 15:14:07,935 [Worker-94: Creating tomcat-maven-archetype] INFO  o.e.m.c.i.e.AbstractTransferListenerAdapter - Downloading https://repo.maven.apache.org/maven2/org/apache/maven/maven-core/2.0.9/maven-core-2.0.9.pom
2025-04-24 15:14:07,944 [Worker-94: Creating tomcat-maven-archetype] INFO  o.e.m.c.i.e.AbstractTransferListenerAdapter - Downloaded https://repo.maven.apache.org/maven2/org/apache/maven/maven-core/2.0.9/maven-core-2.0.9.pom
2025-04-24 15:14:08,729 [Worker-94: Creating tomcat-maven-archetype] INFO  o.e.m.c.i.e.AbstractTransferListenerAdapter - Downloading https://repo.maven.apache.org/maven2/org/apache/maven/maven-settings/2.0.9/maven-settings-2.0.9.pom
2025-04-24 15:14:08,741 [Worker-94: Creating tomcat-maven-archetype] INFO  o.e.m.c.i.e.AbstractTransferListenerAdapter - Downloaded https://repo.maven.apache.org/maven2/org/apache/maven/maven-settings/2.0.9/maven-settings-2.0.9.pom
2025-04-24 15:14:09,341 [Worker-94: Creating tomcat-maven-archetype] INFO  o.e.m.c.i.e.AbstractTransferListenerAdapter - Downloading https://repo.maven.apache.org/maven2/org/apache/maven/maven-model/2.0.9/maven-model-2.0.9.pom
2025-04-24 15:14:09,350 [Worker-94: Creating tomcat-maven-archetype] INFO  o.e.m.c.i.e.AbstractTransferListenerAdapter - Downloaded https://repo.maven.apache.org/maven2/org/apache/maven/maven-model/2.0.9/maven-model-2.0.9.pom
2025-04-24 15:14:10,019 [Worker-94: Creating tomcat-maven-archetype] INFO  o.e.m.c.i.e.AbstractTransferListenerAdapter - Downloading https://repo.maven.apache.org/maven2/org/apache/maven/maven-plugin-parameter-documenter/2.0.9/maven-plugin-parameter-documenter-2.0.9.pom
2025-04-24 15:14:10,028 [Worker-94: Creating tomcat-maven-archetype] INFO  o.e.m.c.i.e.AbstractTransferListenerAdapter - Downloaded https://repo.maven.apache.org/maven2/org/apache/maven/maven-plugin-parameter-documenter/2.0.9/maven-plugin-parameter-documenter-2.0.9.pom
2025-04-24 15:14:10,421 [Worker-94: Creating tomcat-maven-archetype] INFO  o.e.m.c.i.e.AbstractTransferListenerAdapter - Downloading https://repo.maven.apache.org/maven2/org/apache/maven/maven-profile/2.0.9/maven-profile-2.0.9.pom
2025-04-24 15:14:10,430 [Worker-94: Creating tomcat-maven-archetype] INFO  o.e.m.c.i.e.AbstractTransferListenerAdapter - Downloaded https://repo.maven.apache.org/maven2/org/apache/maven/maven-profile/2.0.9/maven-profile-2.0.9.pom
2025-04-24 15:14:10,836 [Worker-94: Creating tomcat-maven-archetype] INFO  o.e.m.c.i.e.AbstractTransferListenerAdapter - Downloading https://repo.maven.apache.org/maven2/org/apache/maven/maven-repository-metadata/2.0.9/maven-repository-metadata-2.0.9.pom
2025-04-24 15:14:10,845 [Worker-94: Creating tomcat-maven-archetype] INFO  o.e.m.c.i.e.AbstractTransferListenerAdapter - Downloaded https://repo.maven.apache.org/maven2/org/apache/maven/maven-repository-metadata/2.0.9/maven-repository-metadata-2.0.9.pom
2025-04-24 15:14:11,767 [Worker-94: Creating tomcat-maven-archetype] INFO  o.e.m.c.i.e.AbstractTransferListenerAdapter - Downloading https://repo.maven.apache.org/maven2/org/apache/maven/maven-error-diagnostics/2.0.9/maven-error-diagnostics-2.0.9.pom
2025-04-24 15:14:11,777 [Worker-94: Creating tomcat-maven-archetype] INFO  o.e.m.c.i.e.AbstractTransferListenerAdapter - Downloaded https://repo.maven.apache.org/maven2/org/apache/maven/maven-error-diagnostics/2.0.9/maven-error-diagnostics-2.0.9.pom
2025-04-24 15:14:12,368 [Worker-94: Creating tomcat-maven-archetype] INFO  o.e.m.c.i.e.AbstractTransferListenerAdapter - Downloading https://repo.maven.apache.org/maven2/org/apache/maven/maven-project/2.0.9/maven-project-2.0.9.pom
2025-04-24 15:14:12,377 [Worker-94: Creating tomcat-maven-archetype] INFO  o.e.m.c.i.e.AbstractTransferListenerAdapter - Downloaded https://repo.maven.apache.org/maven2/org/apache/maven/maven-project/2.0.9/maven-project-2.0.9.pom
2025-04-24 15:14:13,480 [Worker-94: Creating tomcat-maven-archetype] INFO  o.e.m.c.i.e.AbstractTransferListenerAdapter - Downloading https://repo.maven.apache.org/maven2/org/apache/maven/maven-artifact-manager/2.0.9/maven-artifact-manager-2.0.9.pom
2025-04-24 15:14:13,489 [Worker-94: Creating tomcat-maven-archetype] INFO  o.e.m.c.i.e.AbstractTransferListenerAdapter - Downloaded https://repo.maven.apache.org/maven2/org/apache/maven/maven-artifact-manager/2.0.9/maven-artifact-manager-2.0.9.pom
2025-04-24 15:14:14,047 [Worker-94: Creating tomcat-maven-archetype] INFO  o.e.m.c.i.e.AbstractTransferListenerAdapter - Downloading https://repo.maven.apache.org/maven2/org/apache/maven/maven-plugin-registry/2.0.9/maven-plugin-registry-2.0.9.pom
2025-04-24 15:14:14,057 [Worker-94: Creating tomcat-maven-archetype] INFO  o.e.m.c.i.e.AbstractTransferListenerAdapter - Downloaded https://repo.maven.apache.org/maven2/org/apache/maven/maven-plugin-registry/2.0.9/maven-plugin-registry-2.0.9.pom
2025-04-24 15:14:14,811 [Worker-94: Creating tomcat-maven-archetype] INFO  o.e.m.c.i.e.AbstractTransferListenerAdapter - Downloading https://repo.maven.apache.org/maven2/org/apache/maven/maven-plugin-descriptor/2.0.9/maven-plugin-descriptor-2.0.9.pom
2025-04-24 15:14:14,822 [Worker-94: Creating tomcat-maven-archetype] INFO  o.e.m.c.i.e.AbstractTransferListenerAdapter - Downloaded https://repo.maven.apache.org/maven2/org/apache/maven/maven-plugin-descriptor/2.0.9/maven-plugin-descriptor-2.0.9.pom
2025-04-24 15:14:15,183 [Worker-94: Creating tomcat-maven-archetype] INFO  o.e.m.c.i.e.AbstractTransferListenerAdapter - Downloading https://repo.maven.apache.org/maven2/org/apache/maven/maven-monitor/2.0.9/maven-monitor-2.0.9.pom
2025-04-24 15:14:15,192 [Worker-94: Creating tomcat-maven-archetype] INFO  o.e.m.c.i.e.AbstractTransferListenerAdapter - Downloaded https://repo.maven.apache.org/maven2/org/apache/maven/maven-monitor/2.0.9/maven-monitor-2.0.9.pom
2025-04-24 15:14:15,694 [Worker-94: Creating tomcat-maven-archetype] INFO  o.e.m.c.i.e.AbstractTransferListenerAdapter - Downloading https://repo.maven.apache.org/maven2/org/apache/maven/maven-toolchain/1.0/maven-toolchain-1.0.pom
2025-04-24 15:14:15,706 [Worker-94: Creating tomcat-maven-archetype] INFO  o.e.m.c.i.e.AbstractTransferListenerAdapter - Downloaded https://repo.maven.apache.org/maven2/org/apache/maven/maven-toolchain/1.0/maven-toolchain-1.0.pom
2025-04-24 15:14:16,208 [Worker-94: Creating tomcat-maven-archetype] INFO  o.e.m.c.i.e.AbstractTransferListenerAdapter - Downloading https://repo.maven.apache.org/maven2/org/apache/maven/maven/2.0.6/maven-2.0.6.pom
2025-04-24 15:14:16,217 [Worker-94: Creating tomcat-maven-archetype] INFO  o.e.m.c.i.e.AbstractTransferListenerAdapter - Downloaded https://repo.maven.apache.org/maven2/org/apache/maven/maven/2.0.6/maven-2.0.6.pom
2025-04-24 15:14:16,586 [Worker-94: Creating tomcat-maven-archetype] INFO  o.e.m.c.i.e.AbstractTransferListenerAdapter - Downloading https://repo.maven.apache.org/maven2/org/apache/maven/maven-parent/5/maven-parent-5.pom
2025-04-24 15:14:16,596 [Worker-94: Creating tomcat-maven-archetype] INFO  o.e.m.c.i.e.AbstractTransferListenerAdapter - Downloaded https://repo.maven.apache.org/maven2/org/apache/maven/maven-parent/5/maven-parent-5.pom
2025-04-24 15:14:16,897 [Worker-94: Creating tomcat-maven-archetype] INFO  o.e.m.c.i.e.AbstractTransferListenerAdapter - Downloading https://repo.maven.apache.org/maven2/org/apache/maven/maven-core/2.0.6/maven-core-2.0.6.pom
2025-04-24 15:14:16,906 [Worker-94: Creating tomcat-maven-archetype] INFO  o.e.m.c.i.e.AbstractTransferListenerAdapter - Downloaded https://repo.maven.apache.org/maven2/org/apache/maven/maven-core/2.0.6/maven-core-2.0.6.pom
2025-04-24 15:14:17,418 [Worker-94: Creating tomcat-maven-archetype] INFO  o.e.m.c.i.e.AbstractTransferListenerAdapter - Downloading https://repo.maven.apache.org/maven2/org/apache/maven/maven-settings/2.0.6/maven-settings-2.0.6.pom
2025-04-24 15:14:17,427 [Worker-94: Creating tomcat-maven-archetype] INFO  o.e.m.c.i.e.AbstractTransferListenerAdapter - Downloaded https://repo.maven.apache.org/maven2/org/apache/maven/maven-settings/2.0.6/maven-settings-2.0.6.pom
2025-04-24 15:14:17,708 [Worker-94: Creating tomcat-maven-archetype] INFO  o.e.m.c.i.e.AbstractTransferListenerAdapter - Downloading https://repo.maven.apache.org/maven2/org/apache/maven/maven-model/2.0.6/maven-model-2.0.6.pom
2025-04-24 15:14:17,718 [Worker-94: Creating tomcat-maven-archetype] INFO  o.e.m.c.i.e.AbstractTransferListenerAdapter - Downloaded https://repo.maven.apache.org/maven2/org/apache/maven/maven-model/2.0.6/maven-model-2.0.6.pom
2025-04-24 15:14:18,012 [Worker-94: Creating tomcat-maven-archetype] INFO  o.e.m.c.i.e.AbstractTransferListenerAdapter - Downloading https://repo.maven.apache.org/maven2/org/codehaus/plexus/plexus-utils/1.4.1/plexus-utils-1.4.1.pom
2025-04-24 15:14:18,022 [Worker-94: Creating tomcat-maven-archetype] INFO  o.e.m.c.i.e.AbstractTransferListenerAdapter - Downloaded https://repo.maven.apache.org/maven2/org/codehaus/plexus/plexus-utils/1.4.1/plexus-utils-1.4.1.pom
2025-04-24 15:14:18,314 [Worker-94: Creating tomcat-maven-archetype] INFO  o.e.m.c.i.e.AbstractTransferListenerAdapter - Downloading https://repo.maven.apache.org/maven2/org/codehaus/plexus/plexus-container-default/1.0-alpha-9-stable-1/plexus-container-default-1.0-alpha-9-stable-1.pom
2025-04-24 15:14:18,324 [Worker-94: Creating tomcat-maven-archetype] INFO  o.e.m.c.i.e.AbstractTransferListenerAdapter - Downloaded https://repo.maven.apache.org/maven2/org/codehaus/plexus/plexus-container-default/1.0-alpha-9-stable-1/plexus-container-default-1.0-alpha-9-stable-1.pom
2025-04-24 15:14:18,605 [Worker-94: Creating tomcat-maven-archetype] INFO  o.e.m.c.i.e.AbstractTransferListenerAdapter - Downloading https://repo.maven.apache.org/maven2/org/codehaus/plexus/plexus-containers/1.0.3/plexus-containers-1.0.3.pom
2025-04-24 15:14:18,615 [Worker-94: Creating tomcat-maven-archetype] INFO  o.e.m.c.i.e.AbstractTransferListenerAdapter - Downloaded https://repo.maven.apache.org/maven2/org/codehaus/plexus/plexus-containers/1.0.3/plexus-containers-1.0.3.pom
2025-04-24 15:14:18,898 [Worker-94: Creating tomcat-maven-archetype] INFO  o.e.m.c.i.e.AbstractTransferListenerAdapter - Downloading https://repo.maven.apache.org/maven2/org/codehaus/plexus/plexus/1.0.4/plexus-1.0.4.pom
2025-04-24 15:14:18,908 [Worker-94: Creating tomcat-maven-archetype] INFO  o.e.m.c.i.e.AbstractTransferListenerAdapter - Downloaded https://repo.maven.apache.org/maven2/org/codehaus/plexus/plexus/1.0.4/plexus-1.0.4.pom
2025-04-24 15:14:19,200 [Worker-94: Creating tomcat-maven-archetype] INFO  o.e.m.c.i.e.AbstractTransferListenerAdapter - Downloading https://repo.maven.apache.org/maven2/org/codehaus/plexus/plexus-utils/1.0.4/plexus-utils-1.0.4.pom
2025-04-24 15:14:19,209 [Worker-94: Creating tomcat-maven-archetype] INFO  o.e.m.c.i.e.AbstractTransferListenerAdapter - Downloaded https://repo.maven.apache.org/maven2/org/codehaus/plexus/plexus-utils/1.0.4/plexus-utils-1.0.4.pom
2025-04-24 15:14:19,496 [Worker-94: Creating tomcat-maven-archetype] INFO  o.e.m.c.i.e.AbstractTransferListenerAdapter - Downloading https://repo.maven.apache.org/maven2/classworlds/classworlds/1.1-alpha-2/classworlds-1.1-alpha-2.pom
2025-04-24 15:14:19,503 [Worker-94: Creating tomcat-maven-archetype] INFO  o.e.m.c.i.e.AbstractTransferListenerAdapter - Downloaded https://repo.maven.apache.org/maven2/classworlds/classworlds/1.1-alpha-2/classworlds-1.1-alpha-2.pom
2025-04-24 15:14:19,808 [Worker-94: Creating tomcat-maven-archetype] INFO  o.e.m.c.i.e.AbstractTransferListenerAdapter - Downloading https://repo.maven.apache.org/maven2/org/apache/maven/maven-plugin-parameter-documenter/2.0.6/maven-plugin-parameter-documenter-2.0.6.pom
2025-04-24 15:14:19,818 [Worker-94: Creating tomcat-maven-archetype] INFO  o.e.m.c.i.e.AbstractTransferListenerAdapter - Downloaded https://repo.maven.apache.org/maven2/org/apache/maven/maven-plugin-parameter-documenter/2.0.6/maven-plugin-parameter-documenter-2.0.6.pom
2025-04-24 15:14:20,112 [Worker-94: Creating tomcat-maven-archetype] INFO  o.e.m.c.i.e.AbstractTransferListenerAdapter - Downloading https://repo.maven.apache.org/maven2/org/apache/maven/reporting/maven-reporting-api/2.0.6/maven-reporting-api-2.0.6.pom
2025-04-24 15:14:20,120 [Worker-94: Creating tomcat-maven-archetype] INFO  o.e.m.c.i.e.AbstractTransferListenerAdapter - Downloaded https://repo.maven.apache.org/maven2/org/apache/maven/reporting/maven-reporting-api/2.0.6/maven-reporting-api-2.0.6.pom
2025-04-24 15:14:20,396 [Worker-94: Creating tomcat-maven-archetype] INFO  o.e.m.c.i.e.AbstractTransferListenerAdapter - Downloading https://repo.maven.apache.org/maven2/org/apache/maven/reporting/maven-reporting/2.0.6/maven-reporting-2.0.6.pom
2025-04-24 15:14:20,403 [Worker-94: Creating tomcat-maven-archetype] INFO  o.e.m.c.i.e.AbstractTransferListenerAdapter - Downloaded https://repo.maven.apache.org/maven2/org/apache/maven/reporting/maven-reporting/2.0.6/maven-reporting-2.0.6.pom
2025-04-24 15:14:20,699 [Worker-94: Creating tomcat-maven-archetype] INFO  o.e.m.c.i.e.AbstractTransferListenerAdapter - Downloading https://repo.maven.apache.org/maven2/org/apache/maven/doxia/doxia-sink-api/1.0-alpha-7/doxia-sink-api-1.0-alpha-7.pom
2025-04-24 15:14:20,708 [Worker-94: Creating tomcat-maven-archetype] INFO  o.e.m.c.i.e.AbstractTransferListenerAdapter - Downloaded https://repo.maven.apache.org/maven2/org/apache/maven/doxia/doxia-sink-api/1.0-alpha-7/doxia-sink-api-1.0-alpha-7.pom
2025-04-24 15:14:20,993 [Worker-94: Creating tomcat-maven-archetype] INFO  o.e.m.c.i.e.AbstractTransferListenerAdapter - Downloading https://repo.maven.apache.org/maven2/org/apache/maven/doxia/doxia/1.0-alpha-7/doxia-1.0-alpha-7.pom
2025-04-24 15:14:21,002 [Worker-94: Creating tomcat-maven-archetype] INFO  o.e.m.c.i.e.AbstractTransferListenerAdapter - Downloaded https://repo.maven.apache.org/maven2/org/apache/maven/doxia/doxia/1.0-alpha-7/doxia-1.0-alpha-7.pom
2025-04-24 15:14:21,292 [Worker-94: Creating tomcat-maven-archetype] INFO  o.e.m.c.i.e.AbstractTransferListenerAdapter - Downloading https://repo.maven.apache.org/maven2/org/apache/maven/maven-profile/2.0.6/maven-profile-2.0.6.pom
2025-04-24 15:14:21,309 [Worker-94: Creating tomcat-maven-archetype] INFO  o.e.m.c.i.e.AbstractTransferListenerAdapter - Downloaded https://repo.maven.apache.org/maven2/org/apache/maven/maven-profile/2.0.6/maven-profile-2.0.6.pom
2025-04-24 15:14:21,591 [Worker-94: Creating tomcat-maven-archetype] INFO  o.e.m.c.i.e.AbstractTransferListenerAdapter - Downloading https://repo.maven.apache.org/maven2/org/apache/maven/maven-artifact/2.0.6/maven-artifact-2.0.6.pom
2025-04-24 15:14:21,599 [Worker-94: Creating tomcat-maven-archetype] INFO  o.e.m.c.i.e.AbstractTransferListenerAdapter - Downloaded https://repo.maven.apache.org/maven2/org/apache/maven/maven-artifact/2.0.6/maven-artifact-2.0.6.pom
2025-04-24 15:14:21,890 [Worker-94: Creating tomcat-maven-archetype] INFO  o.e.m.c.i.e.AbstractTransferListenerAdapter - Downloading https://repo.maven.apache.org/maven2/org/apache/maven/maven-repository-metadata/2.0.6/maven-repository-metadata-2.0.6.pom
2025-04-24 15:14:21,899 [Worker-94: Creating tomcat-maven-archetype] INFO  o.e.m.c.i.e.AbstractTransferListenerAdapter - Downloaded https://repo.maven.apache.org/maven2/org/apache/maven/maven-repository-metadata/2.0.6/maven-repository-metadata-2.0.6.pom
2025-04-24 15:14:22,215 [Worker-94: Creating tomcat-maven-archetype] INFO  o.e.m.c.i.e.AbstractTransferListenerAdapter - Downloading https://repo.maven.apache.org/maven2/org/apache/maven/maven-error-diagnostics/2.0.6/maven-error-diagnostics-2.0.6.pom
2025-04-24 15:14:22,224 [Worker-94: Creating tomcat-maven-archetype] INFO  o.e.m.c.i.e.AbstractTransferListenerAdapter - Downloaded https://repo.maven.apache.org/maven2/org/apache/maven/maven-error-diagnostics/2.0.6/maven-error-diagnostics-2.0.6.pom
2025-04-24 15:14:22,521 [Worker-94: Creating tomcat-maven-archetype] INFO  o.e.m.c.i.e.AbstractTransferListenerAdapter - Downloading https://repo.maven.apache.org/maven2/org/apache/maven/maven-project/2.0.6/maven-project-2.0.6.pom
2025-04-24 15:14:22,531 [Worker-94: Creating tomcat-maven-archetype] INFO  o.e.m.c.i.e.AbstractTransferListenerAdapter - Downloaded https://repo.maven.apache.org/maven2/org/apache/maven/maven-project/2.0.6/maven-project-2.0.6.pom
2025-04-24 15:14:22,813 [Worker-94: Creating tomcat-maven-archetype] INFO  o.e.m.c.i.e.AbstractTransferListenerAdapter - Downloading https://repo.maven.apache.org/maven2/org/apache/maven/maven-artifact-manager/2.0.6/maven-artifact-manager-2.0.6.pom
2025-04-24 15:14:22,821 [Worker-94: Creating tomcat-maven-archetype] INFO  o.e.m.c.i.e.AbstractTransferListenerAdapter - Downloaded https://repo.maven.apache.org/maven2/org/apache/maven/maven-artifact-manager/2.0.6/maven-artifact-manager-2.0.6.pom
2025-04-24 15:14:23,118 [Worker-94: Creating tomcat-maven-archetype] INFO  o.e.m.c.i.e.AbstractTransferListenerAdapter - Downloading https://repo.maven.apache.org/maven2/org/apache/maven/maven-plugin-registry/2.0.6/maven-plugin-registry-2.0.6.pom
2025-04-24 15:14:23,128 [Worker-94: Creating tomcat-maven-archetype] INFO  o.e.m.c.i.e.AbstractTransferListenerAdapter - Downloaded https://repo.maven.apache.org/maven2/org/apache/maven/maven-plugin-registry/2.0.6/maven-plugin-registry-2.0.6.pom
2025-04-24 15:14:23,425 [Worker-94: Creating tomcat-maven-archetype] INFO  o.e.m.c.i.e.AbstractTransferListenerAdapter - Downloading https://repo.maven.apache.org/maven2/commons-cli/commons-cli/1.0/commons-cli-1.0.pom
2025-04-24 15:14:23,434 [Worker-94: Creating tomcat-maven-archetype] INFO  o.e.m.c.i.e.AbstractTransferListenerAdapter - Downloaded https://repo.maven.apache.org/maven2/commons-cli/commons-cli/1.0/commons-cli-1.0.pom
2025-04-24 15:14:23,716 [Worker-94: Creating tomcat-maven-archetype] INFO  o.e.m.c.i.e.AbstractTransferListenerAdapter - Downloading https://repo.maven.apache.org/maven2/org/apache/maven/maven-plugin-api/2.0.6/maven-plugin-api-2.0.6.pom
2025-04-24 15:14:23,729 [Worker-94: Creating tomcat-maven-archetype] INFO  o.e.m.c.i.e.AbstractTransferListenerAdapter - Downloaded https://repo.maven.apache.org/maven2/org/apache/maven/maven-plugin-api/2.0.6/maven-plugin-api-2.0.6.pom
2025-04-24 15:14:24,051 [Worker-94: Creating tomcat-maven-archetype] INFO  o.e.m.c.i.e.AbstractTransferListenerAdapter - Downloading https://repo.maven.apache.org/maven2/org/apache/maven/maven-plugin-descriptor/2.0.6/maven-plugin-descriptor-2.0.6.pom
2025-04-24 15:14:24,148 [Worker-94: Creating tomcat-maven-archetype] INFO  o.e.m.c.i.e.AbstractTransferListenerAdapter - Downloaded https://repo.maven.apache.org/maven2/org/apache/maven/maven-plugin-descriptor/2.0.6/maven-plugin-descriptor-2.0.6.pom
2025-04-24 15:14:24,436 [Worker-94: Creating tomcat-maven-archetype] INFO  o.e.m.c.i.e.AbstractTransferListenerAdapter - Downloading https://repo.maven.apache.org/maven2/org/codehaus/plexus/plexus-interactivity-api/1.0-alpha-4/plexus-interactivity-api-1.0-alpha-4.pom
2025-04-24 15:14:24,444 [Worker-94: Creating tomcat-maven-archetype] INFO  o.e.m.c.i.e.AbstractTransferListenerAdapter - Downloaded https://repo.maven.apache.org/maven2/org/codehaus/plexus/plexus-interactivity-api/1.0-alpha-4/plexus-interactivity-api-1.0-alpha-4.pom
2025-04-24 15:14:24,740 [Worker-94: Creating tomcat-maven-archetype] INFO  o.e.m.c.i.e.AbstractTransferListenerAdapter - Downloading https://repo.maven.apache.org/maven2/org/apache/maven/maven-monitor/2.0.6/maven-monitor-2.0.6.pom
2025-04-24 15:14:24,749 [Worker-94: Creating tomcat-maven-archetype] INFO  o.e.m.c.i.e.AbstractTransferListenerAdapter - Downloaded https://repo.maven.apache.org/maven2/org/apache/maven/maven-monitor/2.0.6/maven-monitor-2.0.6.pom
2025-04-24 15:14:25,037 [Worker-94: Creating tomcat-maven-archetype] INFO  o.e.m.c.i.e.AbstractTransferListenerAdapter - Downloading https://repo.maven.apache.org/maven2/classworlds/classworlds/1.1/classworlds-1.1.pom
2025-04-24 15:14:25,047 [Worker-94: Creating tomcat-maven-archetype] INFO  o.e.m.c.i.e.AbstractTransferListenerAdapter - Downloaded https://repo.maven.apache.org/maven2/classworlds/classworlds/1.1/classworlds-1.1.pom
2025-04-24 15:14:25,360 [Worker-94: Creating tomcat-maven-archetype] INFO  o.e.m.c.i.e.AbstractTransferListenerAdapter - Downloading https://repo.maven.apache.org/maven2/org/codehaus/plexus/plexus-utils/3.0/plexus-utils-3.0.pom
2025-04-24 15:14:25,378 [Worker-94: Creating tomcat-maven-archetype] INFO  o.e.m.c.i.e.AbstractTransferListenerAdapter - Downloaded https://repo.maven.apache.org/maven2/org/codehaus/plexus/plexus-utils/3.0/plexus-utils-3.0.pom
2025-04-24 15:14:25,776 [Worker-94: Creating tomcat-maven-archetype] INFO  o.e.m.c.i.e.AbstractTransferListenerAdapter - Downloading https://repo.maven.apache.org/maven2/org/sonatype/spice/spice-parent/16/spice-parent-16.pom
2025-04-24 15:14:25,791 [Worker-94: Creating tomcat-maven-archetype] INFO  o.e.m.c.i.e.AbstractTransferListenerAdapter - Downloaded https://repo.maven.apache.org/maven2/org/sonatype/spice/spice-parent/16/spice-parent-16.pom
2025-04-24 15:14:26,148 [Worker-94: Creating tomcat-maven-archetype] INFO  o.e.m.c.i.e.AbstractTransferListenerAdapter - Downloading https://repo.maven.apache.org/maven2/org/codehaus/plexus/plexus-compiler-api/1.9.1/plexus-compiler-api-1.9.1.pom
2025-04-24 15:14:26,159 [Worker-94: Creating tomcat-maven-archetype] INFO  o.e.m.c.i.e.AbstractTransferListenerAdapter - Downloaded https://repo.maven.apache.org/maven2/org/codehaus/plexus/plexus-compiler-api/1.9.1/plexus-compiler-api-1.9.1.pom
2025-04-24 15:14:26,477 [Worker-94: Creating tomcat-maven-archetype] INFO  o.e.m.c.i.e.AbstractTransferListenerAdapter - Downloading https://repo.maven.apache.org/maven2/org/codehaus/plexus/plexus-compiler/1.9.1/plexus-compiler-1.9.1.pom
2025-04-24 15:14:26,489 [Worker-94: Creating tomcat-maven-archetype] INFO  o.e.m.c.i.e.AbstractTransferListenerAdapter - Downloaded https://repo.maven.apache.org/maven2/org/codehaus/plexus/plexus-compiler/1.9.1/plexus-compiler-1.9.1.pom
2025-04-24 15:14:26,786 [Worker-94: Creating tomcat-maven-archetype] INFO  o.e.m.c.i.e.AbstractTransferListenerAdapter - Downloading https://repo.maven.apache.org/maven2/org/codehaus/plexus/plexus-components/1.1.20/plexus-components-1.1.20.pom
2025-04-24 15:14:26,797 [Worker-94: Creating tomcat-maven-archetype] INFO  o.e.m.c.i.e.AbstractTransferListenerAdapter - Downloaded https://repo.maven.apache.org/maven2/org/codehaus/plexus/plexus-components/1.1.20/plexus-components-1.1.20.pom
2025-04-24 15:14:27,118 [Worker-94: Creating tomcat-maven-archetype] INFO  o.e.m.c.i.e.AbstractTransferListenerAdapter - Downloading https://repo.maven.apache.org/maven2/org/codehaus/plexus/plexus/3.1/plexus-3.1.pom
2025-04-24 15:14:27,127 [Worker-94: Creating tomcat-maven-archetype] INFO  o.e.m.c.i.e.AbstractTransferListenerAdapter - Downloaded https://repo.maven.apache.org/maven2/org/codehaus/plexus/plexus/3.1/plexus-3.1.pom
2025-04-24 15:14:27,433 [Worker-94: Creating tomcat-maven-archetype] INFO  o.e.m.c.i.e.AbstractTransferListenerAdapter - Downloading https://repo.maven.apache.org/maven2/org/codehaus/plexus/plexus-compiler-manager/1.9.1/plexus-compiler-manager-1.9.1.pom
2025-04-24 15:14:27,442 [Worker-94: Creating tomcat-maven-archetype] INFO  o.e.m.c.i.e.AbstractTransferListenerAdapter - Downloaded https://repo.maven.apache.org/maven2/org/codehaus/plexus/plexus-compiler-manager/1.9.1/plexus-compiler-manager-1.9.1.pom
2025-04-24 15:14:27,740 [Worker-94: Creating tomcat-maven-archetype] INFO  o.e.m.c.i.e.AbstractTransferListenerAdapter - Downloading https://repo.maven.apache.org/maven2/org/codehaus/plexus/plexus-compiler-javac/1.9.1/plexus-compiler-javac-1.9.1.pom
2025-04-24 15:14:27,748 [Worker-94: Creating tomcat-maven-archetype] INFO  o.e.m.c.i.e.AbstractTransferListenerAdapter - Downloaded https://repo.maven.apache.org/maven2/org/codehaus/plexus/plexus-compiler-javac/1.9.1/plexus-compiler-javac-1.9.1.pom
2025-04-24 15:14:28,048 [Worker-94: Creating tomcat-maven-archetype] INFO  o.e.m.c.i.e.AbstractTransferListenerAdapter - Downloading https://repo.maven.apache.org/maven2/org/codehaus/plexus/plexus-compilers/1.9.1/plexus-compilers-1.9.1.pom
2025-04-24 15:14:28,057 [Worker-94: Creating tomcat-maven-archetype] INFO  o.e.m.c.i.e.AbstractTransferListenerAdapter - Downloaded https://repo.maven.apache.org/maven2/org/codehaus/plexus/plexus-compilers/1.9.1/plexus-compilers-1.9.1.pom
2025-04-24 15:14:28,393 [Worker-94: Creating tomcat-maven-archetype] INFO  o.e.m.c.i.e.AbstractTransferListenerAdapter - Downloading https://repo.maven.apache.org/maven2/org/apache/maven/maven-plugin-api/2.0.9/maven-plugin-api-2.0.9.jar
2025-04-24 15:14:28,403 [Worker-94: Creating tomcat-maven-archetype] INFO  o.e.m.c.i.e.AbstractTransferListenerAdapter - Downloaded https://repo.maven.apache.org/maven2/org/apache/maven/maven-plugin-api/2.0.9/maven-plugin-api-2.0.9.jar
2025-04-24 15:14:28,716 [BasicRepositoryConnector-repo.maven.apache.org-1-0] INFO  o.e.m.c.i.e.AbstractTransferListenerAdapter - Downloading https://repo.maven.apache.org/maven2/org/apache/maven/maven-artifact/2.0.9/maven-artifact-2.0.9.jar
2025-04-24 15:14:28,752 [BasicRepositoryConnector-repo.maven.apache.org-1-0] INFO  o.e.m.c.i.e.AbstractTransferListenerAdapter - Downloaded https://repo.maven.apache.org/maven2/org/apache/maven/maven-artifact/2.0.9/maven-artifact-2.0.9.jar
2025-04-24 15:14:29,039 [BasicRepositoryConnector-repo.maven.apache.org-1-0] INFO  o.e.m.c.i.e.AbstractTransferListenerAdapter - Downloading https://repo.maven.apache.org/maven2/org/apache/maven/maven-model/2.0.9/maven-model-2.0.9.jar
2025-04-24 15:14:29,053 [BasicRepositoryConnector-repo.maven.apache.org-1-0] INFO  o.e.m.c.i.e.AbstractTransferListenerAdapter - Downloaded https://repo.maven.apache.org/maven2/org/apache/maven/maven-model/2.0.9/maven-model-2.0.9.jar
2025-04-24 15:14:29,278 [BasicRepositoryConnector-repo.maven.apache.org-1-2] INFO  o.e.m.c.i.e.AbstractTransferListenerAdapter - Downloading https://repo.maven.apache.org/maven2/org/apache/maven/maven-settings/2.0.9/maven-settings-2.0.9.jar
2025-04-24 15:14:29,293 [BasicRepositoryConnector-repo.maven.apache.org-1-3] INFO  o.e.m.c.i.e.AbstractTransferListenerAdapter - Downloading https://repo.maven.apache.org/maven2/org/apache/maven/maven-plugin-parameter-documenter/2.0.9/maven-plugin-parameter-documenter-2.0.9.jar
2025-04-24 15:14:29,295 [BasicRepositoryConnector-repo.maven.apache.org-1-1] INFO  o.e.m.c.i.e.AbstractTransferListenerAdapter - Downloading https://repo.maven.apache.org/maven2/org/apache/maven/maven-core/2.0.9/maven-core-2.0.9.jar
2025-04-24 15:14:29,301 [BasicRepositoryConnector-repo.maven.apache.org-1-2] INFO  o.e.m.c.i.e.AbstractTransferListenerAdapter - Downloaded https://repo.maven.apache.org/maven2/org/apache/maven/maven-settings/2.0.9/maven-settings-2.0.9.jar
2025-04-24 15:14:29,317 [BasicRepositoryConnector-repo.maven.apache.org-1-3] INFO  o.e.m.c.i.e.AbstractTransferListenerAdapter - Downloaded https://repo.maven.apache.org/maven2/org/apache/maven/maven-plugin-parameter-documenter/2.0.9/maven-plugin-parameter-documenter-2.0.9.jar
2025-04-24 15:14:29,355 [BasicRepositoryConnector-repo.maven.apache.org-1-0] INFO  o.e.m.c.i.e.AbstractTransferListenerAdapter - Downloading https://repo.maven.apache.org/maven2/org/apache/maven/maven-repository-metadata/2.0.9/maven-repository-metadata-2.0.9.jar
2025-04-24 15:14:29,356 [BasicRepositoryConnector-repo.maven.apache.org-1-4] INFO  o.e.m.c.i.e.AbstractTransferListenerAdapter - Downloading https://repo.maven.apache.org/maven2/org/apache/maven/maven-profile/2.0.9/maven-profile-2.0.9.jar
2025-04-24 15:14:29,365 [BasicRepositoryConnector-repo.maven.apache.org-1-1] INFO  o.e.m.c.i.e.AbstractTransferListenerAdapter - Downloaded https://repo.maven.apache.org/maven2/org/apache/maven/maven-core/2.0.9/maven-core-2.0.9.jar
2025-04-24 15:14:29,368 [BasicRepositoryConnector-repo.maven.apache.org-1-0] INFO  o.e.m.c.i.e.AbstractTransferListenerAdapter - Downloaded https://repo.maven.apache.org/maven2/org/apache/maven/maven-repository-metadata/2.0.9/maven-repository-metadata-2.0.9.jar
2025-04-24 15:14:29,378 [BasicRepositoryConnector-repo.maven.apache.org-1-4] INFO  o.e.m.c.i.e.AbstractTransferListenerAdapter - Downloaded https://repo.maven.apache.org/maven2/org/apache/maven/maven-profile/2.0.9/maven-profile-2.0.9.jar
2025-04-24 15:14:29,582 [BasicRepositoryConnector-repo.maven.apache.org-1-2] INFO  o.e.m.c.i.e.AbstractTransferListenerAdapter - Downloading https://repo.maven.apache.org/maven2/org/apache/maven/maven-error-diagnostics/2.0.9/maven-error-diagnostics-2.0.9.jar
2025-04-24 15:14:29,592 [BasicRepositoryConnector-repo.maven.apache.org-1-2] INFO  o.e.m.c.i.e.AbstractTransferListenerAdapter - Downloaded https://repo.maven.apache.org/maven2/org/apache/maven/maven-error-diagnostics/2.0.9/maven-error-diagnostics-2.0.9.jar
2025-04-24 15:14:29,608 [BasicRepositoryConnector-repo.maven.apache.org-1-3] INFO  o.e.m.c.i.e.AbstractTransferListenerAdapter - Downloading https://repo.maven.apache.org/maven2/org/apache/maven/maven-project/2.0.9/maven-project-2.0.9.jar
2025-04-24 15:14:29,627 [BasicRepositoryConnector-repo.maven.apache.org-1-3] INFO  o.e.m.c.i.e.AbstractTransferListenerAdapter - Downloaded https://repo.maven.apache.org/maven2/org/apache/maven/maven-project/2.0.9/maven-project-2.0.9.jar
2025-04-24 15:14:29,642 [BasicRepositoryConnector-repo.maven.apache.org-1-1] INFO  o.e.m.c.i.e.AbstractTransferListenerAdapter - Downloading https://repo.maven.apache.org/maven2/org/apache/maven/maven-plugin-registry/2.0.9/maven-plugin-registry-2.0.9.jar
2025-04-24 15:14:29,642 [BasicRepositoryConnector-repo.maven.apache.org-1-0] INFO  o.e.m.c.i.e.AbstractTransferListenerAdapter - Downloading https://repo.maven.apache.org/maven2/org/apache/maven/maven-plugin-descriptor/2.0.9/maven-plugin-descriptor-2.0.9.jar
2025-04-24 15:14:29,652 [BasicRepositoryConnector-repo.maven.apache.org-1-4] INFO  o.e.m.c.i.e.AbstractTransferListenerAdapter - Downloading https://repo.maven.apache.org/maven2/org/apache/maven/maven-artifact-manager/2.0.9/maven-artifact-manager-2.0.9.jar
2025-04-24 15:14:29,657 [BasicRepositoryConnector-repo.maven.apache.org-1-1] INFO  o.e.m.c.i.e.AbstractTransferListenerAdapter - Downloaded https://repo.maven.apache.org/maven2/org/apache/maven/maven-plugin-registry/2.0.9/maven-plugin-registry-2.0.9.jar
2025-04-24 15:14:29,668 [BasicRepositoryConnector-repo.maven.apache.org-1-0] INFO  o.e.m.c.i.e.AbstractTransferListenerAdapter - Downloaded https://repo.maven.apache.org/maven2/org/apache/maven/maven-plugin-descriptor/2.0.9/maven-plugin-descriptor-2.0.9.jar
2025-04-24 15:14:29,670 [BasicRepositoryConnector-repo.maven.apache.org-1-4] INFO  o.e.m.c.i.e.AbstractTransferListenerAdapter - Downloaded https://repo.maven.apache.org/maven2/org/apache/maven/maven-artifact-manager/2.0.9/maven-artifact-manager-2.0.9.jar
2025-04-24 15:14:29,864 [BasicRepositoryConnector-repo.maven.apache.org-1-2] INFO  o.e.m.c.i.e.AbstractTransferListenerAdapter - Downloading https://repo.maven.apache.org/maven2/org/apache/maven/maven-monitor/2.0.9/maven-monitor-2.0.9.jar
2025-04-24 15:14:29,873 [BasicRepositoryConnector-repo.maven.apache.org-1-2] INFO  o.e.m.c.i.e.AbstractTransferListenerAdapter - Downloaded https://repo.maven.apache.org/maven2/org/apache/maven/maven-monitor/2.0.9/maven-monitor-2.0.9.jar
2025-04-24 15:14:29,997 [BasicRepositoryConnector-repo.maven.apache.org-1-3] INFO  o.e.m.c.i.e.AbstractTransferListenerAdapter - Downloading https://repo.maven.apache.org/maven2/org/apache/maven/maven-toolchain/1.0/maven-toolchain-1.0.jar
2025-04-24 15:14:30,002 [BasicRepositoryConnector-repo.maven.apache.org-1-1] INFO  o.e.m.c.i.e.AbstractTransferListenerAdapter - Downloading https://repo.maven.apache.org/maven2/org/codehaus/plexus/plexus-utils/3.0/plexus-utils-3.0.jar
2025-04-24 15:14:30,006 [BasicRepositoryConnector-repo.maven.apache.org-1-0] INFO  o.e.m.c.i.e.AbstractTransferListenerAdapter - Downloading https://repo.maven.apache.org/maven2/org/codehaus/plexus/plexus-compiler-api/1.9.1/plexus-compiler-api-1.9.1.jar
2025-04-24 15:14:30,007 [BasicRepositoryConnector-repo.maven.apache.org-1-4] INFO  o.e.m.c.i.e.AbstractTransferListenerAdapter - Downloading https://repo.maven.apache.org/maven2/org/codehaus/plexus/plexus-compiler-manager/1.9.1/plexus-compiler-manager-1.9.1.jar
2025-04-24 15:14:30,009 [BasicRepositoryConnector-repo.maven.apache.org-1-3] INFO  o.e.m.c.i.e.AbstractTransferListenerAdapter - Downloaded https://repo.maven.apache.org/maven2/org/apache/maven/maven-toolchain/1.0/maven-toolchain-1.0.jar
2025-04-24 15:14:30,017 [BasicRepositoryConnector-repo.maven.apache.org-1-4] INFO  o.e.m.c.i.e.AbstractTransferListenerAdapter - Downloaded https://repo.maven.apache.org/maven2/org/codehaus/plexus/plexus-compiler-manager/1.9.1/plexus-compiler-manager-1.9.1.jar
2025-04-24 15:14:30,024 [BasicRepositoryConnector-repo.maven.apache.org-1-0] INFO  o.e.m.c.i.e.AbstractTransferListenerAdapter - Downloaded https://repo.maven.apache.org/maven2/org/codehaus/plexus/plexus-compiler-api/1.9.1/plexus-compiler-api-1.9.1.jar
2025-04-24 15:14:30,043 [BasicRepositoryConnector-repo.maven.apache.org-1-1] INFO  o.e.m.c.i.e.AbstractTransferListenerAdapter - Downloaded https://repo.maven.apache.org/maven2/org/codehaus/plexus/plexus-utils/3.0/plexus-utils-3.0.jar
2025-04-24 15:14:30,161 [BasicRepositoryConnector-repo.maven.apache.org-1-2] INFO  o.e.m.c.i.e.AbstractTransferListenerAdapter - Downloading https://repo.maven.apache.org/maven2/org/codehaus/plexus/plexus-compiler-javac/1.9.1/plexus-compiler-javac-1.9.1.jar
2025-04-24 15:14:30,172 [BasicRepositoryConnector-repo.maven.apache.org-1-2] INFO  o.e.m.c.i.e.AbstractTransferListenerAdapter - Downloaded https://repo.maven.apache.org/maven2/org/codehaus/plexus/plexus-compiler-javac/1.9.1/plexus-compiler-javac-1.9.1.jar
2025-04-24 15:14:30,275 [BasicRepositoryConnector-repo.maven.apache.org-1-3] INFO  o.e.m.c.i.e.AbstractTransferListenerAdapter - Downloading https://repo.maven.apache.org/maven2/org/codehaus/plexus/plexus-container-default/1.0-alpha-9-stable-1/plexus-container-default-1.0-alpha-9-stable-1.jar
2025-04-24 15:14:30,299 [BasicRepositoryConnector-repo.maven.apache.org-1-4] INFO  o.e.m.c.i.e.AbstractTransferListenerAdapter - Downloading https://repo.maven.apache.org/maven2/classworlds/classworlds/1.1-alpha-2/classworlds-1.1-alpha-2.jar
2025-04-24 15:14:30,309 [BasicRepositoryConnector-repo.maven.apache.org-1-4] INFO  o.e.m.c.i.e.AbstractTransferListenerAdapter - Downloaded https://repo.maven.apache.org/maven2/classworlds/classworlds/1.1-alpha-2/classworlds-1.1-alpha-2.jar
2025-04-24 15:14:30,309 [BasicRepositoryConnector-repo.maven.apache.org-1-3] INFO  o.e.m.c.i.e.AbstractTransferListenerAdapter - Downloaded https://repo.maven.apache.org/maven2/org/codehaus/plexus/plexus-container-default/1.0-alpha-9-stable-1/plexus-container-default-1.0-alpha-9-stable-1.jar
2025-04-24 15:14:31,251 [Worker-94: Creating tomcat-maven-archetype] INFO  o.e.m.c.i.l.LifecycleMappingFactory - Using org.eclipse.m2e.jdt.JarLifecycleMapping lifecycle mapping for MavenProject: signin:signinProject-api:0.0.1-SNAPSHOT @ C:\Users\Elango\Desktop\Advanced Java\J2EE\M87\JDBC\signinProject\signinProject-api\pom.xml.
2025-04-24 15:14:31,526 [Worker-94: Creating tomcat-maven-archetype] INFO  o.e.m.c.i.e.AbstractTransferListenerAdapter - Downloading https://repo.maven.apache.org/maven2/javax/ws/rs/jsr311-api/1.1.1/jsr311-api-1.1.1.pom
2025-04-24 15:14:31,535 [Worker-94: Creating tomcat-maven-archetype] INFO  o.e.m.c.i.e.AbstractTransferListenerAdapter - Downloaded https://repo.maven.apache.org/maven2/javax/ws/rs/jsr311-api/1.1.1/jsr311-api-1.1.1.pom
2025-04-24 15:14:31,834 [Worker-94: Creating tomcat-maven-archetype] INFO  o.e.m.c.i.e.AbstractTransferListenerAdapter - Downloading https://repo.maven.apache.org/maven2/org/apache/cxf/cxf-bundle-jaxrs/2.6.5/cxf-bundle-jaxrs-2.6.5.pom
2025-04-24 15:14:31,851 [Worker-94: Creating tomcat-maven-archetype] INFO  o.e.m.c.i.e.AbstractTransferListenerAdapter - Downloaded https://repo.maven.apache.org/maven2/org/apache/cxf/cxf-bundle-jaxrs/2.6.5/cxf-bundle-jaxrs-2.6.5.pom
2025-04-24 15:14:32,144 [Worker-94: Creating tomcat-maven-archetype] INFO  o.e.m.c.i.e.AbstractTransferListenerAdapter - Downloading https://repo.maven.apache.org/maven2/org/apache/cxf/cxf-bundle-parent/2.6.5/cxf-bundle-parent-2.6.5.pom
2025-04-24 15:14:32,153 [Worker-94: Creating tomcat-maven-archetype] INFO  o.e.m.c.i.e.AbstractTransferListenerAdapter - Downloaded https://repo.maven.apache.org/maven2/org/apache/cxf/cxf-bundle-parent/2.6.5/cxf-bundle-parent-2.6.5.pom
2025-04-24 15:14:32,448 [Worker-94: Creating tomcat-maven-archetype] INFO  o.e.m.c.i.e.AbstractTransferListenerAdapter - Downloading https://repo.maven.apache.org/maven2/org/apache/cxf/cxf-parent/2.6.5/cxf-parent-2.6.5.pom
2025-04-24 15:14:32,469 [Worker-94: Creating tomcat-maven-archetype] INFO  o.e.m.c.i.e.AbstractTransferListenerAdapter - Downloaded https://repo.maven.apache.org/maven2/org/apache/cxf/cxf-parent/2.6.5/cxf-parent-2.6.5.pom
2025-04-24 15:14:32,772 [Worker-94: Creating tomcat-maven-archetype] INFO  o.e.m.c.i.e.AbstractTransferListenerAdapter - Downloading https://repo.maven.apache.org/maven2/org/apache/cxf/cxf/2.6.5/cxf-2.6.5.pom
2025-04-24 15:14:32,790 [Worker-94: Creating tomcat-maven-archetype] INFO  o.e.m.c.i.e.AbstractTransferListenerAdapter - Downloaded https://repo.maven.apache.org/maven2/org/apache/cxf/cxf/2.6.5/cxf-2.6.5.pom
2025-04-24 15:14:33,086 [Worker-94: Creating tomcat-maven-archetype] INFO  o.e.m.c.i.e.AbstractTransferListenerAdapter - Downloading https://repo.maven.apache.org/maven2/org/codehaus/woodstox/woodstox-core-asl/4.1.4/woodstox-core-asl-4.1.4.pom
2025-04-24 15:14:33,095 [Worker-94: Creating tomcat-maven-archetype] INFO  o.e.m.c.i.e.AbstractTransferListenerAdapter - Downloaded https://repo.maven.apache.org/maven2/org/codehaus/woodstox/woodstox-core-asl/4.1.4/woodstox-core-asl-4.1.4.pom
2025-04-24 15:14:33,384 [Worker-94: Creating tomcat-maven-archetype] INFO  o.e.m.c.i.e.AbstractTransferListenerAdapter - Downloading https://repo.maven.apache.org/maven2/org/codehaus/woodstox/stax2-api/3.1.1/stax2-api-3.1.1.pom
2025-04-24 15:14:33,394 [Worker-94: Creating tomcat-maven-archetype] INFO  o.e.m.c.i.e.AbstractTransferListenerAdapter - Downloaded https://repo.maven.apache.org/maven2/org/codehaus/woodstox/stax2-api/3.1.1/stax2-api-3.1.1.pom
2025-04-24 15:14:33,709 [Worker-94: Creating tomcat-maven-archetype] INFO  o.e.m.c.i.e.AbstractTransferListenerAdapter - Downloading https://repo.maven.apache.org/maven2/org/apache/ws/xmlschema/xmlschema-core/2.0.3/xmlschema-core-2.0.3.pom
2025-04-24 15:14:33,725 [Worker-94: Creating tomcat-maven-archetype] INFO  o.e.m.c.i.e.AbstractTransferListenerAdapter - Downloaded https://repo.maven.apache.org/maven2/org/apache/ws/xmlschema/xmlschema-core/2.0.3/xmlschema-core-2.0.3.pom
2025-04-24 15:14:34,038 [Worker-94: Creating tomcat-maven-archetype] INFO  o.e.m.c.i.e.AbstractTransferListenerAdapter - Downloading https://repo.maven.apache.org/maven2/org/apache/ws/xmlschema/xmlschema/2.0.3/xmlschema-2.0.3.pom
2025-04-24 15:14:34,055 [Worker-94: Creating tomcat-maven-archetype] INFO  o.e.m.c.i.e.AbstractTransferListenerAdapter - Downloaded https://repo.maven.apache.org/maven2/org/apache/ws/xmlschema/xmlschema/2.0.3/xmlschema-2.0.3.pom
2025-04-24 15:14:34,349 [Worker-94: Creating tomcat-maven-archetype] INFO  o.e.m.c.i.e.AbstractTransferListenerAdapter - Downloading https://repo.maven.apache.org/maven2/org/apache/geronimo/specs/geronimo-javamail_1.4_spec/1.7.1/geronimo-javamail_1.4_spec-1.7.1.pom
2025-04-24 15:14:34,359 [Worker-94: Creating tomcat-maven-archetype] INFO  o.e.m.c.i.e.AbstractTransferListenerAdapter - Downloaded https://repo.maven.apache.org/maven2/org/apache/geronimo/specs/geronimo-javamail_1.4_spec/1.7.1/geronimo-javamail_1.4_spec-1.7.1.pom
2025-04-24 15:14:34,645 [Worker-94: Creating tomcat-maven-archetype] INFO  o.e.m.c.i.e.AbstractTransferListenerAdapter - Downloading https://repo.maven.apache.org/maven2/org/apache/geronimo/genesis/genesis-java5-flava/2.0/genesis-java5-flava-2.0.pom
2025-04-24 15:14:34,655 [Worker-94: Creating tomcat-maven-archetype] INFO  o.e.m.c.i.e.AbstractTransferListenerAdapter - Downloaded https://repo.maven.apache.org/maven2/org/apache/geronimo/genesis/genesis-java5-flava/2.0/genesis-java5-flava-2.0.pom
2025-04-24 15:14:34,949 [Worker-94: Creating tomcat-maven-archetype] INFO  o.e.m.c.i.e.AbstractTransferListenerAdapter - Downloading https://repo.maven.apache.org/maven2/org/apache/geronimo/genesis/genesis-default-flava/2.0/genesis-default-flava-2.0.pom
2025-04-24 15:14:34,962 [Worker-94: Creating tomcat-maven-archetype] INFO  o.e.m.c.i.e.AbstractTransferListenerAdapter - Downloaded https://repo.maven.apache.org/maven2/org/apache/geronimo/genesis/genesis-default-flava/2.0/genesis-default-flava-2.0.pom
2025-04-24 15:14:35,260 [Worker-94: Creating tomcat-maven-archetype] INFO  o.e.m.c.i.e.AbstractTransferListenerAdapter - Downloading https://repo.maven.apache.org/maven2/org/apache/geronimo/genesis/genesis/2.0/genesis-2.0.pom
2025-04-24 15:14:35,271 [Worker-94: Creating tomcat-maven-archetype] INFO  o.e.m.c.i.e.AbstractTransferListenerAdapter - Downloaded https://repo.maven.apache.org/maven2/org/apache/geronimo/genesis/genesis/2.0/genesis-2.0.pom
2025-04-24 15:14:35,607 [Worker-94: Creating tomcat-maven-archetype] INFO  o.e.m.c.i.e.AbstractTransferListenerAdapter - Downloading https://repo.maven.apache.org/maven2/wsdl4j/wsdl4j/1.6.2/wsdl4j-1.6.2.pom
2025-04-24 15:14:35,616 [Worker-94: Creating tomcat-maven-archetype] INFO  o.e.m.c.i.e.AbstractTransferListenerAdapter - Downloaded https://repo.maven.apache.org/maven2/wsdl4j/wsdl4j/1.6.2/wsdl4j-1.6.2.pom
2025-04-24 15:14:35,905 [Worker-94: Creating tomcat-maven-archetype] INFO  o.e.m.c.i.e.AbstractTransferListenerAdapter - Downloading https://repo.maven.apache.org/maven2/org/apache/geronimo/specs/geronimo-stax-api_1.0_spec/1.0.1/geronimo-stax-api_1.0_spec-1.0.1.pom
2025-04-24 15:14:35,913 [Worker-94: Creating tomcat-maven-archetype] INFO  o.e.m.c.i.e.AbstractTransferListenerAdapter - Downloaded https://repo.maven.apache.org/maven2/org/apache/geronimo/specs/geronimo-stax-api_1.0_spec/1.0.1/geronimo-stax-api_1.0_spec-1.0.1.pom
2025-04-24 15:14:36,188 [Worker-94: Creating tomcat-maven-archetype] INFO  o.e.m.c.i.e.AbstractTransferListenerAdapter - Downloading https://repo.maven.apache.org/maven2/org/apache/geronimo/specs/specs/1.3/specs-1.3.pom
2025-04-24 15:14:36,203 [Worker-94: Creating tomcat-maven-archetype] INFO  o.e.m.c.i.e.AbstractTransferListenerAdapter - Downloaded https://repo.maven.apache.org/maven2/org/apache/geronimo/specs/specs/1.3/specs-1.3.pom
2025-04-24 15:14:36,576 [Worker-94: Creating tomcat-maven-archetype] INFO  o.e.m.c.i.e.AbstractTransferListenerAdapter - Downloading https://repo.maven.apache.org/maven2/org/apache/geronimo/genesis/config/project-config/1.1/project-config-1.1.pom
2025-04-24 15:14:36,585 [Worker-94: Creating tomcat-maven-archetype] INFO  o.e.m.c.i.e.AbstractTransferListenerAdapter - Downloaded https://repo.maven.apache.org/maven2/org/apache/geronimo/genesis/config/project-config/1.1/project-config-1.1.pom
2025-04-24 15:14:36,993 [Worker-94: Creating tomcat-maven-archetype] INFO  o.e.m.c.i.e.AbstractTransferListenerAdapter - Downloading https://repo.maven.apache.org/maven2/org/apache/geronimo/genesis/config/config/1.1/config-1.1.pom
2025-04-24 15:14:37,002 [Worker-94: Creating tomcat-maven-archetype] INFO  o.e.m.c.i.e.AbstractTransferListenerAdapter - Downloaded https://repo.maven.apache.org/maven2/org/apache/geronimo/genesis/config/config/1.1/config-1.1.pom
2025-04-24 15:14:37,379 [Worker-94: Creating tomcat-maven-archetype] INFO  o.e.m.c.i.e.AbstractTransferListenerAdapter - Downloading https://repo.maven.apache.org/maven2/org/apache/geronimo/genesis/genesis/1.1/genesis-1.1.pom
2025-04-24 15:14:37,387 [Worker-94: Creating tomcat-maven-archetype] INFO  o.e.m.c.i.e.AbstractTransferListenerAdapter - Downloaded https://repo.maven.apache.org/maven2/org/apache/geronimo/genesis/genesis/1.1/genesis-1.1.pom
2025-04-24 15:14:37,701 [Worker-94: Creating tomcat-maven-archetype] INFO  o.e.m.c.i.e.AbstractTransferListenerAdapter - Downloading https://repo.maven.apache.org/maven2/javax/xml/bind/jaxb-api/2.2.5/jaxb-api-2.2.5.pom
2025-04-24 15:14:37,712 [Worker-94: Creating tomcat-maven-archetype] INFO  o.e.m.c.i.e.AbstractTransferListenerAdapter - Downloaded https://repo.maven.apache.org/maven2/javax/xml/bind/jaxb-api/2.2.5/jaxb-api-2.2.5.pom
2025-04-24 15:14:38,120 [Worker-94: Creating tomcat-maven-archetype] INFO  o.e.m.c.i.e.AbstractTransferListenerAdapter - Downloading https://repo.maven.apache.org/maven2/org/apache/geronimo/specs/geronimo-activation_1.1_spec/1.1/geronimo-activation_1.1_spec-1.1.pom
2025-04-24 15:14:38,132 [Worker-94: Creating tomcat-maven-archetype] INFO  o.e.m.c.i.e.AbstractTransferListenerAdapter - Downloaded https://repo.maven.apache.org/maven2/org/apache/geronimo/specs/geronimo-activation_1.1_spec/1.1/geronimo-activation_1.1_spec-1.1.pom
2025-04-24 15:14:38,424 [Worker-94: Creating tomcat-maven-archetype] INFO  o.e.m.c.i.e.AbstractTransferListenerAdapter - Downloading https://repo.maven.apache.org/maven2/org/apache/geronimo/specs/geronimo-annotation_1.0_spec/1.1.1/geronimo-annotation_1.0_spec-1.1.1.pom
2025-04-24 15:14:38,433 [Worker-94: Creating tomcat-maven-archetype] INFO  o.e.m.c.i.e.AbstractTransferListenerAdapter - Downloaded https://repo.maven.apache.org/maven2/org/apache/geronimo/specs/geronimo-annotation_1.0_spec/1.1.1/geronimo-annotation_1.0_spec-1.1.1.pom
2025-04-24 15:14:38,835 [Worker-94: Creating tomcat-maven-archetype] INFO  o.e.m.c.i.e.AbstractTransferListenerAdapter - Downloading https://repo.maven.apache.org/maven2/org/apache/geronimo/specs/specs/1.4/specs-1.4.pom
2025-04-24 15:14:38,843 [Worker-94: Creating tomcat-maven-archetype] INFO  o.e.m.c.i.e.AbstractTransferListenerAdapter - Downloaded https://repo.maven.apache.org/maven2/org/apache/geronimo/specs/specs/1.4/specs-1.4.pom
2025-04-24 15:14:39,162 [Worker-94: Creating tomcat-maven-archetype] INFO  o.e.m.c.i.e.AbstractTransferListenerAdapter - Downloading https://repo.maven.apache.org/maven2/org/apache/geronimo/genesis/config/project-config/1.2/project-config-1.2.pom
2025-04-24 15:14:39,176 [Worker-94: Creating tomcat-maven-archetype] INFO  o.e.m.c.i.e.AbstractTransferListenerAdapter - Downloaded https://repo.maven.apache.org/maven2/org/apache/geronimo/genesis/config/project-config/1.2/project-config-1.2.pom
2025-04-24 15:14:39,656 [Worker-94: Creating tomcat-maven-archetype] INFO  o.e.m.c.i.e.AbstractTransferListenerAdapter - Downloading https://repo.maven.apache.org/maven2/org/apache/geronimo/genesis/config/config/1.2/config-1.2.pom
2025-04-24 15:14:39,673 [Worker-94: Creating tomcat-maven-archetype] INFO  o.e.m.c.i.e.AbstractTransferListenerAdapter - Downloaded https://repo.maven.apache.org/maven2/org/apache/geronimo/genesis/config/config/1.2/config-1.2.pom
2025-04-24 15:14:39,993 [Worker-94: Creating tomcat-maven-archetype] INFO  o.e.m.c.i.e.AbstractTransferListenerAdapter - Downloading https://repo.maven.apache.org/maven2/org/apache/geronimo/genesis/genesis/1.2/genesis-1.2.pom
2025-04-24 15:14:40,001 [Worker-94: Creating tomcat-maven-archetype] INFO  o.e.m.c.i.e.AbstractTransferListenerAdapter - Downloaded https://repo.maven.apache.org/maven2/org/apache/geronimo/genesis/genesis/1.2/genesis-1.2.pom
2025-04-24 15:14:40,369 [Worker-94: Creating tomcat-maven-archetype] INFO  o.e.m.c.i.e.AbstractTransferListenerAdapter - Downloading https://repo.maven.apache.org/maven2/com/sun/xml/bind/jaxb-impl/2.2.5.1/jaxb-impl-2.2.5.1.pom
2025-04-24 15:14:40,379 [Worker-94: Creating tomcat-maven-archetype] INFO  o.e.m.c.i.e.AbstractTransferListenerAdapter - Downloaded https://repo.maven.apache.org/maven2/com/sun/xml/bind/jaxb-impl/2.2.5.1/jaxb-impl-2.2.5.1.pom
2025-04-24 15:14:40,740 [Worker-94: Creating tomcat-maven-archetype] INFO  o.e.m.c.i.e.AbstractTransferListenerAdapter - Downloading https://repo.maven.apache.org/maven2/org/eclipse/jetty/jetty-continuation/7.5.4.v20111024/jetty-continuation-7.5.4.v20111024.pom
2025-04-24 15:14:40,749 [Worker-94: Creating tomcat-maven-archetype] INFO  o.e.m.c.i.e.AbstractTransferListenerAdapter - Downloaded https://repo.maven.apache.org/maven2/org/eclipse/jetty/jetty-continuation/7.5.4.v20111024/jetty-continuation-7.5.4.v20111024.pom
2025-04-24 15:14:41,059 [Worker-94: Creating tomcat-maven-archetype] INFO  o.e.m.c.i.e.AbstractTransferListenerAdapter - Downloading https://repo.maven.apache.org/maven2/org/eclipse/jetty/jetty-project/7.5.4.v20111024/jetty-project-7.5.4.v20111024.pom
2025-04-24 15:14:41,069 [Worker-94: Creating tomcat-maven-archetype] INFO  o.e.m.c.i.e.AbstractTransferListenerAdapter - Downloaded https://repo.maven.apache.org/maven2/org/eclipse/jetty/jetty-project/7.5.4.v20111024/jetty-project-7.5.4.v20111024.pom
2025-04-24 15:14:41,368 [Worker-94: Creating tomcat-maven-archetype] INFO  o.e.m.c.i.e.AbstractTransferListenerAdapter - Downloading https://repo.maven.apache.org/maven2/org/eclipse/jetty/jetty-parent/19/jetty-parent-19.pom
2025-04-24 15:14:41,379 [Worker-94: Creating tomcat-maven-archetype] INFO  o.e.m.c.i.e.AbstractTransferListenerAdapter - Downloaded https://repo.maven.apache.org/maven2/org/eclipse/jetty/jetty-parent/19/jetty-parent-19.pom
2025-04-24 15:14:41,662 [Worker-94: Creating tomcat-maven-archetype] INFO  o.e.m.c.i.e.AbstractTransferListenerAdapter - Downloading https://repo.maven.apache.org/maven2/org/eclipse/jetty/jetty-http/7.5.4.v20111024/jetty-http-7.5.4.v20111024.pom
2025-04-24 15:14:41,670 [Worker-94: Creating tomcat-maven-archetype] INFO  o.e.m.c.i.e.AbstractTransferListenerAdapter - Downloaded https://repo.maven.apache.org/maven2/org/eclipse/jetty/jetty-http/7.5.4.v20111024/jetty-http-7.5.4.v20111024.pom
2025-04-24 15:14:41,954 [Worker-94: Creating tomcat-maven-archetype] INFO  o.e.m.c.i.e.AbstractTransferListenerAdapter - Downloading https://repo.maven.apache.org/maven2/org/eclipse/jetty/jetty-io/7.5.4.v20111024/jetty-io-7.5.4.v20111024.pom
2025-04-24 15:14:41,964 [Worker-94: Creating tomcat-maven-archetype] INFO  o.e.m.c.i.e.AbstractTransferListenerAdapter - Downloaded https://repo.maven.apache.org/maven2/org/eclipse/jetty/jetty-io/7.5.4.v20111024/jetty-io-7.5.4.v20111024.pom
2025-04-24 15:14:42,267 [Worker-94: Creating tomcat-maven-archetype] INFO  o.e.m.c.i.e.AbstractTransferListenerAdapter - Downloading https://repo.maven.apache.org/maven2/org/eclipse/jetty/jetty-util/7.5.4.v20111024/jetty-util-7.5.4.v20111024.pom
2025-04-24 15:14:42,282 [Worker-94: Creating tomcat-maven-archetype] INFO  o.e.m.c.i.e.AbstractTransferListenerAdapter - Downloaded https://repo.maven.apache.org/maven2/org/eclipse/jetty/jetty-util/7.5.4.v20111024/jetty-util-7.5.4.v20111024.pom
2025-04-24 15:14:42,563 [Worker-94: Creating tomcat-maven-archetype] INFO  o.e.m.c.i.e.AbstractTransferListenerAdapter - Downloading https://repo.maven.apache.org/maven2/org/eclipse/jetty/jetty-security/7.5.4.v20111024/jetty-security-7.5.4.v20111024.pom
2025-04-24 15:14:42,572 [Worker-94: Creating tomcat-maven-archetype] INFO  o.e.m.c.i.e.AbstractTransferListenerAdapter - Downloaded https://repo.maven.apache.org/maven2/org/eclipse/jetty/jetty-security/7.5.4.v20111024/jetty-security-7.5.4.v20111024.pom
2025-04-24 15:14:42,869 [Worker-94: Creating tomcat-maven-archetype] INFO  o.e.m.c.i.e.AbstractTransferListenerAdapter - Downloading https://repo.maven.apache.org/maven2/org/slf4j/slf4j-api/1.6.2/slf4j-api-1.6.2.pom
2025-04-24 15:14:42,876 [Worker-94: Creating tomcat-maven-archetype] INFO  o.e.m.c.i.e.AbstractTransferListenerAdapter - Downloaded https://repo.maven.apache.org/maven2/org/slf4j/slf4j-api/1.6.2/slf4j-api-1.6.2.pom
2025-04-24 15:14:43,196 [Worker-94: Creating tomcat-maven-archetype] INFO  o.e.m.c.i.e.AbstractTransferListenerAdapter - Downloading https://repo.maven.apache.org/maven2/org/slf4j/slf4j-parent/1.6.2/slf4j-parent-1.6.2.pom
2025-04-24 15:14:43,204 [Worker-94: Creating tomcat-maven-archetype] INFO  o.e.m.c.i.e.AbstractTransferListenerAdapter - Downloaded https://repo.maven.apache.org/maven2/org/slf4j/slf4j-parent/1.6.2/slf4j-parent-1.6.2.pom
2025-04-24 15:14:43,511 [Worker-94: Creating tomcat-maven-archetype] INFO  o.e.m.c.i.e.AbstractTransferListenerAdapter - Downloading https://repo.maven.apache.org/maven2/org/apache/geronimo/specs/geronimo-servlet_2.5_spec/1.1.2/geronimo-servlet_2.5_spec-1.1.2.pom
2025-04-24 15:14:43,525 [Worker-94: Creating tomcat-maven-archetype] INFO  o.e.m.c.i.e.AbstractTransferListenerAdapter - Downloaded https://repo.maven.apache.org/maven2/org/apache/geronimo/specs/geronimo-servlet_2.5_spec/1.1.2/geronimo-servlet_2.5_spec-1.1.2.pom
2025-04-24 15:14:43,855 [Worker-94: Creating tomcat-maven-archetype] INFO  o.e.m.c.i.e.AbstractTransferListenerAdapter - Downloading https://repo.maven.apache.org/maven2/javax/ws/rs/jsr311-api/1.1.1/jsr311-api-1.1.1.jar
2025-04-24 15:14:43,870 [Worker-94: Creating tomcat-maven-archetype] INFO  o.e.m.c.i.e.AbstractTransferListenerAdapter - Downloaded https://repo.maven.apache.org/maven2/javax/ws/rs/jsr311-api/1.1.1/jsr311-api-1.1.1.jar
2025-04-24 15:14:44,174 [BasicRepositoryConnector-repo.maven.apache.org-2-3] INFO  o.e.m.c.i.e.AbstractTransferListenerAdapter - Downloading https://repo.maven.apache.org/maven2/org/apache/ws/xmlschema/xmlschema-core/2.0.3/xmlschema-core-2.0.3.jar
2025-04-24 15:14:44,174 [BasicRepositoryConnector-repo.maven.apache.org-2-4] INFO  o.e.m.c.i.e.AbstractTransferListenerAdapter - Downloading https://repo.maven.apache.org/maven2/org/apache/geronimo/specs/geronimo-javamail_1.4_spec/1.7.1/geronimo-javamail_1.4_spec-1.7.1.jar
2025-04-24 15:14:44,179 [BasicRepositoryConnector-repo.maven.apache.org-2-0] INFO  o.e.m.c.i.e.AbstractTransferListenerAdapter - Downloading https://repo.maven.apache.org/maven2/org/apache/cxf/cxf-bundle-jaxrs/2.6.5/cxf-bundle-jaxrs-2.6.5.jar
2025-04-24 15:14:44,200 [BasicRepositoryConnector-repo.maven.apache.org-2-2] INFO  o.e.m.c.i.e.AbstractTransferListenerAdapter - Downloading https://repo.maven.apache.org/maven2/org/codehaus/woodstox/stax2-api/3.1.1/stax2-api-3.1.1.jar
2025-04-24 15:14:44,209 [BasicRepositoryConnector-repo.maven.apache.org-2-3] INFO  o.e.m.c.i.e.AbstractTransferListenerAdapter - Downloaded https://repo.maven.apache.org/maven2/org/apache/ws/xmlschema/xmlschema-core/2.0.3/xmlschema-core-2.0.3.jar
2025-04-24 15:14:44,216 [BasicRepositoryConnector-repo.maven.apache.org-2-4] INFO  o.e.m.c.i.e.AbstractTransferListenerAdapter - Downloaded https://repo.maven.apache.org/maven2/org/apache/geronimo/specs/geronimo-javamail_1.4_spec/1.7.1/geronimo-javamail_1.4_spec-1.7.1.jar
2025-04-24 15:14:44,230 [BasicRepositoryConnector-repo.maven.apache.org-2-2] INFO  o.e.m.c.i.e.AbstractTransferListenerAdapter - Downloaded https://repo.maven.apache.org/maven2/org/codehaus/woodstox/stax2-api/3.1.1/stax2-api-3.1.1.jar
2025-04-24 15:14:44,257 [BasicRepositoryConnector-repo.maven.apache.org-2-1] INFO  o.e.m.c.i.e.AbstractTransferListenerAdapter - Downloading https://repo.maven.apache.org/maven2/org/codehaus/woodstox/woodstox-core-asl/4.1.4/woodstox-core-asl-4.1.4.jar
2025-04-24 15:14:44,398 [BasicRepositoryConnector-repo.maven.apache.org-2-1] INFO  o.e.m.c.i.e.AbstractTransferListenerAdapter - Downloaded https://repo.maven.apache.org/maven2/org/codehaus/woodstox/woodstox-core-asl/4.1.4/woodstox-core-asl-4.1.4.jar
2025-04-24 15:14:44,500 [BasicRepositoryConnector-repo.maven.apache.org-2-3] INFO  o.e.m.c.i.e.AbstractTransferListenerAdapter - Downloading https://repo.maven.apache.org/maven2/wsdl4j/wsdl4j/1.6.2/wsdl4j-1.6.2.jar
2025-04-24 15:14:44,502 [BasicRepositoryConnector-repo.maven.apache.org-2-4] INFO  o.e.m.c.i.e.AbstractTransferListenerAdapter - Downloading https://repo.maven.apache.org/maven2/org/apache/geronimo/specs/geronimo-stax-api_1.0_spec/1.0.1/geronimo-stax-api_1.0_spec-1.0.1.jar
2025-04-24 15:14:44,502 [BasicRepositoryConnector-repo.maven.apache.org-2-0] INFO  o.e.m.c.i.e.AbstractTransferListenerAdapter - Downloaded https://repo.maven.apache.org/maven2/org/apache/cxf/cxf-bundle-jaxrs/2.6.5/cxf-bundle-jaxrs-2.6.5.jar
2025-04-24 15:14:44,511 [BasicRepositoryConnector-repo.maven.apache.org-2-2] INFO  o.e.m.c.i.e.AbstractTransferListenerAdapter - Downloading https://repo.maven.apache.org/maven2/javax/xml/bind/jaxb-api/2.2.5/jaxb-api-2.2.5.jar
2025-04-24 15:14:44,517 [BasicRepositoryConnector-repo.maven.apache.org-2-4] INFO  o.e.m.c.i.e.AbstractTransferListenerAdapter - Downloaded https://repo.maven.apache.org/maven2/org/apache/geronimo/specs/geronimo-stax-api_1.0_spec/1.0.1/geronimo-stax-api_1.0_spec-1.0.1.jar
2025-04-24 15:14:44,523 [BasicRepositoryConnector-repo.maven.apache.org-2-3] INFO  o.e.m.c.i.e.AbstractTransferListenerAdapter - Downloaded https://repo.maven.apache.org/maven2/wsdl4j/wsdl4j/1.6.2/wsdl4j-1.6.2.jar
2025-04-24 15:14:44,531 [BasicRepositoryConnector-repo.maven.apache.org-2-2] INFO  o.e.m.c.i.e.AbstractTransferListenerAdapter - Downloaded https://repo.maven.apache.org/maven2/javax/xml/bind/jaxb-api/2.2.5/jaxb-api-2.2.5.jar
2025-04-24 15:14:44,672 [BasicRepositoryConnector-repo.maven.apache.org-2-1] INFO  o.e.m.c.i.e.AbstractTransferListenerAdapter - Downloading https://repo.maven.apache.org/maven2/org/apache/geronimo/specs/geronimo-activation_1.1_spec/1.1/geronimo-activation_1.1_spec-1.1.jar
2025-04-24 15:14:44,693 [BasicRepositoryConnector-repo.maven.apache.org-2-1] INFO  o.e.m.c.i.e.AbstractTransferListenerAdapter - Downloaded https://repo.maven.apache.org/maven2/org/apache/geronimo/specs/geronimo-activation_1.1_spec/1.1/geronimo-activation_1.1_spec-1.1.jar
2025-04-24 15:14:44,796 [BasicRepositoryConnector-repo.maven.apache.org-2-0] INFO  o.e.m.c.i.e.AbstractTransferListenerAdapter - Downloading https://repo.maven.apache.org/maven2/org/apache/geronimo/specs/geronimo-annotation_1.0_spec/1.1.1/geronimo-annotation_1.0_spec-1.1.1.jar
2025-04-24 15:14:44,797 [BasicRepositoryConnector-repo.maven.apache.org-2-3] INFO  o.e.m.c.i.e.AbstractTransferListenerAdapter - Downloading https://repo.maven.apache.org/maven2/org/eclipse/jetty/jetty-continuation/7.5.4.v20111024/jetty-continuation-7.5.4.v20111024.jar
2025-04-24 15:14:44,808 [BasicRepositoryConnector-repo.maven.apache.org-2-0] INFO  o.e.m.c.i.e.AbstractTransferListenerAdapter - Downloaded https://repo.maven.apache.org/maven2/org/apache/geronimo/specs/geronimo-annotation_1.0_spec/1.1.1/geronimo-annotation_1.0_spec-1.1.1.jar
2025-04-24 15:14:44,808 [BasicRepositoryConnector-repo.maven.apache.org-2-3] INFO  o.e.m.c.i.e.AbstractTransferListenerAdapter - Downloaded https://repo.maven.apache.org/maven2/org/eclipse/jetty/jetty-continuation/7.5.4.v20111024/jetty-continuation-7.5.4.v20111024.jar
2025-04-24 15:14:44,810 [BasicRepositoryConnector-repo.maven.apache.org-2-2] INFO  o.e.m.c.i.e.AbstractTransferListenerAdapter - Downloading https://repo.maven.apache.org/maven2/org/eclipse/jetty/jetty-http/7.5.4.v20111024/jetty-http-7.5.4.v20111024.jar
2025-04-24 15:14:44,815 [BasicRepositoryConnector-repo.maven.apache.org-2-4] INFO  o.e.m.c.i.e.AbstractTransferListenerAdapter - Downloading https://repo.maven.apache.org/maven2/com/sun/xml/bind/jaxb-impl/2.2.5.1/jaxb-impl-2.2.5.1.jar
2025-04-24 15:14:44,858 [BasicRepositoryConnector-repo.maven.apache.org-2-2] INFO  o.e.m.c.i.e.AbstractTransferListenerAdapter - Downloaded https://repo.maven.apache.org/maven2/org/eclipse/jetty/jetty-http/7.5.4.v20111024/jetty-http-7.5.4.v20111024.jar
2025-04-24 15:14:44,957 [BasicRepositoryConnector-repo.maven.apache.org-2-4] INFO  o.e.m.c.i.e.AbstractTransferListenerAdapter - Downloaded https://repo.maven.apache.org/maven2/com/sun/xml/bind/jaxb-impl/2.2.5.1/jaxb-impl-2.2.5.1.jar
2025-04-24 15:14:44,998 [BasicRepositoryConnector-repo.maven.apache.org-2-1] INFO  o.e.m.c.i.e.AbstractTransferListenerAdapter - Downloading https://repo.maven.apache.org/maven2/org/eclipse/jetty/jetty-io/7.5.4.v20111024/jetty-io-7.5.4.v20111024.jar
2025-04-24 15:14:45,020 [BasicRepositoryConnector-repo.maven.apache.org-2-1] INFO  o.e.m.c.i.e.AbstractTransferListenerAdapter - Downloaded https://repo.maven.apache.org/maven2/org/eclipse/jetty/jetty-io/7.5.4.v20111024/jetty-io-7.5.4.v20111024.jar
2025-04-24 15:14:45,107 [BasicRepositoryConnector-repo.maven.apache.org-2-0] INFO  o.e.m.c.i.e.AbstractTransferListenerAdapter - Downloading https://repo.maven.apache.org/maven2/org/eclipse/jetty/jetty-util/7.5.4.v20111024/jetty-util-7.5.4.v20111024.jar
2025-04-24 15:14:45,114 [BasicRepositoryConnector-repo.maven.apache.org-2-3] INFO  o.e.m.c.i.e.AbstractTransferListenerAdapter - Downloading https://repo.maven.apache.org/maven2/org/eclipse/jetty/jetty-security/7.5.4.v20111024/jetty-security-7.5.4.v20111024.jar
2025-04-24 15:14:45,125 [BasicRepositoryConnector-repo.maven.apache.org-2-2] INFO  o.e.m.c.i.e.AbstractTransferListenerAdapter - Downloading https://repo.maven.apache.org/maven2/org/slf4j/slf4j-api/1.6.2/slf4j-api-1.6.2.jar
2025-04-24 15:14:45,128 [BasicRepositoryConnector-repo.maven.apache.org-2-0] INFO  o.e.m.c.i.e.AbstractTransferListenerAdapter - Downloaded https://repo.maven.apache.org/maven2/org/eclipse/jetty/jetty-util/7.5.4.v20111024/jetty-util-7.5.4.v20111024.jar
2025-04-24 15:14:45,132 [BasicRepositoryConnector-repo.maven.apache.org-2-3] INFO  o.e.m.c.i.e.AbstractTransferListenerAdapter - Downloaded https://repo.maven.apache.org/maven2/org/eclipse/jetty/jetty-security/7.5.4.v20111024/jetty-security-7.5.4.v20111024.jar
2025-04-24 15:14:45,145 [BasicRepositoryConnector-repo.maven.apache.org-2-2] INFO  o.e.m.c.i.e.AbstractTransferListenerAdapter - Downloaded https://repo.maven.apache.org/maven2/org/slf4j/slf4j-api/1.6.2/slf4j-api-1.6.2.jar
2025-04-24 15:14:45,234 [BasicRepositoryConnector-repo.maven.apache.org-2-4] INFO  o.e.m.c.i.e.AbstractTransferListenerAdapter - Downloading https://repo.maven.apache.org/maven2/org/apache/geronimo/specs/geronimo-servlet_2.5_spec/1.1.2/geronimo-servlet_2.5_spec-1.1.2.jar
2025-04-24 15:14:45,254 [BasicRepositoryConnector-repo.maven.apache.org-2-4] INFO  o.e.m.c.i.e.AbstractTransferListenerAdapter - Downloaded https://repo.maven.apache.org/maven2/org/apache/geronimo/specs/geronimo-servlet_2.5_spec/1.1.2/geronimo-servlet_2.5_spec-1.1.2.jar
2025-04-24 15:14:45,482 [Worker-94: Creating tomcat-maven-archetype] INFO  o.e.m.c.i.l.LifecycleMappingFactory - Using org.eclipse.m2e.jdt.JarLifecycleMapping lifecycle mapping for MavenProject: signin:signinProject-api-impl:0.0.1-SNAPSHOT @ C:\Users\Elango\Desktop\Advanced Java\J2EE\M87\JDBC\signinProject\signinProject-api-impl\pom.xml.
2025-04-24 15:14:45,784 [Worker-94: Creating tomcat-maven-archetype] INFO  o.e.m.c.i.e.AbstractTransferListenerAdapter - Downloading https://repo.maven.apache.org/maven2/org/springframework/spring-context-support/3.2.0.RELEASE/spring-context-support-3.2.0.RELEASE.pom
2025-04-24 15:14:45,793 [Worker-94: Creating tomcat-maven-archetype] INFO  o.e.m.c.i.e.AbstractTransferListenerAdapter - Downloaded https://repo.maven.apache.org/maven2/org/springframework/spring-context-support/3.2.0.RELEASE/spring-context-support-3.2.0.RELEASE.pom
2025-04-24 15:14:46,084 [Worker-94: Creating tomcat-maven-archetype] INFO  o.e.m.c.i.e.AbstractTransferListenerAdapter - Downloading https://repo.maven.apache.org/maven2/org/springframework/spring-core/3.2.0.RELEASE/spring-core-3.2.0.RELEASE.pom
2025-04-24 15:14:46,092 [Worker-94: Creating tomcat-maven-archetype] INFO  o.e.m.c.i.e.AbstractTransferListenerAdapter - Downloaded https://repo.maven.apache.org/maven2/org/springframework/spring-core/3.2.0.RELEASE/spring-core-3.2.0.RELEASE.pom
2025-04-24 15:14:46,386 [Worker-94: Creating tomcat-maven-archetype] INFO  o.e.m.c.i.e.AbstractTransferListenerAdapter - Downloading https://repo.maven.apache.org/maven2/commons-logging/commons-logging/1.1.1/commons-logging-1.1.1.pom
2025-04-24 15:14:46,399 [Worker-94: Creating tomcat-maven-archetype] INFO  o.e.m.c.i.e.AbstractTransferListenerAdapter - Downloaded https://repo.maven.apache.org/maven2/commons-logging/commons-logging/1.1.1/commons-logging-1.1.1.pom
2025-04-24 15:14:46,686 [Worker-94: Creating tomcat-maven-archetype] INFO  o.e.m.c.i.e.AbstractTransferListenerAdapter - Downloading https://repo.maven.apache.org/maven2/org/apache/commons/commons-parent/5/commons-parent-5.pom
2025-04-24 15:14:46,700 [Worker-94: Creating tomcat-maven-archetype] INFO  o.e.m.c.i.e.AbstractTransferListenerAdapter - Downloaded https://repo.maven.apache.org/maven2/org/apache/commons/commons-parent/5/commons-parent-5.pom
2025-04-24 15:14:46,988 [Worker-94: Creating tomcat-maven-archetype] INFO  o.e.m.c.i.e.AbstractTransferListenerAdapter - Downloading https://repo.maven.apache.org/maven2/org/springframework/spring-context/3.2.0.RELEASE/spring-context-3.2.0.RELEASE.pom
2025-04-24 15:14:46,998 [Worker-94: Creating tomcat-maven-archetype] INFO  o.e.m.c.i.e.AbstractTransferListenerAdapter - Downloaded https://repo.maven.apache.org/maven2/org/springframework/spring-context/3.2.0.RELEASE/spring-context-3.2.0.RELEASE.pom
2025-04-24 15:14:47,287 [Worker-94: Creating tomcat-maven-archetype] INFO  o.e.m.c.i.e.AbstractTransferListenerAdapter - Downloading https://repo.maven.apache.org/maven2/org/springframework/spring-aop/3.2.0.RELEASE/spring-aop-3.2.0.RELEASE.pom
2025-04-24 15:14:47,298 [Worker-94: Creating tomcat-maven-archetype] INFO  o.e.m.c.i.e.AbstractTransferListenerAdapter - Downloaded https://repo.maven.apache.org/maven2/org/springframework/spring-aop/3.2.0.RELEASE/spring-aop-3.2.0.RELEASE.pom
2025-04-24 15:14:47,572 [Worker-94: Creating tomcat-maven-archetype] INFO  o.e.m.c.i.e.AbstractTransferListenerAdapter - Downloading https://repo.maven.apache.org/maven2/aopalliance/aopalliance/1.0/aopalliance-1.0.pom
2025-04-24 15:14:47,597 [Worker-94: Creating tomcat-maven-archetype] INFO  o.e.m.c.i.e.AbstractTransferListenerAdapter - Downloaded https://repo.maven.apache.org/maven2/aopalliance/aopalliance/1.0/aopalliance-1.0.pom
2025-04-24 15:14:47,882 [Worker-94: Creating tomcat-maven-archetype] INFO  o.e.m.c.i.e.AbstractTransferListenerAdapter - Downloading https://repo.maven.apache.org/maven2/org/springframework/spring-beans/3.2.0.RELEASE/spring-beans-3.2.0.RELEASE.pom
2025-04-24 15:14:47,895 [Worker-94: Creating tomcat-maven-archetype] INFO  o.e.m.c.i.e.AbstractTransferListenerAdapter - Downloaded https://repo.maven.apache.org/maven2/org/springframework/spring-beans/3.2.0.RELEASE/spring-beans-3.2.0.RELEASE.pom
2025-04-24 15:14:48,187 [Worker-94: Creating tomcat-maven-archetype] INFO  o.e.m.c.i.e.AbstractTransferListenerAdapter - Downloading https://repo.maven.apache.org/maven2/org/springframework/spring-expression/3.2.0.RELEASE/spring-expression-3.2.0.RELEASE.pom
2025-04-24 15:14:48,199 [Worker-94: Creating tomcat-maven-archetype] INFO  o.e.m.c.i.e.AbstractTransferListenerAdapter - Downloaded https://repo.maven.apache.org/maven2/org/springframework/spring-expression/3.2.0.RELEASE/spring-expression-3.2.0.RELEASE.pom
2025-04-24 15:14:48,487 [Worker-94: Creating tomcat-maven-archetype] INFO  o.e.m.c.i.e.AbstractTransferListenerAdapter - Downloading https://repo.maven.apache.org/maven2/junit/junit/4.10/junit-4.10.pom
2025-04-24 15:14:48,497 [Worker-94: Creating tomcat-maven-archetype] INFO  o.e.m.c.i.e.AbstractTransferListenerAdapter - Downloaded https://repo.maven.apache.org/maven2/junit/junit/4.10/junit-4.10.pom
2025-04-24 15:14:48,790 [Worker-94: Creating tomcat-maven-archetype] INFO  o.e.m.c.i.e.AbstractTransferListenerAdapter - Downloading https://repo.maven.apache.org/maven2/org/hamcrest/hamcrest-core/1.1/hamcrest-core-1.1.pom
2025-04-24 15:14:48,799 [Worker-94: Creating tomcat-maven-archetype] INFO  o.e.m.c.i.e.AbstractTransferListenerAdapter - Downloaded https://repo.maven.apache.org/maven2/org/hamcrest/hamcrest-core/1.1/hamcrest-core-1.1.pom
2025-04-24 15:14:49,087 [Worker-94: Creating tomcat-maven-archetype] INFO  o.e.m.c.i.e.AbstractTransferListenerAdapter - Downloading https://repo.maven.apache.org/maven2/org/hamcrest/hamcrest-parent/1.1/hamcrest-parent-1.1.pom
2025-04-24 15:14:49,096 [Worker-94: Creating tomcat-maven-archetype] INFO  o.e.m.c.i.e.AbstractTransferListenerAdapter - Downloaded https://repo.maven.apache.org/maven2/org/hamcrest/hamcrest-parent/1.1/hamcrest-parent-1.1.pom
2025-04-24 15:14:49,392 [Worker-94: Creating tomcat-maven-archetype] INFO  o.e.m.c.i.e.AbstractTransferListenerAdapter - Downloading https://repo.maven.apache.org/maven2/org/springframework/spring-web/3.2.0.RELEASE/spring-web-3.2.0.RELEASE.pom
2025-04-24 15:14:49,402 [Worker-94: Creating tomcat-maven-archetype] INFO  o.e.m.c.i.e.AbstractTransferListenerAdapter - Downloaded https://repo.maven.apache.org/maven2/org/springframework/spring-web/3.2.0.RELEASE/spring-web-3.2.0.RELEASE.pom
2025-04-24 15:14:49,700 [Worker-94: Creating tomcat-maven-archetype] INFO  o.e.m.c.i.e.AbstractTransferListenerAdapter - Downloading https://repo.maven.apache.org/maven2/org/apache/tomcat/embed/tomcat-embed-core/7.0.47/tomcat-embed-core-7.0.47.pom
2025-04-24 15:14:49,709 [Worker-94: Creating tomcat-maven-archetype] INFO  o.e.m.c.i.e.AbstractTransferListenerAdapter - Downloaded https://repo.maven.apache.org/maven2/org/apache/tomcat/embed/tomcat-embed-core/7.0.47/tomcat-embed-core-7.0.47.pom
2025-04-24 15:14:50,004 [Worker-94: Creating tomcat-maven-archetype] INFO  o.e.m.c.i.e.AbstractTransferListenerAdapter - Downloading https://repo.maven.apache.org/maven2/org/apache/tomcat/tomcat-juli/7.0.47/tomcat-juli-7.0.47.pom
2025-04-24 15:14:50,013 [Worker-94: Creating tomcat-maven-archetype] INFO  o.e.m.c.i.e.AbstractTransferListenerAdapter - Downloaded https://repo.maven.apache.org/maven2/org/apache/tomcat/tomcat-juli/7.0.47/tomcat-juli-7.0.47.pom
2025-04-24 15:14:50,318 [Worker-94: Creating tomcat-maven-archetype] INFO  o.e.m.c.i.e.AbstractTransferListenerAdapter - Downloading https://repo.maven.apache.org/maven2/org/apache/tomcat/embed/tomcat-embed-logging-juli/7.0.47/tomcat-embed-logging-juli-7.0.47.pom
2025-04-24 15:14:50,340 [Worker-94: Creating tomcat-maven-archetype] INFO  o.e.m.c.i.e.AbstractTransferListenerAdapter - Downloaded https://repo.maven.apache.org/maven2/org/apache/tomcat/embed/tomcat-embed-logging-juli/7.0.47/tomcat-embed-logging-juli-7.0.47.pom
2025-04-24 15:14:50,660 [Worker-94: Creating tomcat-maven-archetype] INFO  o.e.m.c.i.e.AbstractTransferListenerAdapter - Downloading https://repo.maven.apache.org/maven2/org/apache/tomcat/tomcat-servlet-api/7.0.47/tomcat-servlet-api-7.0.47.pom
2025-04-24 15:14:50,671 [Worker-94: Creating tomcat-maven-archetype] INFO  o.e.m.c.i.e.AbstractTransferListenerAdapter - Downloaded https://repo.maven.apache.org/maven2/org/apache/tomcat/tomcat-servlet-api/7.0.47/tomcat-servlet-api-7.0.47.pom
2025-04-24 15:14:50,737 [Worker-94: Creating tomcat-maven-archetype] INFO  o.e.m.c.i.p.WorkspaceClassifierResolverManager - Resolving P/signinProject-api: signin:signinProject-api:0.0.1-SNAPSHOT with classifier  to /signinProject-api/target/classes
2025-04-24 15:14:50,786 [Worker-94: Creating tomcat-maven-archetype] INFO  o.e.m.c.i.p.WorkspaceClassifierResolverManager - Resolving P/signinProject-api: signin:signinProject-api:0.0.1-SNAPSHOT with classifier  to /signinProject-api/target/classes
2025-04-24 15:14:51,160 [Worker-94: Creating tomcat-maven-archetype] INFO  o.e.m.c.i.e.AbstractTransferListenerAdapter - Downloading https://repo.maven.apache.org/maven2/org/springframework/spring-context-support/3.2.0.RELEASE/spring-context-support-3.2.0.RELEASE.jar
2025-04-24 15:14:51,184 [Worker-94: Creating tomcat-maven-archetype] INFO  o.e.m.c.i.e.AbstractTransferListenerAdapter - Downloaded https://repo.maven.apache.org/maven2/org/springframework/spring-context-support/3.2.0.RELEASE/spring-context-support-3.2.0.RELEASE.jar
2025-04-24 15:14:51,475 [BasicRepositoryConnector-repo.maven.apache.org-3-1] INFO  o.e.m.c.i.e.AbstractTransferListenerAdapter - Downloading https://repo.maven.apache.org/maven2/commons-logging/commons-logging/1.1.1/commons-logging-1.1.1.jar
2025-04-24 15:14:51,476 [BasicRepositoryConnector-repo.maven.apache.org-3-4] INFO  o.e.m.c.i.e.AbstractTransferListenerAdapter - Downloading https://repo.maven.apache.org/maven2/org/springframework/spring-beans/3.2.0.RELEASE/spring-beans-3.2.0.RELEASE.jar
2025-04-24 15:14:51,508 [BasicRepositoryConnector-repo.maven.apache.org-3-2] INFO  o.e.m.c.i.e.AbstractTransferListenerAdapter - Downloading https://repo.maven.apache.org/maven2/org/springframework/spring-context/3.2.0.RELEASE/spring-context-3.2.0.RELEASE.jar
2025-04-24 15:14:51,516 [BasicRepositoryConnector-repo.maven.apache.org-3-1] INFO  o.e.m.c.i.e.AbstractTransferListenerAdapter - Downloaded https://repo.maven.apache.org/maven2/commons-logging/commons-logging/1.1.1/commons-logging-1.1.1.jar
2025-04-24 15:14:51,535 [BasicRepositoryConnector-repo.maven.apache.org-3-0] INFO  o.e.m.c.i.e.AbstractTransferListenerAdapter - Downloading https://repo.maven.apache.org/maven2/org/springframework/spring-core/3.2.0.RELEASE/spring-core-3.2.0.RELEASE.jar
2025-04-24 15:14:51,581 [BasicRepositoryConnector-repo.maven.apache.org-3-3] INFO  o.e.m.c.i.e.AbstractTransferListenerAdapter - Downloading https://repo.maven.apache.org/maven2/org/springframework/spring-expression/3.2.0.RELEASE/spring-expression-3.2.0.RELEASE.jar
2025-04-24 15:14:51,618 [BasicRepositoryConnector-repo.maven.apache.org-3-4] INFO  o.e.m.c.i.e.AbstractTransferListenerAdapter - Downloaded https://repo.maven.apache.org/maven2/org/springframework/spring-beans/3.2.0.RELEASE/spring-beans-3.2.0.RELEASE.jar
2025-04-24 15:14:51,649 [BasicRepositoryConnector-repo.maven.apache.org-3-3] INFO  o.e.m.c.i.e.AbstractTransferListenerAdapter - Downloaded https://repo.maven.apache.org/maven2/org/springframework/spring-expression/3.2.0.RELEASE/spring-expression-3.2.0.RELEASE.jar
2025-04-24 15:14:51,691 [BasicRepositoryConnector-repo.maven.apache.org-3-2] INFO  o.e.m.c.i.e.AbstractTransferListenerAdapter - Downloaded https://repo.maven.apache.org/maven2/org/springframework/spring-context/3.2.0.RELEASE/spring-context-3.2.0.RELEASE.jar
2025-04-24 15:14:51,760 [BasicRepositoryConnector-repo.maven.apache.org-3-0] INFO  o.e.m.c.i.e.AbstractTransferListenerAdapter - Downloaded https://repo.maven.apache.org/maven2/org/springframework/spring-core/3.2.0.RELEASE/spring-core-3.2.0.RELEASE.jar
2025-04-24 15:14:51,806 [BasicRepositoryConnector-repo.maven.apache.org-3-1] INFO  o.e.m.c.i.e.AbstractTransferListenerAdapter - Downloading https://repo.maven.apache.org/maven2/junit/junit/4.10/junit-4.10.jar
2025-04-24 15:14:51,828 [BasicRepositoryConnector-repo.maven.apache.org-3-1] INFO  o.e.m.c.i.e.AbstractTransferListenerAdapter - Downloaded https://repo.maven.apache.org/maven2/junit/junit/4.10/junit-4.10.jar
2025-04-24 15:14:51,886 [BasicRepositoryConnector-repo.maven.apache.org-3-4] INFO  o.e.m.c.i.e.AbstractTransferListenerAdapter - Downloading https://repo.maven.apache.org/maven2/org/hamcrest/hamcrest-core/1.1/hamcrest-core-1.1.jar
2025-04-24 15:14:51,910 [BasicRepositoryConnector-repo.maven.apache.org-3-4] INFO  o.e.m.c.i.e.AbstractTransferListenerAdapter - Downloaded https://repo.maven.apache.org/maven2/org/hamcrest/hamcrest-core/1.1/hamcrest-core-1.1.jar
2025-04-24 15:14:51,916 [BasicRepositoryConnector-repo.maven.apache.org-3-3] INFO  o.e.m.c.i.e.AbstractTransferListenerAdapter - Downloading https://repo.maven.apache.org/maven2/org/springframework/spring-web/3.2.0.RELEASE/spring-web-3.2.0.RELEASE.jar
2025-04-24 15:14:51,978 [BasicRepositoryConnector-repo.maven.apache.org-3-2] INFO  o.e.m.c.i.e.AbstractTransferListenerAdapter - Downloading https://repo.maven.apache.org/maven2/org/springframework/spring-aop/3.2.0.RELEASE/spring-aop-3.2.0.RELEASE.jar
2025-04-24 15:14:51,996 [BasicRepositoryConnector-repo.maven.apache.org-3-3] INFO  o.e.m.c.i.e.AbstractTransferListenerAdapter - Downloaded https://repo.maven.apache.org/maven2/org/springframework/spring-web/3.2.0.RELEASE/spring-web-3.2.0.RELEASE.jar
2025-04-24 15:14:52,007 [BasicRepositoryConnector-repo.maven.apache.org-3-2] INFO  o.e.m.c.i.e.AbstractTransferListenerAdapter - Downloaded https://repo.maven.apache.org/maven2/org/springframework/spring-aop/3.2.0.RELEASE/spring-aop-3.2.0.RELEASE.jar
2025-04-24 15:14:52,033 [BasicRepositoryConnector-repo.maven.apache.org-3-0] INFO  o.e.m.c.i.e.AbstractTransferListenerAdapter - Downloading https://repo.maven.apache.org/maven2/aopalliance/aopalliance/1.0/aopalliance-1.0.jar
2025-04-24 15:14:52,041 [BasicRepositoryConnector-repo.maven.apache.org-3-0] INFO  o.e.m.c.i.e.AbstractTransferListenerAdapter - Downloaded https://repo.maven.apache.org/maven2/aopalliance/aopalliance/1.0/aopalliance-1.0.jar
2025-04-24 15:14:52,156 [BasicRepositoryConnector-repo.maven.apache.org-3-1] INFO  o.e.m.c.i.e.AbstractTransferListenerAdapter - Downloading https://repo.maven.apache.org/maven2/org/apache/tomcat/embed/tomcat-embed-core/7.0.47/tomcat-embed-core-7.0.47.jar
2025-04-24 15:14:52,285 [BasicRepositoryConnector-repo.maven.apache.org-3-4] INFO  o.e.m.c.i.e.AbstractTransferListenerAdapter - Downloading https://repo.maven.apache.org/maven2/org/apache/tomcat/tomcat-juli/7.0.47/tomcat-juli-7.0.47.jar
2025-04-24 15:14:52,298 [BasicRepositoryConnector-repo.maven.apache.org-3-4] INFO  o.e.m.c.i.e.AbstractTransferListenerAdapter - Downloaded https://repo.maven.apache.org/maven2/org/apache/tomcat/tomcat-juli/7.0.47/tomcat-juli-7.0.47.jar
2025-04-24 15:14:52,307 [BasicRepositoryConnector-repo.maven.apache.org-3-3] INFO  o.e.m.c.i.e.AbstractTransferListenerAdapter - Downloading https://repo.maven.apache.org/maven2/org/apache/tomcat/embed/tomcat-embed-logging-juli/7.0.47/tomcat-embed-logging-juli-7.0.47.jar
2025-04-24 15:14:52,319 [BasicRepositoryConnector-repo.maven.apache.org-3-2] INFO  o.e.m.c.i.e.AbstractTransferListenerAdapter - Downloading https://repo.maven.apache.org/maven2/org/apache/tomcat/tomcat-servlet-api/7.0.47/tomcat-servlet-api-7.0.47.jar
2025-04-24 15:14:52,327 [BasicRepositoryConnector-repo.maven.apache.org-3-3] INFO  o.e.m.c.i.e.AbstractTransferListenerAdapter - Downloaded https://repo.maven.apache.org/maven2/org/apache/tomcat/embed/tomcat-embed-logging-juli/7.0.47/tomcat-embed-logging-juli-7.0.47.jar
2025-04-24 15:14:52,353 [BasicRepositoryConnector-repo.maven.apache.org-3-2] INFO  o.e.m.c.i.e.AbstractTransferListenerAdapter - Downloaded https://repo.maven.apache.org/maven2/org/apache/tomcat/tomcat-servlet-api/7.0.47/tomcat-servlet-api-7.0.47.jar
2025-04-24 15:14:52,384 [BasicRepositoryConnector-repo.maven.apache.org-3-1] INFO  o.e.m.c.i.e.AbstractTransferListenerAdapter - Downloaded https://repo.maven.apache.org/maven2/org/apache/tomcat/embed/tomcat-embed-core/7.0.47/tomcat-embed-core-7.0.47.jar
2025-04-24 15:14:52,803 [Worker-94: Creating tomcat-maven-archetype] INFO  o.e.m.c.i.e.AbstractTransferListenerAdapter - Downloading https://repo.maven.apache.org/maven2/org/apache/maven/plugins/maven-war-plugin/2.3/maven-war-plugin-2.3.jar
2025-04-24 15:14:52,823 [Worker-94: Creating tomcat-maven-archetype] INFO  o.e.m.c.i.e.AbstractTransferListenerAdapter - Downloaded https://repo.maven.apache.org/maven2/org/apache/maven/plugins/maven-war-plugin/2.3/maven-war-plugin-2.3.jar
2025-04-24 15:14:52,945 [Worker-94: Creating tomcat-maven-archetype] INFO  o.e.m.c.i.l.LifecycleMappingFactory - Using org.maven.ide.eclipse.wtp.WarLifecycleMapping lifecycle mapping for MavenProject: signin:signinProject-webapp:0.0.1-SNAPSHOT @ C:\Users\Elango\Desktop\Advanced Java\J2EE\M87\JDBC\signinProject\signinProject-webapp\pom.xml.
2025-04-24 15:14:53,221 [Worker-94: Creating tomcat-maven-archetype] INFO  o.e.m.c.i.e.AbstractTransferListenerAdapter - Downloading https://repo.maven.apache.org/maven2/log4j/log4j/1.2.12/log4j-1.2.12.pom
2025-04-24 15:14:53,230 [Worker-94: Creating tomcat-maven-archetype] INFO  o.e.m.c.i.e.AbstractTransferListenerAdapter - Downloaded https://repo.maven.apache.org/maven2/log4j/log4j/1.2.12/log4j-1.2.12.pom
2025-04-24 15:14:53,247 [Worker-94: Creating tomcat-maven-archetype] INFO  o.e.m.c.i.p.WorkspaceClassifierResolverManager - Resolving P/signinProject-api: signin:signinProject-api:0.0.1-SNAPSHOT with classifier  to /signinProject-api/target/classes
2025-04-24 15:14:53,248 [Worker-94: Creating tomcat-maven-archetype] INFO  o.e.m.c.i.p.WorkspaceClassifierResolverManager - Resolving P/signinProject-api-impl: signin:signinProject-api-impl:0.0.1-SNAPSHOT with classifier  to /signinProject-api-impl/target/classes
2025-04-24 15:14:53,296 [Worker-94: Creating tomcat-maven-archetype] INFO  o.e.m.c.i.p.WorkspaceClassifierResolverManager - Resolving P/signinProject-api: signin:signinProject-api:0.0.1-SNAPSHOT with classifier  to /signinProject-api/target/classes
2025-04-24 15:14:53,297 [Worker-94: Creating tomcat-maven-archetype] INFO  o.e.m.c.i.p.WorkspaceClassifierResolverManager - Resolving P/signinProject-api-impl: signin:signinProject-api-impl:0.0.1-SNAPSHOT with classifier  to /signinProject-api-impl/target/classes
2025-04-24 15:14:53,667 [Worker-94: Creating tomcat-maven-archetype] INFO  o.e.m.c.i.e.AbstractTransferListenerAdapter - Downloading https://repo.maven.apache.org/maven2/log4j/log4j/1.2.12/log4j-1.2.12.jar
2025-04-24 15:14:53,709 [Worker-94: Creating tomcat-maven-archetype] INFO  o.e.m.c.i.e.AbstractTransferListenerAdapter - Downloaded https://repo.maven.apache.org/maven2/log4j/log4j/1.2.12/log4j-1.2.12.jar
2025-04-24 15:14:53,722 [Worker-94: Creating tomcat-maven-archetype] INFO  o.e.m.c.i.l.LifecycleMappingFactory - Using NULL lifecycle mapping for MavenProject: signin:signinProject-webapp-exec:0.0.1-SNAPSHOT @ C:\Users\Elango\Desktop\Advanced Java\J2EE\M87\JDBC\signinProject\signinProject-webapp-exec\pom.xml.
2025-04-24 15:14:53,727 [Worker-94: Creating tomcat-maven-archetype] INFO  o.e.m.c.i.p.WorkspaceClassifierResolverManager - Resolving P/signinProject-webapp: signin:signinProject-webapp:0.0.1-SNAPSHOT with classifier  to /signinProject-webapp/target/classes
2025-04-24 15:14:53,732 [Worker-94: Creating tomcat-maven-archetype] INFO  o.e.m.c.i.l.LifecycleMappingFactory - Using NULL lifecycle mapping for MavenProject: signin:signinProject-webapp-it:0.0.1-SNAPSHOT @ C:\Users\Elango\Desktop\Advanced Java\J2EE\M87\JDBC\signinProject\signinProject-webapp-it\pom.xml.
2025-04-24 15:14:54,012 [Worker-94: Creating tomcat-maven-archetype] INFO  o.e.m.c.i.e.AbstractTransferListenerAdapter - Downloading https://repo.maven.apache.org/maven2/org/seleniumhq/selenium/selenium-java/2.37.0/selenium-java-2.37.0.pom
2025-04-24 15:14:54,021 [Worker-94: Creating tomcat-maven-archetype] INFO  o.e.m.c.i.e.AbstractTransferListenerAdapter - Downloaded https://repo.maven.apache.org/maven2/org/seleniumhq/selenium/selenium-java/2.37.0/selenium-java-2.37.0.pom
2025-04-24 15:14:54,404 [Worker-94: Creating tomcat-maven-archetype] INFO  o.e.m.c.i.e.AbstractTransferListenerAdapter - Downloading https://repo.maven.apache.org/maven2/org/seleniumhq/selenium/selenium-parent/2.37.0/selenium-parent-2.37.0.pom
2025-04-24 15:14:54,414 [Worker-94: Creating tomcat-maven-archetype] INFO  o.e.m.c.i.e.AbstractTransferListenerAdapter - Downloaded https://repo.maven.apache.org/maven2/org/seleniumhq/selenium/selenium-parent/2.37.0/selenium-parent-2.37.0.pom
2025-04-24 15:14:54,712 [Worker-94: Creating tomcat-maven-archetype] INFO  o.e.m.c.i.e.AbstractTransferListenerAdapter - Downloading https://repo.maven.apache.org/maven2/org/seleniumhq/selenium/selenium-android-driver/2.37.0/selenium-android-driver-2.37.0.pom
2025-04-24 15:14:54,720 [Worker-94: Creating tomcat-maven-archetype] INFO  o.e.m.c.i.e.AbstractTransferListenerAdapter - Downloaded https://repo.maven.apache.org/maven2/org/seleniumhq/selenium/selenium-android-driver/2.37.0/selenium-android-driver-2.37.0.pom
2025-04-24 15:14:55,017 [Worker-94: Creating tomcat-maven-archetype] INFO  o.e.m.c.i.e.AbstractTransferListenerAdapter - Downloading https://repo.maven.apache.org/maven2/org/seleniumhq/selenium/selenium-remote-driver/2.37.0/selenium-remote-driver-2.37.0.pom
2025-04-24 15:14:55,026 [Worker-94: Creating tomcat-maven-archetype] INFO  o.e.m.c.i.e.AbstractTransferListenerAdapter - Downloaded https://repo.maven.apache.org/maven2/org/seleniumhq/selenium/selenium-remote-driver/2.37.0/selenium-remote-driver-2.37.0.pom
2025-04-24 15:14:55,317 [Worker-94: Creating tomcat-maven-archetype] INFO  o.e.m.c.i.e.AbstractTransferListenerAdapter - Downloading https://repo.maven.apache.org/maven2/cglib/cglib-nodep/2.1_3/cglib-nodep-2.1_3.pom
2025-04-24 15:14:55,328 [Worker-94: Creating tomcat-maven-archetype] INFO  o.e.m.c.i.e.AbstractTransferListenerAdapter - Downloaded https://repo.maven.apache.org/maven2/cglib/cglib-nodep/2.1_3/cglib-nodep-2.1_3.pom
2025-04-24 15:14:55,624 [Worker-94: Creating tomcat-maven-archetype] INFO  o.e.m.c.i.e.AbstractTransferListenerAdapter - Downloading https://repo.maven.apache.org/maven2/org/json/json/20080701/json-20080701.pom
2025-04-24 15:14:55,635 [Worker-94: Creating tomcat-maven-archetype] INFO  o.e.m.c.i.e.AbstractTransferListenerAdapter - Downloaded https://repo.maven.apache.org/maven2/org/json/json/20080701/json-20080701.pom
2025-04-24 15:14:55,926 [Worker-94: Creating tomcat-maven-archetype] INFO  o.e.m.c.i.e.AbstractTransferListenerAdapter - Downloading https://repo.maven.apache.org/maven2/org/seleniumhq/selenium/selenium-api/2.37.0/selenium-api-2.37.0.pom
2025-04-24 15:14:55,934 [Worker-94: Creating tomcat-maven-archetype] INFO  o.e.m.c.i.e.AbstractTransferListenerAdapter - Downloaded https://repo.maven.apache.org/maven2/org/seleniumhq/selenium/selenium-api/2.37.0/selenium-api-2.37.0.pom
2025-04-24 15:14:56,233 [Worker-94: Creating tomcat-maven-archetype] INFO  o.e.m.c.i.e.AbstractTransferListenerAdapter - Downloading https://repo.maven.apache.org/maven2/com/google/guava/guava/15.0/guava-15.0.pom
2025-04-24 15:14:56,243 [Worker-94: Creating tomcat-maven-archetype] INFO  o.e.m.c.i.e.AbstractTransferListenerAdapter - Downloaded https://repo.maven.apache.org/maven2/com/google/guava/guava/15.0/guava-15.0.pom
2025-04-24 15:14:56,568 [Worker-94: Creating tomcat-maven-archetype] INFO  o.e.m.c.i.e.AbstractTransferListenerAdapter - Downloading https://repo.maven.apache.org/maven2/com/google/guava/guava-parent/15.0/guava-parent-15.0.pom
2025-04-24 15:14:56,578 [Worker-94: Creating tomcat-maven-archetype] INFO  o.e.m.c.i.e.AbstractTransferListenerAdapter - Downloaded https://repo.maven.apache.org/maven2/com/google/guava/guava-parent/15.0/guava-parent-15.0.pom
2025-04-24 15:14:56,905 [Worker-94: Creating tomcat-maven-archetype] INFO  o.e.m.c.i.e.AbstractTransferListenerAdapter - Downloading https://repo.maven.apache.org/maven2/org/apache/httpcomponents/httpclient/4.3/httpclient-4.3.pom
2025-04-24 15:14:56,914 [Worker-94: Creating tomcat-maven-archetype] INFO  o.e.m.c.i.e.AbstractTransferListenerAdapter - Downloaded https://repo.maven.apache.org/maven2/org/apache/httpcomponents/httpclient/4.3/httpclient-4.3.pom
2025-04-24 15:14:57,202 [Worker-94: Creating tomcat-maven-archetype] INFO  o.e.m.c.i.e.AbstractTransferListenerAdapter - Downloading https://repo.maven.apache.org/maven2/org/apache/httpcomponents/httpcomponents-client/4.3/httpcomponents-client-4.3.pom
2025-04-24 15:14:57,220 [Worker-94: Creating tomcat-maven-archetype] INFO  o.e.m.c.i.e.AbstractTransferListenerAdapter - Downloaded https://repo.maven.apache.org/maven2/org/apache/httpcomponents/httpcomponents-client/4.3/httpcomponents-client-4.3.pom
2025-04-24 15:14:57,507 [Worker-94: Creating tomcat-maven-archetype] INFO  o.e.m.c.i.e.AbstractTransferListenerAdapter - Downloading https://repo.maven.apache.org/maven2/org/apache/httpcomponents/project/7/project-7.pom
2025-04-24 15:14:57,519 [Worker-94: Creating tomcat-maven-archetype] INFO  o.e.m.c.i.e.AbstractTransferListenerAdapter - Downloaded https://repo.maven.apache.org/maven2/org/apache/httpcomponents/project/7/project-7.pom
2025-04-24 15:14:57,811 [Worker-94: Creating tomcat-maven-archetype] INFO  o.e.m.c.i.e.AbstractTransferListenerAdapter - Downloading https://repo.maven.apache.org/maven2/org/apache/httpcomponents/httpcore/4.3/httpcore-4.3.pom
2025-04-24 15:14:57,821 [Worker-94: Creating tomcat-maven-archetype] INFO  o.e.m.c.i.e.AbstractTransferListenerAdapter - Downloaded https://repo.maven.apache.org/maven2/org/apache/httpcomponents/httpcore/4.3/httpcore-4.3.pom
2025-04-24 15:14:58,129 [Worker-94: Creating tomcat-maven-archetype] INFO  o.e.m.c.i.e.AbstractTransferListenerAdapter - Downloading https://repo.maven.apache.org/maven2/org/apache/httpcomponents/httpcomponents-core/4.3/httpcomponents-core-4.3.pom
2025-04-24 15:14:58,139 [Worker-94: Creating tomcat-maven-archetype] INFO  o.e.m.c.i.e.AbstractTransferListenerAdapter - Downloaded https://repo.maven.apache.org/maven2/org/apache/httpcomponents/httpcomponents-core/4.3/httpcomponents-core-4.3.pom
2025-04-24 15:14:58,425 [Worker-94: Creating tomcat-maven-archetype] INFO  o.e.m.c.i.e.AbstractTransferListenerAdapter - Downloading https://repo.maven.apache.org/maven2/commons-logging/commons-logging/1.1.3/commons-logging-1.1.3.pom
2025-04-24 15:14:58,433 [Worker-94: Creating tomcat-maven-archetype] INFO  o.e.m.c.i.e.AbstractTransferListenerAdapter - Downloaded https://repo.maven.apache.org/maven2/commons-logging/commons-logging/1.1.3/commons-logging-1.1.3.pom
2025-04-24 15:14:58,724 [Worker-94: Creating tomcat-maven-archetype] INFO  o.e.m.c.i.e.AbstractTransferListenerAdapter - Downloading https://repo.maven.apache.org/maven2/org/apache/commons/commons-parent/28/commons-parent-28.pom
2025-04-24 15:14:58,735 [Worker-94: Creating tomcat-maven-archetype] INFO  o.e.m.c.i.e.AbstractTransferListenerAdapter - Downloaded https://repo.maven.apache.org/maven2/org/apache/commons/commons-parent/28/commons-parent-28.pom
2025-04-24 15:14:59,113 [Worker-94: Creating tomcat-maven-archetype] INFO  o.e.m.c.i.e.AbstractTransferListenerAdapter - Downloading https://repo.maven.apache.org/maven2/commons-codec/commons-codec/1.6/commons-codec-1.6.pom
2025-04-24 15:14:59,122 [Worker-94: Creating tomcat-maven-archetype] INFO  o.e.m.c.i.e.AbstractTransferListenerAdapter - Downloaded https://repo.maven.apache.org/maven2/commons-codec/commons-codec/1.6/commons-codec-1.6.pom
2025-04-24 15:14:59,456 [Worker-94: Creating tomcat-maven-archetype] INFO  o.e.m.c.i.e.AbstractTransferListenerAdapter - Downloading https://repo.maven.apache.org/maven2/org/apache/commons/commons-parent/22/commons-parent-22.pom
2025-04-24 15:14:59,470 [Worker-94: Creating tomcat-maven-archetype] INFO  o.e.m.c.i.e.AbstractTransferListenerAdapter - Downloaded https://repo.maven.apache.org/maven2/org/apache/commons/commons-parent/22/commons-parent-22.pom
2025-04-24 15:14:59,821 [Worker-94: Creating tomcat-maven-archetype] INFO  o.e.m.c.i.e.AbstractTransferListenerAdapter - Downloading https://repo.maven.apache.org/maven2/org/apache/commons/commons-exec/1.1/commons-exec-1.1.pom
2025-04-24 15:14:59,830 [Worker-94: Creating tomcat-maven-archetype] INFO  o.e.m.c.i.e.AbstractTransferListenerAdapter - Downloaded https://repo.maven.apache.org/maven2/org/apache/commons/commons-exec/1.1/commons-exec-1.1.pom
2025-04-24 15:15:00,132 [Worker-94: Creating tomcat-maven-archetype] INFO  o.e.m.c.i.e.AbstractTransferListenerAdapter - Downloading https://repo.maven.apache.org/maven2/org/apache/commons/commons-parent/17/commons-parent-17.pom
2025-04-24 15:15:00,140 [Worker-94: Creating tomcat-maven-archetype] INFO  o.e.m.c.i.e.AbstractTransferListenerAdapter - Downloaded https://repo.maven.apache.org/maven2/org/apache/commons/commons-parent/17/commons-parent-17.pom
2025-04-24 15:15:00,456 [Worker-94: Creating tomcat-maven-archetype] INFO  o.e.m.c.i.e.AbstractTransferListenerAdapter - Downloading https://repo.maven.apache.org/maven2/net/java/dev/jna/jna/3.4.0/jna-3.4.0.pom
2025-04-24 15:15:00,464 [Worker-94: Creating tomcat-maven-archetype] INFO  o.e.m.c.i.e.AbstractTransferListenerAdapter - Downloaded https://repo.maven.apache.org/maven2/net/java/dev/jna/jna/3.4.0/jna-3.4.0.pom
2025-04-24 15:15:00,751 [Worker-94: Creating tomcat-maven-archetype] INFO  o.e.m.c.i.e.AbstractTransferListenerAdapter - Downloading https://repo.maven.apache.org/maven2/net/java/dev/jna/platform/3.4.0/platform-3.4.0.pom
2025-04-24 15:15:00,766 [Worker-94: Creating tomcat-maven-archetype] INFO  o.e.m.c.i.e.AbstractTransferListenerAdapter - Downloaded https://repo.maven.apache.org/maven2/net/java/dev/jna/platform/3.4.0/platform-3.4.0.pom
2025-04-24 15:15:01,071 [Worker-94: Creating tomcat-maven-archetype] INFO  o.e.m.c.i.e.AbstractTransferListenerAdapter - Downloading https://repo.maven.apache.org/maven2/org/seleniumhq/selenium/selenium-chrome-driver/2.37.0/selenium-chrome-driver-2.37.0.pom
2025-04-24 15:15:01,080 [Worker-94: Creating tomcat-maven-archetype] INFO  o.e.m.c.i.e.AbstractTransferListenerAdapter - Downloaded https://repo.maven.apache.org/maven2/org/seleniumhq/selenium/selenium-chrome-driver/2.37.0/selenium-chrome-driver-2.37.0.pom
2025-04-24 15:15:01,374 [Worker-94: Creating tomcat-maven-archetype] INFO  o.e.m.c.i.e.AbstractTransferListenerAdapter - Downloading https://repo.maven.apache.org/maven2/org/seleniumhq/selenium/selenium-htmlunit-driver/2.37.0/selenium-htmlunit-driver-2.37.0.pom
2025-04-24 15:15:01,383 [Worker-94: Creating tomcat-maven-archetype] INFO  o.e.m.c.i.e.AbstractTransferListenerAdapter - Downloaded https://repo.maven.apache.org/maven2/org/seleniumhq/selenium/selenium-htmlunit-driver/2.37.0/selenium-htmlunit-driver-2.37.0.pom
2025-04-24 15:15:01,677 [Worker-94: Creating tomcat-maven-archetype] INFO  o.e.m.c.i.e.AbstractTransferListenerAdapter - Downloading https://repo.maven.apache.org/maven2/net/sourceforge/htmlunit/htmlunit/2.13/htmlunit-2.13.pom
2025-04-24 15:15:01,693 [Worker-94: Creating tomcat-maven-archetype] INFO  o.e.m.c.i.e.AbstractTransferListenerAdapter - Downloaded https://repo.maven.apache.org/maven2/net/sourceforge/htmlunit/htmlunit/2.13/htmlunit-2.13.pom
2025-04-24 15:15:01,984 [Worker-94: Creating tomcat-maven-archetype] INFO  o.e.m.c.i.e.AbstractTransferListenerAdapter - Downloading https://repo.maven.apache.org/maven2/xalan/xalan/2.7.1/xalan-2.7.1.pom
2025-04-24 15:15:01,992 [Worker-94: Creating tomcat-maven-archetype] INFO  o.e.m.c.i.e.AbstractTransferListenerAdapter - Downloaded https://repo.maven.apache.org/maven2/xalan/xalan/2.7.1/xalan-2.7.1.pom
2025-04-24 15:15:02,280 [Worker-94: Creating tomcat-maven-archetype] INFO  o.e.m.c.i.e.AbstractTransferListenerAdapter - Downloading https://repo.maven.apache.org/maven2/xalan/serializer/2.7.1/serializer-2.7.1.pom
2025-04-24 15:15:02,290 [Worker-94: Creating tomcat-maven-archetype] INFO  o.e.m.c.i.e.AbstractTransferListenerAdapter - Downloaded https://repo.maven.apache.org/maven2/xalan/serializer/2.7.1/serializer-2.7.1.pom
2025-04-24 15:15:02,592 [Worker-94: Creating tomcat-maven-archetype] INFO  o.e.m.c.i.e.AbstractTransferListenerAdapter - Downloading https://repo.maven.apache.org/maven2/xml-apis/xml-apis/1.3.04/xml-apis-1.3.04.pom
2025-04-24 15:15:02,602 [Worker-94: Creating tomcat-maven-archetype] INFO  o.e.m.c.i.e.AbstractTransferListenerAdapter - Downloaded https://repo.maven.apache.org/maven2/xml-apis/xml-apis/1.3.04/xml-apis-1.3.04.pom
2025-04-24 15:15:02,880 [Worker-94: Creating tomcat-maven-archetype] INFO  o.e.m.c.i.e.AbstractTransferListenerAdapter - Downloading https://repo.maven.apache.org/maven2/commons-collections/commons-collections/3.2.1/commons-collections-3.2.1.pom
2025-04-24 15:15:02,898 [Worker-94: Creating tomcat-maven-archetype] INFO  o.e.m.c.i.e.AbstractTransferListenerAdapter - Downloaded https://repo.maven.apache.org/maven2/commons-collections/commons-collections/3.2.1/commons-collections-3.2.1.pom
2025-04-24 15:15:03,208 [Worker-94: Creating tomcat-maven-archetype] INFO  o.e.m.c.i.e.AbstractTransferListenerAdapter - Downloading https://repo.maven.apache.org/maven2/org/apache/commons/commons-parent/9/commons-parent-9.pom
2025-04-24 15:15:03,218 [Worker-94: Creating tomcat-maven-archetype] INFO  o.e.m.c.i.e.AbstractTransferListenerAdapter - Downloaded https://repo.maven.apache.org/maven2/org/apache/commons/commons-parent/9/commons-parent-9.pom
2025-04-24 15:15:03,533 [Worker-94: Creating tomcat-maven-archetype] INFO  o.e.m.c.i.e.AbstractTransferListenerAdapter - Downloading https://repo.maven.apache.org/maven2/org/apache/commons/commons-lang3/3.1/commons-lang3-3.1.pom
2025-04-24 15:15:03,562 [Worker-94: Creating tomcat-maven-archetype] INFO  o.e.m.c.i.e.AbstractTransferListenerAdapter - Downloaded https://repo.maven.apache.org/maven2/org/apache/commons/commons-lang3/3.1/commons-lang3-3.1.pom
2025-04-24 15:15:03,854 [Worker-94: Creating tomcat-maven-archetype] INFO  o.e.m.c.i.e.AbstractTransferListenerAdapter - Downloading https://repo.maven.apache.org/maven2/org/apache/httpcomponents/httpclient/4.3.1/httpclient-4.3.1.pom
2025-04-24 15:15:03,863 [Worker-94: Creating tomcat-maven-archetype] INFO  o.e.m.c.i.e.AbstractTransferListenerAdapter - Downloaded https://repo.maven.apache.org/maven2/org/apache/httpcomponents/httpclient/4.3.1/httpclient-4.3.1.pom
2025-04-24 15:15:04,164 [Worker-94: Creating tomcat-maven-archetype] INFO  o.e.m.c.i.e.AbstractTransferListenerAdapter - Downloading https://repo.maven.apache.org/maven2/org/apache/httpcomponents/httpcomponents-client/4.3.1/httpcomponents-client-4.3.1.pom
2025-04-24 15:15:04,173 [Worker-94: Creating tomcat-maven-archetype] INFO  o.e.m.c.i.e.AbstractTransferListenerAdapter - Downloaded https://repo.maven.apache.org/maven2/org/apache/httpcomponents/httpcomponents-client/4.3.1/httpcomponents-client-4.3.1.pom
2025-04-24 15:15:04,469 [Worker-94: Creating tomcat-maven-archetype] INFO  o.e.m.c.i.e.AbstractTransferListenerAdapter - Downloading https://repo.maven.apache.org/maven2/org/apache/httpcomponents/httpmime/4.3.1/httpmime-4.3.1.pom
2025-04-24 15:15:04,477 [Worker-94: Creating tomcat-maven-archetype] INFO  o.e.m.c.i.e.AbstractTransferListenerAdapter - Downloaded https://repo.maven.apache.org/maven2/org/apache/httpcomponents/httpmime/4.3.1/httpmime-4.3.1.pom
2025-04-24 15:15:04,784 [Worker-94: Creating tomcat-maven-archetype] INFO  o.e.m.c.i.e.AbstractTransferListenerAdapter - Downloading https://repo.maven.apache.org/maven2/commons-codec/commons-codec/1.8/commons-codec-1.8.pom
2025-04-24 15:15:04,792 [Worker-94: Creating tomcat-maven-archetype] INFO  o.e.m.c.i.e.AbstractTransferListenerAdapter - Downloaded https://repo.maven.apache.org/maven2/commons-codec/commons-codec/1.8/commons-codec-1.8.pom
2025-04-24 15:15:05,090 [Worker-94: Creating tomcat-maven-archetype] INFO  o.e.m.c.i.e.AbstractTransferListenerAdapter - Downloading https://repo.maven.apache.org/maven2/net/sourceforge/htmlunit/htmlunit-core-js/2.13/htmlunit-core-js-2.13.pom
2025-04-24 15:15:05,099 [Worker-94: Creating tomcat-maven-archetype] INFO  o.e.m.c.i.e.AbstractTransferListenerAdapter - Downloaded https://repo.maven.apache.org/maven2/net/sourceforge/htmlunit/htmlunit-core-js/2.13/htmlunit-core-js-2.13.pom
2025-04-24 15:15:05,392 [Worker-94: Creating tomcat-maven-archetype] INFO  o.e.m.c.i.e.AbstractTransferListenerAdapter - Downloading https://repo.maven.apache.org/maven2/xerces/xercesImpl/2.11.0/xercesImpl-2.11.0.pom
2025-04-24 15:15:05,400 [Worker-94: Creating tomcat-maven-archetype] INFO  o.e.m.c.i.e.AbstractTransferListenerAdapter - Downloaded https://repo.maven.apache.org/maven2/xerces/xercesImpl/2.11.0/xercesImpl-2.11.0.pom
2025-04-24 15:15:05,701 [Worker-94: Creating tomcat-maven-archetype] INFO  o.e.m.c.i.e.AbstractTransferListenerAdapter - Downloading https://repo.maven.apache.org/maven2/xml-apis/xml-apis/1.4.01/xml-apis-1.4.01.pom
2025-04-24 15:15:05,709 [Worker-94: Creating tomcat-maven-archetype] INFO  o.e.m.c.i.e.AbstractTransferListenerAdapter - Downloaded https://repo.maven.apache.org/maven2/xml-apis/xml-apis/1.4.01/xml-apis-1.4.01.pom
2025-04-24 15:15:06,023 [Worker-94: Creating tomcat-maven-archetype] INFO  o.e.m.c.i.e.AbstractTransferListenerAdapter - Downloading https://repo.maven.apache.org/maven2/net/sourceforge/nekohtml/nekohtml/1.9.19/nekohtml-1.9.19.pom
2025-04-24 15:15:06,032 [Worker-94: Creating tomcat-maven-archetype] INFO  o.e.m.c.i.e.AbstractTransferListenerAdapter - Downloaded https://repo.maven.apache.org/maven2/net/sourceforge/nekohtml/nekohtml/1.9.19/nekohtml-1.9.19.pom
2025-04-24 15:15:06,328 [Worker-94: Creating tomcat-maven-archetype] INFO  o.e.m.c.i.e.AbstractTransferListenerAdapter - Downloading https://repo.maven.apache.org/maven2/net/sourceforge/cssparser/cssparser/0.9.11/cssparser-0.9.11.pom
2025-04-24 15:15:06,337 [Worker-94: Creating tomcat-maven-archetype] INFO  o.e.m.c.i.e.AbstractTransferListenerAdapter - Downloaded https://repo.maven.apache.org/maven2/net/sourceforge/cssparser/cssparser/0.9.11/cssparser-0.9.11.pom
2025-04-24 15:15:06,658 [Worker-94: Creating tomcat-maven-archetype] INFO  o.e.m.c.i.e.AbstractTransferListenerAdapter - Downloading https://repo.maven.apache.org/maven2/org/w3c/css/sac/1.3/sac-1.3.pom
2025-04-24 15:15:06,666 [Worker-94: Creating tomcat-maven-archetype] INFO  o.e.m.c.i.e.AbstractTransferListenerAdapter - Downloaded https://repo.maven.apache.org/maven2/org/w3c/css/sac/1.3/sac-1.3.pom
2025-04-24 15:15:06,983 [Worker-94: Creating tomcat-maven-archetype] INFO  o.e.m.c.i.e.AbstractTransferListenerAdapter - Downloading https://repo.maven.apache.org/maven2/org/eclipse/jetty/jetty-websocket/8.1.12.v20130726/jetty-websocket-8.1.12.v20130726.pom
2025-04-24 15:15:06,992 [Worker-94: Creating tomcat-maven-archetype] INFO  o.e.m.c.i.e.AbstractTransferListenerAdapter - Downloaded https://repo.maven.apache.org/maven2/org/eclipse/jetty/jetty-websocket/8.1.12.v20130726/jetty-websocket-8.1.12.v20130726.pom
2025-04-24 15:15:07,298 [Worker-94: Creating tomcat-maven-archetype] INFO  o.e.m.c.i.e.AbstractTransferListenerAdapter - Downloading https://repo.maven.apache.org/maven2/org/eclipse/jetty/jetty-project/8.1.12.v20130726/jetty-project-8.1.12.v20130726.pom
2025-04-24 15:15:07,308 [Worker-94: Creating tomcat-maven-archetype] INFO  o.e.m.c.i.e.AbstractTransferListenerAdapter - Downloaded https://repo.maven.apache.org/maven2/org/eclipse/jetty/jetty-project/8.1.12.v20130726/jetty-project-8.1.12.v20130726.pom
2025-04-24 15:15:07,596 [Worker-94: Creating tomcat-maven-archetype] INFO  o.e.m.c.i.e.AbstractTransferListenerAdapter - Downloading https://repo.maven.apache.org/maven2/org/eclipse/jetty/jetty-parent/20/jetty-parent-20.pom
2025-04-24 15:15:07,614 [Worker-94: Creating tomcat-maven-archetype] INFO  o.e.m.c.i.e.AbstractTransferListenerAdapter - Downloaded https://repo.maven.apache.org/maven2/org/eclipse/jetty/jetty-parent/20/jetty-parent-20.pom
2025-04-24 15:15:07,917 [Worker-94: Creating tomcat-maven-archetype] INFO  o.e.m.c.i.e.AbstractTransferListenerAdapter - Downloading https://repo.maven.apache.org/maven2/org/eclipse/jetty/jetty-util/8.1.12.v20130726/jetty-util-8.1.12.v20130726.pom
2025-04-24 15:15:07,926 [Worker-94: Creating tomcat-maven-archetype] INFO  o.e.m.c.i.e.AbstractTransferListenerAdapter - Downloaded https://repo.maven.apache.org/maven2/org/eclipse/jetty/jetty-util/8.1.12.v20130726/jetty-util-8.1.12.v20130726.pom
2025-04-24 15:15:08,242 [Worker-94: Creating tomcat-maven-archetype] INFO  o.e.m.c.i.e.AbstractTransferListenerAdapter - Downloading https://repo.maven.apache.org/maven2/org/eclipse/jetty/jetty-io/8.1.12.v20130726/jetty-io-8.1.12.v20130726.pom
2025-04-24 15:15:08,252 [Worker-94: Creating tomcat-maven-archetype] INFO  o.e.m.c.i.e.AbstractTransferListenerAdapter - Downloaded https://repo.maven.apache.org/maven2/org/eclipse/jetty/jetty-io/8.1.12.v20130726/jetty-io-8.1.12.v20130726.pom
2025-04-24 15:15:08,547 [Worker-94: Creating tomcat-maven-archetype] INFO  o.e.m.c.i.e.AbstractTransferListenerAdapter - Downloading https://repo.maven.apache.org/maven2/org/eclipse/jetty/jetty-http/8.1.12.v20130726/jetty-http-8.1.12.v20130726.pom
2025-04-24 15:15:08,556 [Worker-94: Creating tomcat-maven-archetype] INFO  o.e.m.c.i.e.AbstractTransferListenerAdapter - Downloaded https://repo.maven.apache.org/maven2/org/eclipse/jetty/jetty-http/8.1.12.v20130726/jetty-http-8.1.12.v20130726.pom
2025-04-24 15:15:08,870 [Worker-94: Creating tomcat-maven-archetype] INFO  o.e.m.c.i.e.AbstractTransferListenerAdapter - Downloading https://repo.maven.apache.org/maven2/org/seleniumhq/selenium/selenium-firefox-driver/2.37.0/selenium-firefox-driver-2.37.0.pom
2025-04-24 15:15:08,878 [Worker-94: Creating tomcat-maven-archetype] INFO  o.e.m.c.i.e.AbstractTransferListenerAdapter - Downloaded https://repo.maven.apache.org/maven2/org/seleniumhq/selenium/selenium-firefox-driver/2.37.0/selenium-firefox-driver-2.37.0.pom
2025-04-24 15:15:09,169 [Worker-94: Creating tomcat-maven-archetype] INFO  o.e.m.c.i.e.AbstractTransferListenerAdapter - Downloading https://repo.maven.apache.org/maven2/commons-io/commons-io/2.2/commons-io-2.2.pom
2025-04-24 15:15:09,178 [Worker-94: Creating tomcat-maven-archetype] INFO  o.e.m.c.i.e.AbstractTransferListenerAdapter - Downloaded https://repo.maven.apache.org/maven2/commons-io/commons-io/2.2/commons-io-2.2.pom
2025-04-24 15:15:09,496 [Worker-94: Creating tomcat-maven-archetype] INFO  o.e.m.c.i.e.AbstractTransferListenerAdapter - Downloading https://repo.maven.apache.org/maven2/org/apache/commons/commons-parent/24/commons-parent-24.pom
2025-04-24 15:15:09,507 [Worker-94: Creating tomcat-maven-archetype] INFO  o.e.m.c.i.e.AbstractTransferListenerAdapter - Downloaded https://repo.maven.apache.org/maven2/org/apache/commons/commons-parent/24/commons-parent-24.pom
2025-04-24 15:15:09,848 [Worker-94: Creating tomcat-maven-archetype] INFO  o.e.m.c.i.e.AbstractTransferListenerAdapter - Downloading https://repo.maven.apache.org/maven2/org/seleniumhq/selenium/selenium-ie-driver/2.37.0/selenium-ie-driver-2.37.0.pom
2025-04-24 15:15:09,857 [Worker-94: Creating tomcat-maven-archetype] INFO  o.e.m.c.i.e.AbstractTransferListenerAdapter - Downloaded https://repo.maven.apache.org/maven2/org/seleniumhq/selenium/selenium-ie-driver/2.37.0/selenium-ie-driver-2.37.0.pom
2025-04-24 15:15:10,160 [Worker-94: Creating tomcat-maven-archetype] INFO  o.e.m.c.i.e.AbstractTransferListenerAdapter - Downloading https://repo.maven.apache.org/maven2/org/seleniumhq/selenium/selenium-iphone-driver/2.37.0/selenium-iphone-driver-2.37.0.pom
2025-04-24 15:15:10,169 [Worker-94: Creating tomcat-maven-archetype] INFO  o.e.m.c.i.e.AbstractTransferListenerAdapter - Downloaded https://repo.maven.apache.org/maven2/org/seleniumhq/selenium/selenium-iphone-driver/2.37.0/selenium-iphone-driver-2.37.0.pom
2025-04-24 15:15:10,462 [Worker-94: Creating tomcat-maven-archetype] INFO  o.e.m.c.i.e.AbstractTransferListenerAdapter - Downloading https://repo.maven.apache.org/maven2/org/seleniumhq/selenium/selenium-safari-driver/2.37.0/selenium-safari-driver-2.37.0.pom
2025-04-24 15:15:10,480 [Worker-94: Creating tomcat-maven-archetype] INFO  o.e.m.c.i.e.AbstractTransferListenerAdapter - Downloaded https://repo.maven.apache.org/maven2/org/seleniumhq/selenium/selenium-safari-driver/2.37.0/selenium-safari-driver-2.37.0.pom
2025-04-24 15:15:10,770 [Worker-94: Creating tomcat-maven-archetype] INFO  o.e.m.c.i.e.AbstractTransferListenerAdapter - Downloading https://repo.maven.apache.org/maven2/org/webbitserver/webbit/0.4.14/webbit-0.4.14.pom
2025-04-24 15:15:10,788 [Worker-94: Creating tomcat-maven-archetype] INFO  o.e.m.c.i.e.AbstractTransferListenerAdapter - Downloaded https://repo.maven.apache.org/maven2/org/webbitserver/webbit/0.4.14/webbit-0.4.14.pom
2025-04-24 15:15:11,094 [Worker-94: Creating tomcat-maven-archetype] INFO  o.e.m.c.i.e.AbstractTransferListenerAdapter - Downloading https://repo.maven.apache.org/maven2/org/sonatype/oss/oss-parent/6/oss-parent-6.pom
2025-04-24 15:15:11,102 [Worker-94: Creating tomcat-maven-archetype] INFO  o.e.m.c.i.e.AbstractTransferListenerAdapter - Downloaded https://repo.maven.apache.org/maven2/org/sonatype/oss/oss-parent/6/oss-parent-6.pom
2025-04-24 15:15:11,412 [Worker-94: Creating tomcat-maven-archetype] INFO  o.e.m.c.i.e.AbstractTransferListenerAdapter - Downloading https://repo.maven.apache.org/maven2/io/netty/netty/3.5.2.Final/netty-3.5.2.Final.pom
2025-04-24 15:15:11,422 [Worker-94: Creating tomcat-maven-archetype] INFO  o.e.m.c.i.e.AbstractTransferListenerAdapter - Downloaded https://repo.maven.apache.org/maven2/io/netty/netty/3.5.2.Final/netty-3.5.2.Final.pom
2025-04-24 15:15:11,727 [Worker-94: Creating tomcat-maven-archetype] INFO  o.e.m.c.i.e.AbstractTransferListenerAdapter - Downloading https://repo.maven.apache.org/maven2/org/seleniumhq/selenium/selenium-support/2.37.0/selenium-support-2.37.0.pom
2025-04-24 15:15:11,735 [Worker-94: Creating tomcat-maven-archetype] INFO  o.e.m.c.i.e.AbstractTransferListenerAdapter - Downloaded https://repo.maven.apache.org/maven2/org/seleniumhq/selenium/selenium-support/2.37.0/selenium-support-2.37.0.pom
2025-04-24 15:15:11,753 [Worker-94: Creating tomcat-maven-archetype] INFO  o.e.m.c.i.p.WorkspaceClassifierResolverManager - Resolving P/signinProject-webapp: signin:signinProject-webapp:0.0.1-SNAPSHOT with classifier  to /signinProject-webapp/target/classes
2025-04-24 15:15:11,767 [Worker-94: Creating tomcat-maven-archetype] INFO  o.e.m.c.i.p.WorkspaceClassifierResolverManager - Resolving P/signinProject-webapp: signin:signinProject-webapp:0.0.1-SNAPSHOT with classifier  to /signinProject-webapp/target/classes
2025-04-24 15:15:12,171 [Worker-94: Creating tomcat-maven-archetype] INFO  o.e.m.c.i.e.AbstractTransferListenerAdapter - Downloading https://repo.maven.apache.org/maven2/org/seleniumhq/selenium/selenium-java/2.37.0/selenium-java-2.37.0.jar
2025-04-24 15:15:12,197 [Worker-94: Creating tomcat-maven-archetype] INFO  o.e.m.c.i.e.AbstractTransferListenerAdapter - Downloaded https://repo.maven.apache.org/maven2/org/seleniumhq/selenium/selenium-java/2.37.0/selenium-java-2.37.0.jar
2025-04-24 15:15:12,474 [BasicRepositoryConnector-repo.maven.apache.org-4-4] INFO  o.e.m.c.i.e.AbstractTransferListenerAdapter - Downloading https://repo.maven.apache.org/maven2/com/google/guava/guava/15.0/guava-15.0.jar
2025-04-24 15:15:12,484 [BasicRepositoryConnector-repo.maven.apache.org-4-2] INFO  o.e.m.c.i.e.AbstractTransferListenerAdapter - Downloading https://repo.maven.apache.org/maven2/cglib/cglib-nodep/2.1_3/cglib-nodep-2.1_3.jar
2025-04-24 15:15:12,484 [BasicRepositoryConnector-repo.maven.apache.org-4-3] INFO  o.e.m.c.i.e.AbstractTransferListenerAdapter - Downloading https://repo.maven.apache.org/maven2/org/json/json/20080701/json-20080701.jar
2025-04-24 15:15:12,531 [BasicRepositoryConnector-repo.maven.apache.org-4-1] INFO  o.e.m.c.i.e.AbstractTransferListenerAdapter - Downloading https://repo.maven.apache.org/maven2/org/seleniumhq/selenium/selenium-remote-driver/2.37.0/selenium-remote-driver-2.37.0.jar
2025-04-24 15:15:12,551 [BasicRepositoryConnector-repo.maven.apache.org-4-3] INFO  o.e.m.c.i.e.AbstractTransferListenerAdapter - Downloaded https://repo.maven.apache.org/maven2/org/json/json/20080701/json-20080701.jar
2025-04-24 15:15:12,608 [BasicRepositoryConnector-repo.maven.apache.org-4-0] INFO  o.e.m.c.i.e.AbstractTransferListenerAdapter - Downloading https://repo.maven.apache.org/maven2/org/seleniumhq/selenium/selenium-android-driver/2.37.0/selenium-android-driver-2.37.0.jar
2025-04-24 15:15:12,624 [BasicRepositoryConnector-repo.maven.apache.org-4-1] INFO  o.e.m.c.i.e.AbstractTransferListenerAdapter - Downloaded https://repo.maven.apache.org/maven2/org/seleniumhq/selenium/selenium-remote-driver/2.37.0/selenium-remote-driver-2.37.0.jar
2025-04-24 15:15:12,625 [BasicRepositoryConnector-repo.maven.apache.org-4-2] INFO  o.e.m.c.i.e.AbstractTransferListenerAdapter - Downloaded https://repo.maven.apache.org/maven2/cglib/cglib-nodep/2.1_3/cglib-nodep-2.1_3.jar
2025-04-24 15:15:12,831 [BasicRepositoryConnector-repo.maven.apache.org-4-0] INFO  o.e.m.c.i.e.AbstractTransferListenerAdapter - Downloaded https://repo.maven.apache.org/maven2/org/seleniumhq/selenium/selenium-android-driver/2.37.0/selenium-android-driver-2.37.0.jar
2025-04-24 15:15:12,847 [BasicRepositoryConnector-repo.maven.apache.org-4-3] INFO  o.e.m.c.i.e.AbstractTransferListenerAdapter - Downloading https://repo.maven.apache.org/maven2/org/seleniumhq/selenium/selenium-chrome-driver/2.37.0/selenium-chrome-driver-2.37.0.jar
2025-04-24 15:15:12,855 [BasicRepositoryConnector-repo.maven.apache.org-4-3] INFO  o.e.m.c.i.e.AbstractTransferListenerAdapter - Downloaded https://repo.maven.apache.org/maven2/org/seleniumhq/selenium/selenium-chrome-driver/2.37.0/selenium-chrome-driver-2.37.0.jar
2025-04-24 15:15:12,861 [BasicRepositoryConnector-repo.maven.apache.org-4-4] INFO  o.e.m.c.i.e.AbstractTransferListenerAdapter - Downloaded https://repo.maven.apache.org/maven2/com/google/guava/guava/15.0/guava-15.0.jar
2025-04-24 15:15:12,905 [BasicRepositoryConnector-repo.maven.apache.org-4-1] INFO  o.e.m.c.i.e.AbstractTransferListenerAdapter - Downloading https://repo.maven.apache.org/maven2/org/seleniumhq/selenium/selenium-htmlunit-driver/2.37.0/selenium-htmlunit-driver-2.37.0.jar
2025-04-24 15:15:12,914 [BasicRepositoryConnector-repo.maven.apache.org-4-2] INFO  o.e.m.c.i.e.AbstractTransferListenerAdapter - Downloading https://repo.maven.apache.org/maven2/net/sourceforge/htmlunit/htmlunit/2.13/htmlunit-2.13.jar
2025-04-24 15:15:13,084 [BasicRepositoryConnector-repo.maven.apache.org-4-1] INFO  o.e.m.c.i.e.AbstractTransferListenerAdapter - Downloaded https://repo.maven.apache.org/maven2/org/seleniumhq/selenium/selenium-htmlunit-driver/2.37.0/selenium-htmlunit-driver-2.37.0.jar
2025-04-24 15:15:13,262 [BasicRepositoryConnector-repo.maven.apache.org-4-3] INFO  o.e.m.c.i.e.AbstractTransferListenerAdapter - Downloading https://repo.maven.apache.org/maven2/xalan/serializer/2.7.1/serializer-2.7.1.jar
2025-04-24 15:15:13,271 [BasicRepositoryConnector-repo.maven.apache.org-4-4] INFO  o.e.m.c.i.e.AbstractTransferListenerAdapter - Downloading https://repo.maven.apache.org/maven2/commons-collections/commons-collections/3.2.1/commons-collections-3.2.1.jar
2025-04-24 15:15:13,362 [BasicRepositoryConnector-repo.maven.apache.org-4-1] INFO  o.e.m.c.i.e.AbstractTransferListenerAdapter - Downloading https://repo.maven.apache.org/maven2/org/apache/commons/commons-lang3/3.1/commons-lang3-3.1.jar
2025-04-24 15:15:13,515 [BasicRepositoryConnector-repo.maven.apache.org-4-3] INFO  o.e.m.c.i.e.AbstractTransferListenerAdapter - Downloaded https://repo.maven.apache.org/maven2/xalan/serializer/2.7.1/serializer-2.7.1.jar
2025-04-24 15:15:13,535 [BasicRepositoryConnector-repo.maven.apache.org-4-4] INFO  o.e.m.c.i.e.AbstractTransferListenerAdapter - Downloaded https://repo.maven.apache.org/maven2/commons-collections/commons-collections/3.2.1/commons-collections-3.2.1.jar
2025-04-24 15:15:13,595 [BasicRepositoryConnector-repo.maven.apache.org-4-0] INFO  o.e.m.c.i.e.AbstractTransferListenerAdapter - Downloading https://repo.maven.apache.org/maven2/xalan/xalan/2.7.1/xalan-2.7.1.jar
2025-04-24 15:15:13,609 [BasicRepositoryConnector-repo.maven.apache.org-4-2] INFO  o.e.m.c.i.e.AbstractTransferListenerAdapter - Downloaded https://repo.maven.apache.org/maven2/net/sourceforge/htmlunit/htmlunit/2.13/htmlunit-2.13.jar
2025-04-24 15:15:13,636 [BasicRepositoryConnector-repo.maven.apache.org-4-1] INFO  o.e.m.c.i.e.AbstractTransferListenerAdapter - Downloaded https://repo.maven.apache.org/maven2/org/apache/commons/commons-lang3/3.1/commons-lang3-3.1.jar
2025-04-24 15:15:13,776 [BasicRepositoryConnector-repo.maven.apache.org-4-0] INFO  o.e.m.c.i.e.AbstractTransferListenerAdapter - Downloaded https://repo.maven.apache.org/maven2/xalan/xalan/2.7.1/xalan-2.7.1.jar
2025-04-24 15:15:13,787 [BasicRepositoryConnector-repo.maven.apache.org-4-3] INFO  o.e.m.c.i.e.AbstractTransferListenerAdapter - Downloading https://repo.maven.apache.org/maven2/org/apache/httpcomponents/httpmime/4.3.1/httpmime-4.3.1.jar
2025-04-24 15:15:13,802 [BasicRepositoryConnector-repo.maven.apache.org-4-3] INFO  o.e.m.c.i.e.AbstractTransferListenerAdapter - Downloaded https://repo.maven.apache.org/maven2/org/apache/httpcomponents/httpmime/4.3.1/httpmime-4.3.1.jar
2025-04-24 15:15:13,803 [BasicRepositoryConnector-repo.maven.apache.org-4-4] INFO  o.e.m.c.i.e.AbstractTransferListenerAdapter - Downloading https://repo.maven.apache.org/maven2/commons-codec/commons-codec/1.8/commons-codec-1.8.jar
2025-04-24 15:15:13,845 [BasicRepositoryConnector-repo.maven.apache.org-4-4] INFO  o.e.m.c.i.e.AbstractTransferListenerAdapter - Downloaded https://repo.maven.apache.org/maven2/commons-codec/commons-codec/1.8/commons-codec-1.8.jar
2025-04-24 15:15:13,900 [BasicRepositoryConnector-repo.maven.apache.org-4-2] INFO  o.e.m.c.i.e.AbstractTransferListenerAdapter - Downloading https://repo.maven.apache.org/maven2/net/sourceforge/htmlunit/htmlunit-core-js/2.13/htmlunit-core-js-2.13.jar
2025-04-24 15:15:13,957 [BasicRepositoryConnector-repo.maven.apache.org-4-1] INFO  o.e.m.c.i.e.AbstractTransferListenerAdapter - Downloading https://repo.maven.apache.org/maven2/xerces/xercesImpl/2.11.0/xercesImpl-2.11.0.jar
2025-04-24 15:15:14,007 [BasicRepositoryConnector-repo.maven.apache.org-4-2] INFO  o.e.m.c.i.e.AbstractTransferListenerAdapter - Downloaded https://repo.maven.apache.org/maven2/net/sourceforge/htmlunit/htmlunit-core-js/2.13/htmlunit-core-js-2.13.jar
2025-04-24 15:15:14,027 [BasicRepositoryConnector-repo.maven.apache.org-4-0] INFO  o.e.m.c.i.e.AbstractTransferListenerAdapter - Downloading https://repo.maven.apache.org/maven2/xml-apis/xml-apis/1.4.01/xml-apis-1.4.01.jar
2025-04-24 15:15:14,062 [BasicRepositoryConnector-repo.maven.apache.org-4-3] INFO  o.e.m.c.i.e.AbstractTransferListenerAdapter - Downloading https://repo.maven.apache.org/maven2/net/sourceforge/nekohtml/nekohtml/1.9.19/nekohtml-1.9.19.jar
2025-04-24 15:15:14,083 [BasicRepositoryConnector-repo.maven.apache.org-4-0] INFO  o.e.m.c.i.e.AbstractTransferListenerAdapter - Downloaded https://repo.maven.apache.org/maven2/xml-apis/xml-apis/1.4.01/xml-apis-1.4.01.jar
2025-04-24 15:15:14,098 [BasicRepositoryConnector-repo.maven.apache.org-4-3] INFO  o.e.m.c.i.e.AbstractTransferListenerAdapter - Downloaded https://repo.maven.apache.org/maven2/net/sourceforge/nekohtml/nekohtml/1.9.19/nekohtml-1.9.19.jar
2025-04-24 15:15:14,124 [BasicRepositoryConnector-repo.maven.apache.org-4-4] INFO  o.e.m.c.i.e.AbstractTransferListenerAdapter - Downloading https://repo.maven.apache.org/maven2/net/sourceforge/cssparser/cssparser/0.9.11/cssparser-0.9.11.jar
2025-04-24 15:15:14,133 [BasicRepositoryConnector-repo.maven.apache.org-4-1] INFO  o.e.m.c.i.e.AbstractTransferListenerAdapter - Downloaded https://repo.maven.apache.org/maven2/xerces/xercesImpl/2.11.0/xercesImpl-2.11.0.jar
2025-04-24 15:15:14,161 [BasicRepositoryConnector-repo.maven.apache.org-4-4] INFO  o.e.m.c.i.e.AbstractTransferListenerAdapter - Downloaded https://repo.maven.apache.org/maven2/net/sourceforge/cssparser/cssparser/0.9.11/cssparser-0.9.11.jar
2025-04-24 15:15:14,271 [BasicRepositoryConnector-repo.maven.apache.org-4-2] INFO  o.e.m.c.i.e.AbstractTransferListenerAdapter - Downloading https://repo.maven.apache.org/maven2/org/w3c/css/sac/1.3/sac-1.3.jar
2025-04-24 15:15:14,295 [BasicRepositoryConnector-repo.maven.apache.org-4-2] INFO  o.e.m.c.i.e.AbstractTransferListenerAdapter - Downloaded https://repo.maven.apache.org/maven2/org/w3c/css/sac/1.3/sac-1.3.jar
2025-04-24 15:15:14,355 [BasicRepositoryConnector-repo.maven.apache.org-4-0] INFO  o.e.m.c.i.e.AbstractTransferListenerAdapter - Downloading https://repo.maven.apache.org/maven2/commons-logging/commons-logging/1.1.3/commons-logging-1.1.3.jar
2025-04-24 15:15:14,362 [BasicRepositoryConnector-repo.maven.apache.org-4-3] INFO  o.e.m.c.i.e.AbstractTransferListenerAdapter - Downloading https://repo.maven.apache.org/maven2/org/eclipse/jetty/jetty-websocket/8.1.12.v20130726/jetty-websocket-8.1.12.v20130726.jar
2025-04-24 15:15:14,373 [BasicRepositoryConnector-repo.maven.apache.org-4-0] INFO  o.e.m.c.i.e.AbstractTransferListenerAdapter - Downloaded https://repo.maven.apache.org/maven2/commons-logging/commons-logging/1.1.3/commons-logging-1.1.3.jar
2025-04-24 15:15:14,388 [BasicRepositoryConnector-repo.maven.apache.org-4-3] INFO  o.e.m.c.i.e.AbstractTransferListenerAdapter - Downloaded https://repo.maven.apache.org/maven2/org/eclipse/jetty/jetty-websocket/8.1.12.v20130726/jetty-websocket-8.1.12.v20130726.jar
2025-04-24 15:15:14,408 [BasicRepositoryConnector-repo.maven.apache.org-4-1] INFO  o.e.m.c.i.e.AbstractTransferListenerAdapter - Downloading https://repo.maven.apache.org/maven2/org/eclipse/jetty/jetty-util/8.1.12.v20130726/jetty-util-8.1.12.v20130726.jar
2025-04-24 15:15:14,428 [BasicRepositoryConnector-repo.maven.apache.org-4-4] INFO  o.e.m.c.i.e.AbstractTransferListenerAdapter - Downloading https://repo.maven.apache.org/maven2/org/eclipse/jetty/jetty-io/8.1.12.v20130726/jetty-io-8.1.12.v20130726.jar
2025-04-24 15:15:14,437 [BasicRepositoryConnector-repo.maven.apache.org-4-1] INFO  o.e.m.c.i.e.AbstractTransferListenerAdapter - Downloaded https://repo.maven.apache.org/maven2/org/eclipse/jetty/jetty-util/8.1.12.v20130726/jetty-util-8.1.12.v20130726.jar
2025-04-24 15:15:14,453 [BasicRepositoryConnector-repo.maven.apache.org-4-4] INFO  o.e.m.c.i.e.AbstractTransferListenerAdapter - Downloaded https://repo.maven.apache.org/maven2/org/eclipse/jetty/jetty-io/8.1.12.v20130726/jetty-io-8.1.12.v20130726.jar
2025-04-24 15:15:14,564 [BasicRepositoryConnector-repo.maven.apache.org-4-2] INFO  o.e.m.c.i.e.AbstractTransferListenerAdapter - Downloading https://repo.maven.apache.org/maven2/org/eclipse/jetty/jetty-http/8.1.12.v20130726/jetty-http-8.1.12.v20130726.jar
2025-04-24 15:15:14,590 [BasicRepositoryConnector-repo.maven.apache.org-4-2] INFO  o.e.m.c.i.e.AbstractTransferListenerAdapter - Downloaded https://repo.maven.apache.org/maven2/org/eclipse/jetty/jetty-http/8.1.12.v20130726/jetty-http-8.1.12.v20130726.jar
2025-04-24 15:15:14,663 [BasicRepositoryConnector-repo.maven.apache.org-4-0] INFO  o.e.m.c.i.e.AbstractTransferListenerAdapter - Downloading https://repo.maven.apache.org/maven2/org/apache/httpcomponents/httpclient/4.3/httpclient-4.3.jar
2025-04-24 15:15:14,737 [BasicRepositoryConnector-repo.maven.apache.org-4-3] INFO  o.e.m.c.i.e.AbstractTransferListenerAdapter - Downloading https://repo.maven.apache.org/maven2/org/apache/httpcomponents/httpcore/4.3/httpcore-4.3.jar
2025-04-24 15:15:14,752 [BasicRepositoryConnector-repo.maven.apache.org-4-4] INFO  o.e.m.c.i.e.AbstractTransferListenerAdapter - Downloading https://repo.maven.apache.org/maven2/commons-io/commons-io/2.2/commons-io-2.2.jar
2025-04-24 15:15:14,772 [BasicRepositoryConnector-repo.maven.apache.org-4-0] INFO  o.e.m.c.i.e.AbstractTransferListenerAdapter - Downloaded https://repo.maven.apache.org/maven2/org/apache/httpcomponents/httpclient/4.3/httpclient-4.3.jar
2025-04-24 15:15:14,781 [BasicRepositoryConnector-repo.maven.apache.org-4-4] INFO  o.e.m.c.i.e.AbstractTransferListenerAdapter - Downloaded https://repo.maven.apache.org/maven2/commons-io/commons-io/2.2/commons-io-2.2.jar
2025-04-24 15:15:14,781 [BasicRepositoryConnector-repo.maven.apache.org-4-3] INFO  o.e.m.c.i.e.AbstractTransferListenerAdapter - Downloaded https://repo.maven.apache.org/maven2/org/apache/httpcomponents/httpcore/4.3/httpcore-4.3.jar
2025-04-24 15:15:14,887 [BasicRepositoryConnector-repo.maven.apache.org-4-2] INFO  o.e.m.c.i.e.AbstractTransferListenerAdapter - Downloading https://repo.maven.apache.org/maven2/org/apache/commons/commons-exec/1.1/commons-exec-1.1.jar
2025-04-24 15:15:14,903 [BasicRepositoryConnector-repo.maven.apache.org-4-2] INFO  o.e.m.c.i.e.AbstractTransferListenerAdapter - Downloaded https://repo.maven.apache.org/maven2/org/apache/commons/commons-exec/1.1/commons-exec-1.1.jar
2025-04-24 15:15:14,987 [BasicRepositoryConnector-repo.maven.apache.org-4-1] INFO  o.e.m.c.i.e.AbstractTransferListenerAdapter - Downloading https://repo.maven.apache.org/maven2/org/seleniumhq/selenium/selenium-firefox-driver/2.37.0/selenium-firefox-driver-2.37.0.jar
2025-04-24 15:15:15,148 [BasicRepositoryConnector-repo.maven.apache.org-4-4] INFO  o.e.m.c.i.e.AbstractTransferListenerAdapter - Downloading https://repo.maven.apache.org/maven2/net/java/dev/jna/jna/3.4.0/jna-3.4.0.jar
2025-04-24 15:15:15,148 [BasicRepositoryConnector-repo.maven.apache.org-4-3] INFO  o.e.m.c.i.e.AbstractTransferListenerAdapter - Downloading https://repo.maven.apache.org/maven2/net/java/dev/jna/platform/3.4.0/platform-3.4.0.jar
2025-04-24 15:15:15,226 [BasicRepositoryConnector-repo.maven.apache.org-4-0] INFO  o.e.m.c.i.e.AbstractTransferListenerAdapter - Downloading https://repo.maven.apache.org/maven2/org/seleniumhq/selenium/selenium-ie-driver/2.37.0/selenium-ie-driver-2.37.0.jar
2025-04-24 15:15:15,235 [BasicRepositoryConnector-repo.maven.apache.org-4-0] INFO  o.e.m.c.i.e.AbstractTransferListenerAdapter - Downloaded https://repo.maven.apache.org/maven2/org/seleniumhq/selenium/selenium-ie-driver/2.37.0/selenium-ie-driver-2.37.0.jar
2025-04-24 15:15:15,335 [BasicRepositoryConnector-repo.maven.apache.org-4-2] INFO  o.e.m.c.i.e.AbstractTransferListenerAdapter - Downloading https://repo.maven.apache.org/maven2/org/seleniumhq/selenium/selenium-iphone-driver/2.37.0/selenium-iphone-driver-2.37.0.jar
2025-04-24 15:15:15,347 [BasicRepositoryConnector-repo.maven.apache.org-4-2] INFO  o.e.m.c.i.e.AbstractTransferListenerAdapter - Downloaded https://repo.maven.apache.org/maven2/org/seleniumhq/selenium/selenium-iphone-driver/2.37.0/selenium-iphone-driver-2.37.0.jar
2025-04-24 15:15:15,390 [BasicRepositoryConnector-repo.maven.apache.org-4-1] INFO  o.e.m.c.i.e.AbstractTransferListenerAdapter - Downloaded https://repo.maven.apache.org/maven2/org/seleniumhq/selenium/selenium-firefox-driver/2.37.0/selenium-firefox-driver-2.37.0.jar
2025-04-24 15:15:15,442 [BasicRepositoryConnector-repo.maven.apache.org-4-3] INFO  o.e.m.c.i.e.AbstractTransferListenerAdapter - Downloaded https://repo.maven.apache.org/maven2/net/java/dev/jna/platform/3.4.0/platform-3.4.0.jar
2025-04-24 15:15:15,446 [BasicRepositoryConnector-repo.maven.apache.org-4-4] INFO  o.e.m.c.i.e.AbstractTransferListenerAdapter - Downloaded https://repo.maven.apache.org/maven2/net/java/dev/jna/jna/3.4.0/jna-3.4.0.jar
2025-04-24 15:15:15,555 [BasicRepositoryConnector-repo.maven.apache.org-4-0] INFO  o.e.m.c.i.e.AbstractTransferListenerAdapter - Downloading https://repo.maven.apache.org/maven2/org/seleniumhq/selenium/selenium-safari-driver/2.37.0/selenium-safari-driver-2.37.0.jar
2025-04-24 15:15:15,585 [BasicRepositoryConnector-repo.maven.apache.org-4-0] INFO  o.e.m.c.i.e.AbstractTransferListenerAdapter - Downloaded https://repo.maven.apache.org/maven2/org/seleniumhq/selenium/selenium-safari-driver/2.37.0/selenium-safari-driver-2.37.0.jar
2025-04-24 15:15:15,670 [BasicRepositoryConnector-repo.maven.apache.org-4-1] INFO  o.e.m.c.i.e.AbstractTransferListenerAdapter - Downloading https://repo.maven.apache.org/maven2/org/seleniumhq/selenium/selenium-api/2.37.0/selenium-api-2.37.0.jar
2025-04-24 15:15:15,690 [BasicRepositoryConnector-repo.maven.apache.org-4-1] INFO  o.e.m.c.i.e.AbstractTransferListenerAdapter - Downloaded https://repo.maven.apache.org/maven2/org/seleniumhq/selenium/selenium-api/2.37.0/selenium-api-2.37.0.jar
2025-04-24 15:15:15,696 [BasicRepositoryConnector-repo.maven.apache.org-4-3] INFO  o.e.m.c.i.e.AbstractTransferListenerAdapter - Downloading https://repo.maven.apache.org/maven2/org/webbitserver/webbit/0.4.14/webbit-0.4.14.jar
2025-04-24 15:15:15,703 [BasicRepositoryConnector-repo.maven.apache.org-4-4] INFO  o.e.m.c.i.e.AbstractTransferListenerAdapter - Downloading https://repo.maven.apache.org/maven2/io/netty/netty/3.5.2.Final/netty-3.5.2.Final.jar
2025-04-24 15:15:15,733 [BasicRepositoryConnector-repo.maven.apache.org-4-3] INFO  o.e.m.c.i.e.AbstractTransferListenerAdapter - Downloaded https://repo.maven.apache.org/maven2/org/webbitserver/webbit/0.4.14/webbit-0.4.14.jar
2025-04-24 15:15:15,820 [BasicRepositoryConnector-repo.maven.apache.org-4-4] INFO  o.e.m.c.i.e.AbstractTransferListenerAdapter - Downloaded https://repo.maven.apache.org/maven2/io/netty/netty/3.5.2.Final/netty-3.5.2.Final.jar
2025-04-24 15:15:15,836 [BasicRepositoryConnector-repo.maven.apache.org-4-2] INFO  o.e.m.c.i.e.AbstractTransferListenerAdapter - Downloading https://repo.maven.apache.org/maven2/org/seleniumhq/selenium/selenium-support/2.37.0/selenium-support-2.37.0.jar
2025-04-24 15:15:15,859 [BasicRepositoryConnector-repo.maven.apache.org-4-2] INFO  o.e.m.c.i.e.AbstractTransferListenerAdapter - Downloaded https://repo.maven.apache.org/maven2/org/seleniumhq/selenium/selenium-support/2.37.0/selenium-support-2.37.0.jar
2025-04-24 15:15:16,454 [Worker-94: Creating tomcat-maven-archetype] INFO  o.e.m.c.i.e.AbstractTransferListenerAdapter - Downloading https://repo.maven.apache.org/maven2/org/apache/maven/plugins/maven-surefire-plugin/2.13/maven-surefire-plugin-2.13.pom
2025-04-24 15:15:16,463 [Worker-94: Creating tomcat-maven-archetype] INFO  o.e.m.c.i.e.AbstractTransferListenerAdapter - Downloaded https://repo.maven.apache.org/maven2/org/apache/maven/plugins/maven-surefire-plugin/2.13/maven-surefire-plugin-2.13.pom
2025-04-24 15:15:16,741 [Worker-94: Creating tomcat-maven-archetype] INFO  o.e.m.c.i.e.AbstractTransferListenerAdapter - Downloading https://repo.maven.apache.org/maven2/org/apache/maven/surefire/surefire/2.13/surefire-2.13.pom
2025-04-24 15:15:16,760 [Worker-94: Creating tomcat-maven-archetype] INFO  o.e.m.c.i.e.AbstractTransferListenerAdapter - Downloaded https://repo.maven.apache.org/maven2/org/apache/maven/surefire/surefire/2.13/surefire-2.13.pom
2025-04-24 15:15:20,442 [Worker-94: Creating tomcat-maven-archetype] INFO  o.e.m.c.i.e.AbstractTransferListenerAdapter - Downloading https://repo.maven.apache.org/maven2/org/apache/maven/plugins/maven-war-plugin/2.3/maven-war-plugin-2.3.pom
2025-04-24 15:15:20,451 [Worker-94: Creating tomcat-maven-archetype] INFO  o.e.m.c.i.e.AbstractTransferListenerAdapter - Downloaded https://repo.maven.apache.org/maven2/org/apache/maven/plugins/maven-war-plugin/2.3/maven-war-plugin-2.3.pom
2025-04-24 15:15:20,726 [Worker-94: Creating tomcat-maven-archetype] INFO  o.e.m.c.i.e.AbstractTransferListenerAdapter - Downloading https://repo.maven.apache.org/maven2/org/apache/maven/plugins/maven-plugins/23/maven-plugins-23.pom
2025-04-24 15:15:20,738 [Worker-94: Creating tomcat-maven-archetype] INFO  o.e.m.c.i.e.AbstractTransferListenerAdapter - Downloaded https://repo.maven.apache.org/maven2/org/apache/maven/plugins/maven-plugins/23/maven-plugins-23.pom
2025-04-24 15:15:21,065 [Worker-94: Creating tomcat-maven-archetype] INFO  o.e.m.c.i.e.AbstractTransferListenerAdapter - Downloading https://repo.maven.apache.org/maven2/org/apache/maven/maven-archiver/2.5/maven-archiver-2.5.pom
2025-04-24 15:15:21,073 [Worker-94: Creating tomcat-maven-archetype] INFO  o.e.m.c.i.e.AbstractTransferListenerAdapter - Downloaded https://repo.maven.apache.org/maven2/org/apache/maven/maven-archiver/2.5/maven-archiver-2.5.pom
2025-04-24 15:15:21,374 [Worker-94: Creating tomcat-maven-archetype] INFO  o.e.m.c.i.e.AbstractTransferListenerAdapter - Downloading https://repo.maven.apache.org/maven2/org/apache/maven/shared/maven-shared-components/17/maven-shared-components-17.pom
2025-04-24 15:15:21,382 [Worker-94: Creating tomcat-maven-archetype] INFO  o.e.m.c.i.e.AbstractTransferListenerAdapter - Downloaded https://repo.maven.apache.org/maven2/org/apache/maven/shared/maven-shared-components/17/maven-shared-components-17.pom
2025-04-24 15:15:21,662 [Worker-94: Creating tomcat-maven-archetype] INFO  o.e.m.c.i.e.AbstractTransferListenerAdapter - Downloading https://repo.maven.apache.org/maven2/org/codehaus/plexus/plexus-archiver/2.1/plexus-archiver-2.1.pom
2025-04-24 15:15:21,680 [Worker-94: Creating tomcat-maven-archetype] INFO  o.e.m.c.i.e.AbstractTransferListenerAdapter - Downloaded https://repo.maven.apache.org/maven2/org/codehaus/plexus/plexus-archiver/2.1/plexus-archiver-2.1.pom
2025-04-24 15:15:21,977 [Worker-94: Creating tomcat-maven-archetype] INFO  o.e.m.c.i.e.AbstractTransferListenerAdapter - Downloading https://repo.maven.apache.org/maven2/org/codehaus/plexus/plexus-io/2.0.2/plexus-io-2.0.2.pom
2025-04-24 15:15:21,996 [Worker-94: Creating tomcat-maven-archetype] INFO  o.e.m.c.i.e.AbstractTransferListenerAdapter - Downloaded https://repo.maven.apache.org/maven2/org/codehaus/plexus/plexus-io/2.0.2/plexus-io-2.0.2.pom
2025-04-24 15:15:22,289 [Worker-94: Creating tomcat-maven-archetype] INFO  o.e.m.c.i.e.AbstractTransferListenerAdapter - Downloading https://repo.maven.apache.org/maven2/org/codehaus/plexus/plexus-components/1.1.19/plexus-components-1.1.19.pom
2025-04-24 15:15:22,297 [Worker-94: Creating tomcat-maven-archetype] INFO  o.e.m.c.i.e.AbstractTransferListenerAdapter - Downloaded https://repo.maven.apache.org/maven2/org/codehaus/plexus/plexus-components/1.1.19/plexus-components-1.1.19.pom
2025-04-24 15:15:22,578 [Worker-94: Creating tomcat-maven-archetype] INFO  o.e.m.c.i.e.AbstractTransferListenerAdapter - Downloading https://repo.maven.apache.org/maven2/org/codehaus/plexus/plexus/3.0.1/plexus-3.0.1.pom
2025-04-24 15:15:22,592 [Worker-94: Creating tomcat-maven-archetype] INFO  o.e.m.c.i.e.AbstractTransferListenerAdapter - Downloaded https://repo.maven.apache.org/maven2/org/codehaus/plexus/plexus/3.0.1/plexus-3.0.1.pom
2025-04-24 15:15:22,871 [Worker-94: Creating tomcat-maven-archetype] INFO  o.e.m.c.i.e.AbstractTransferListenerAdapter - Downloading https://repo.maven.apache.org/maven2/org/codehaus/plexus/plexus-interpolation/1.15/plexus-interpolation-1.15.pom
2025-04-24 15:15:22,880 [Worker-94: Creating tomcat-maven-archetype] INFO  o.e.m.c.i.e.AbstractTransferListenerAdapter - Downloaded https://repo.maven.apache.org/maven2/org/codehaus/plexus/plexus-interpolation/1.15/plexus-interpolation-1.15.pom
2025-04-24 15:15:23,161 [Worker-94: Creating tomcat-maven-archetype] INFO  o.e.m.c.i.e.AbstractTransferListenerAdapter - Downloading https://repo.maven.apache.org/maven2/org/codehaus/plexus/plexus-io/2.0.5/plexus-io-2.0.5.pom
2025-04-24 15:15:23,180 [Worker-94: Creating tomcat-maven-archetype] INFO  o.e.m.c.i.e.AbstractTransferListenerAdapter - Downloaded https://repo.maven.apache.org/maven2/org/codehaus/plexus/plexus-io/2.0.5/plexus-io-2.0.5.pom
2025-04-24 15:15:23,456 [Worker-94: Creating tomcat-maven-archetype] INFO  o.e.m.c.i.e.AbstractTransferListenerAdapter - Downloading https://repo.maven.apache.org/maven2/org/codehaus/plexus/plexus-components/1.2/plexus-components-1.2.pom
2025-04-24 15:15:23,467 [Worker-94: Creating tomcat-maven-archetype] INFO  o.e.m.c.i.e.AbstractTransferListenerAdapter - Downloaded https://repo.maven.apache.org/maven2/org/codehaus/plexus/plexus-components/1.2/plexus-components-1.2.pom
2025-04-24 15:15:23,759 [Worker-94: Creating tomcat-maven-archetype] INFO  o.e.m.c.i.e.AbstractTransferListenerAdapter - Downloading https://repo.maven.apache.org/maven2/org/codehaus/plexus/plexus/3.2/plexus-3.2.pom
2025-04-24 15:15:23,769 [Worker-94: Creating tomcat-maven-archetype] INFO  o.e.m.c.i.e.AbstractTransferListenerAdapter - Downloaded https://repo.maven.apache.org/maven2/org/codehaus/plexus/plexus/3.2/plexus-3.2.pom
2025-04-24 15:15:24,816 [Worker-94: Creating tomcat-maven-archetype] INFO  o.e.m.c.i.e.AbstractTransferListenerAdapter - Downloading https://repo.maven.apache.org/maven2/org/codehaus/plexus/plexus-utils/3.0.8/plexus-utils-3.0.8.pom
2025-04-24 15:15:24,827 [Worker-94: Creating tomcat-maven-archetype] INFO  o.e.m.c.i.e.AbstractTransferListenerAdapter - Downloaded https://repo.maven.apache.org/maven2/org/codehaus/plexus/plexus-utils/3.0.8/plexus-utils-3.0.8.pom
2025-04-24 15:15:25,309 [Worker-94: Creating tomcat-maven-archetype] INFO  o.e.m.c.i.e.AbstractTransferListenerAdapter - Downloading https://repo.maven.apache.org/maven2/org/codehaus/plexus/plexus-archiver/2.2/plexus-archiver-2.2.pom
2025-04-24 15:15:25,318 [Worker-94: Creating tomcat-maven-archetype] INFO  o.e.m.c.i.e.AbstractTransferListenerAdapter - Downloaded https://repo.maven.apache.org/maven2/org/codehaus/plexus/plexus-archiver/2.2/plexus-archiver-2.2.pom
2025-04-24 15:15:25,641 [Worker-94: Creating tomcat-maven-archetype] INFO  o.e.m.c.i.e.AbstractTransferListenerAdapter - Downloading https://repo.maven.apache.org/maven2/org/codehaus/plexus/plexus-utils/3.0.7/plexus-utils-3.0.7.pom
2025-04-24 15:15:25,652 [Worker-94: Creating tomcat-maven-archetype] INFO  o.e.m.c.i.e.AbstractTransferListenerAdapter - Downloaded https://repo.maven.apache.org/maven2/org/codehaus/plexus/plexus-utils/3.0.7/plexus-utils-3.0.7.pom
2025-04-24 15:15:26,086 [Worker-94: Creating tomcat-maven-archetype] INFO  o.e.m.c.i.e.AbstractTransferListenerAdapter - Downloading https://repo.maven.apache.org/maven2/org/codehaus/plexus/plexus-io/2.0.4/plexus-io-2.0.4.pom
2025-04-24 15:15:26,097 [Worker-94: Creating tomcat-maven-archetype] INFO  o.e.m.c.i.e.AbstractTransferListenerAdapter - Downloaded https://repo.maven.apache.org/maven2/org/codehaus/plexus/plexus-io/2.0.4/plexus-io-2.0.4.pom
2025-04-24 15:15:26,542 [Worker-94: Creating tomcat-maven-archetype] INFO  o.e.m.c.i.e.AbstractTransferListenerAdapter - Downloading https://repo.maven.apache.org/maven2/com/thoughtworks/xstream/xstream/1.4.3/xstream-1.4.3.pom
2025-04-24 15:15:26,551 [Worker-94: Creating tomcat-maven-archetype] INFO  o.e.m.c.i.e.AbstractTransferListenerAdapter - Downloaded https://repo.maven.apache.org/maven2/com/thoughtworks/xstream/xstream/1.4.3/xstream-1.4.3.pom
2025-04-24 15:15:26,841 [Worker-94: Creating tomcat-maven-archetype] INFO  o.e.m.c.i.e.AbstractTransferListenerAdapter - Downloading https://repo.maven.apache.org/maven2/com/thoughtworks/xstream/xstream-parent/1.4.3/xstream-parent-1.4.3.pom
2025-04-24 15:15:26,856 [Worker-94: Creating tomcat-maven-archetype] INFO  o.e.m.c.i.e.AbstractTransferListenerAdapter - Downloaded https://repo.maven.apache.org/maven2/com/thoughtworks/xstream/xstream-parent/1.4.3/xstream-parent-1.4.3.pom
2025-04-24 15:15:27,153 [Worker-94: Creating tomcat-maven-archetype] INFO  o.e.m.c.i.e.AbstractTransferListenerAdapter - Downloading https://repo.maven.apache.org/maven2/org/codehaus/codehaus-parent/3/codehaus-parent-3.pom
2025-04-24 15:15:27,162 [Worker-94: Creating tomcat-maven-archetype] INFO  o.e.m.c.i.e.AbstractTransferListenerAdapter - Downloaded https://repo.maven.apache.org/maven2/org/codehaus/codehaus-parent/3/codehaus-parent-3.pom
2025-04-24 15:15:27,451 [Worker-94: Creating tomcat-maven-archetype] INFO  o.e.m.c.i.e.AbstractTransferListenerAdapter - Downloading https://repo.maven.apache.org/maven2/xmlpull/xmlpull/1.1.3.1/xmlpull-1.1.3.1.pom
2025-04-24 15:15:27,457 [Worker-94: Creating tomcat-maven-archetype] INFO  o.e.m.c.i.e.AbstractTransferListenerAdapter - Downloaded https://repo.maven.apache.org/maven2/xmlpull/xmlpull/1.1.3.1/xmlpull-1.1.3.1.pom
2025-04-24 15:15:27,747 [Worker-94: Creating tomcat-maven-archetype] INFO  o.e.m.c.i.e.AbstractTransferListenerAdapter - Downloading https://repo.maven.apache.org/maven2/xpp3/xpp3_min/1.1.4c/xpp3_min-1.1.4c.pom
2025-04-24 15:15:27,766 [Worker-94: Creating tomcat-maven-archetype] INFO  o.e.m.c.i.e.AbstractTransferListenerAdapter - Downloaded https://repo.maven.apache.org/maven2/xpp3/xpp3_min/1.1.4c/xpp3_min-1.1.4c.pom
2025-04-24 15:15:28,075 [Worker-94: Creating tomcat-maven-archetype] INFO  o.e.m.c.i.e.AbstractTransferListenerAdapter - Downloading https://repo.maven.apache.org/maven2/org/apache/maven/shared/maven-filtering/1.0-beta-2/maven-filtering-1.0-beta-2.pom
2025-04-24 15:15:28,087 [Worker-94: Creating tomcat-maven-archetype] INFO  o.e.m.c.i.e.AbstractTransferListenerAdapter - Downloaded https://repo.maven.apache.org/maven2/org/apache/maven/shared/maven-filtering/1.0-beta-2/maven-filtering-1.0-beta-2.pom
2025-04-24 15:15:28,383 [Worker-94: Creating tomcat-maven-archetype] INFO  o.e.m.c.i.e.AbstractTransferListenerAdapter - Downloading https://repo.maven.apache.org/maven2/org/apache/maven/shared/maven-shared-components/10/maven-shared-components-10.pom
2025-04-24 15:15:28,393 [Worker-94: Creating tomcat-maven-archetype] INFO  o.e.m.c.i.e.AbstractTransferListenerAdapter - Downloaded https://repo.maven.apache.org/maven2/org/apache/maven/shared/maven-shared-components/10/maven-shared-components-10.pom
2025-04-24 15:15:28,700 [Worker-94: Creating tomcat-maven-archetype] INFO  o.e.m.c.i.e.AbstractTransferListenerAdapter - Downloading https://repo.maven.apache.org/maven2/org/apache/maven/maven-parent/9/maven-parent-9.pom
2025-04-24 15:15:28,723 [Worker-94: Creating tomcat-maven-archetype] INFO  o.e.m.c.i.e.AbstractTransferListenerAdapter - Downloaded https://repo.maven.apache.org/maven2/org/apache/maven/maven-parent/9/maven-parent-9.pom
2025-04-24 15:15:29,041 [Worker-94: Creating tomcat-maven-archetype] INFO  o.e.m.c.i.e.AbstractTransferListenerAdapter - Downloading https://repo.maven.apache.org/maven2/org/codehaus/plexus/plexus-utils/1.5.6/plexus-utils-1.5.6.pom
2025-04-24 15:15:29,049 [Worker-94: Creating tomcat-maven-archetype] INFO  o.e.m.c.i.e.AbstractTransferListenerAdapter - Downloaded https://repo.maven.apache.org/maven2/org/codehaus/plexus/plexus-utils/1.5.6/plexus-utils-1.5.6.pom
2025-04-24 15:15:29,361 [Worker-94: Creating tomcat-maven-archetype] INFO  o.e.m.c.i.e.AbstractTransferListenerAdapter - Downloading https://repo.maven.apache.org/maven2/org/codehaus/plexus/plexus/1.0.12/plexus-1.0.12.pom
2025-04-24 15:15:29,375 [Worker-94: Creating tomcat-maven-archetype] INFO  o.e.m.c.i.e.AbstractTransferListenerAdapter - Downloaded https://repo.maven.apache.org/maven2/org/codehaus/plexus/plexus/1.0.12/plexus-1.0.12.pom
2025-04-24 15:15:29,681 [Worker-94: Creating tomcat-maven-archetype] INFO  o.e.m.c.i.e.AbstractTransferListenerAdapter - Downloading https://repo.maven.apache.org/maven2/org/codehaus/plexus/plexus-interpolation/1.6/plexus-interpolation-1.6.pom
2025-04-24 15:15:29,698 [Worker-94: Creating tomcat-maven-archetype] INFO  o.e.m.c.i.e.AbstractTransferListenerAdapter - Downloaded https://repo.maven.apache.org/maven2/org/codehaus/plexus/plexus-interpolation/1.6/plexus-interpolation-1.6.pom
2025-04-24 15:15:30,025 [Worker-94: Creating tomcat-maven-archetype] INFO  o.e.m.c.i.e.AbstractTransferListenerAdapter - Downloading https://repo.maven.apache.org/maven2/org/apache/maven/maven-plugin-api/2.0.6/maven-plugin-api-2.0.6.jar
2025-04-24 15:15:30,034 [Worker-94: Creating tomcat-maven-archetype] INFO  o.e.m.c.i.e.AbstractTransferListenerAdapter - Downloaded https://repo.maven.apache.org/maven2/org/apache/maven/maven-plugin-api/2.0.6/maven-plugin-api-2.0.6.jar
2025-04-24 15:15:30,298 [BasicRepositoryConnector-repo.maven.apache.org-5-2] INFO  o.e.m.c.i.e.AbstractTransferListenerAdapter - Downloading https://repo.maven.apache.org/maven2/org/apache/maven/maven-project/2.0.6/maven-project-2.0.6.jar
2025-04-24 15:15:30,315 [BasicRepositoryConnector-repo.maven.apache.org-5-1] INFO  o.e.m.c.i.e.AbstractTransferListenerAdapter - Downloading https://repo.maven.apache.org/maven2/org/apache/maven/maven-model/2.0.6/maven-model-2.0.6.jar
2025-04-24 15:15:30,322 [BasicRepositoryConnector-repo.maven.apache.org-5-3] INFO  o.e.m.c.i.e.AbstractTransferListenerAdapter - Downloading https://repo.maven.apache.org/maven2/org/apache/maven/maven-profile/2.0.6/maven-profile-2.0.6.jar
2025-04-24 15:15:30,323 [BasicRepositoryConnector-repo.maven.apache.org-5-4] INFO  o.e.m.c.i.e.AbstractTransferListenerAdapter - Downloading https://repo.maven.apache.org/maven2/org/apache/maven/maven-artifact-manager/2.0.6/maven-artifact-manager-2.0.6.jar
2025-04-24 15:15:30,330 [BasicRepositoryConnector-repo.maven.apache.org-5-2] INFO  o.e.m.c.i.e.AbstractTransferListenerAdapter - Downloaded https://repo.maven.apache.org/maven2/org/apache/maven/maven-project/2.0.6/maven-project-2.0.6.jar
2025-04-24 15:15:30,330 [BasicRepositoryConnector-repo.maven.apache.org-5-0] INFO  o.e.m.c.i.e.AbstractTransferListenerAdapter - Downloading https://repo.maven.apache.org/maven2/org/apache/maven/maven-artifact/2.0.6/maven-artifact-2.0.6.jar
2025-04-24 15:15:30,337 [BasicRepositoryConnector-repo.maven.apache.org-5-3] INFO  o.e.m.c.i.e.AbstractTransferListenerAdapter - Downloaded https://repo.maven.apache.org/maven2/org/apache/maven/maven-profile/2.0.6/maven-profile-2.0.6.jar
2025-04-24 15:15:30,347 [BasicRepositoryConnector-repo.maven.apache.org-5-1] INFO  o.e.m.c.i.e.AbstractTransferListenerAdapter - Downloaded https://repo.maven.apache.org/maven2/org/apache/maven/maven-model/2.0.6/maven-model-2.0.6.jar
2025-04-24 15:15:30,347 [BasicRepositoryConnector-repo.maven.apache.org-5-0] INFO  o.e.m.c.i.e.AbstractTransferListenerAdapter - Downloaded https://repo.maven.apache.org/maven2/org/apache/maven/maven-artifact/2.0.6/maven-artifact-2.0.6.jar
2025-04-24 15:15:30,348 [BasicRepositoryConnector-repo.maven.apache.org-5-4] INFO  o.e.m.c.i.e.AbstractTransferListenerAdapter - Downloaded https://repo.maven.apache.org/maven2/org/apache/maven/maven-artifact-manager/2.0.6/maven-artifact-manager-2.0.6.jar
2025-04-24 15:15:30,607 [BasicRepositoryConnector-repo.maven.apache.org-5-2] INFO  o.e.m.c.i.e.AbstractTransferListenerAdapter - Downloading https://repo.maven.apache.org/maven2/org/apache/maven/maven-plugin-registry/2.0.6/maven-plugin-registry-2.0.6.jar
2025-04-24 15:15:30,632 [BasicRepositoryConnector-repo.maven.apache.org-5-3] INFO  o.e.m.c.i.e.AbstractTransferListenerAdapter - Downloading https://repo.maven.apache.org/maven2/org/apache/maven/maven-core/2.0.6/maven-core-2.0.6.jar
2025-04-24 15:15:30,639 [BasicRepositoryConnector-repo.maven.apache.org-5-0] INFO  o.e.m.c.i.e.AbstractTransferListenerAdapter - Downloading https://repo.maven.apache.org/maven2/org/apache/maven/maven-plugin-parameter-documenter/2.0.6/maven-plugin-parameter-documenter-2.0.6.jar
2025-04-24 15:15:30,639 [BasicRepositoryConnector-repo.maven.apache.org-5-1] INFO  o.e.m.c.i.e.AbstractTransferListenerAdapter - Downloading https://repo.maven.apache.org/maven2/org/apache/maven/reporting/maven-reporting-api/2.0.6/maven-reporting-api-2.0.6.jar
2025-04-24 15:15:30,642 [BasicRepositoryConnector-repo.maven.apache.org-5-2] INFO  o.e.m.c.i.e.AbstractTransferListenerAdapter - Downloaded https://repo.maven.apache.org/maven2/org/apache/maven/maven-plugin-registry/2.0.6/maven-plugin-registry-2.0.6.jar
2025-04-24 15:15:30,646 [BasicRepositoryConnector-repo.maven.apache.org-5-4] INFO  o.e.m.c.i.e.AbstractTransferListenerAdapter - Downloading https://repo.maven.apache.org/maven2/org/apache/maven/doxia/doxia-sink-api/1.0-alpha-7/doxia-sink-api-1.0-alpha-7.jar
2025-04-24 15:15:30,651 [BasicRepositoryConnector-repo.maven.apache.org-5-0] INFO  o.e.m.c.i.e.AbstractTransferListenerAdapter - Downloaded https://repo.maven.apache.org/maven2/org/apache/maven/maven-plugin-parameter-documenter/2.0.6/maven-plugin-parameter-documenter-2.0.6.jar
2025-04-24 15:15:30,652 [BasicRepositoryConnector-repo.maven.apache.org-5-1] INFO  o.e.m.c.i.e.AbstractTransferListenerAdapter - Downloaded https://repo.maven.apache.org/maven2/org/apache/maven/reporting/maven-reporting-api/2.0.6/maven-reporting-api-2.0.6.jar
2025-04-24 15:15:30,656 [BasicRepositoryConnector-repo.maven.apache.org-5-4] INFO  o.e.m.c.i.e.AbstractTransferListenerAdapter - Downloaded https://repo.maven.apache.org/maven2/org/apache/maven/doxia/doxia-sink-api/1.0-alpha-7/doxia-sink-api-1.0-alpha-7.jar
2025-04-24 15:15:30,659 [BasicRepositoryConnector-repo.maven.apache.org-5-3] INFO  o.e.m.c.i.e.AbstractTransferListenerAdapter - Downloaded https://repo.maven.apache.org/maven2/org/apache/maven/maven-core/2.0.6/maven-core-2.0.6.jar
2025-04-24 15:15:30,914 [BasicRepositoryConnector-repo.maven.apache.org-5-1] INFO  o.e.m.c.i.e.AbstractTransferListenerAdapter - Downloading https://repo.maven.apache.org/maven2/commons-cli/commons-cli/1.0/commons-cli-1.0.jar
2025-04-24 15:15:30,923 [BasicRepositoryConnector-repo.maven.apache.org-5-2] INFO  o.e.m.c.i.e.AbstractTransferListenerAdapter - Downloading https://repo.maven.apache.org/maven2/org/apache/maven/maven-repository-metadata/2.0.6/maven-repository-metadata-2.0.6.jar
2025-04-24 15:15:30,931 [BasicRepositoryConnector-repo.maven.apache.org-5-2] INFO  o.e.m.c.i.e.AbstractTransferListenerAdapter - Downloaded https://repo.maven.apache.org/maven2/org/apache/maven/maven-repository-metadata/2.0.6/maven-repository-metadata-2.0.6.jar
2025-04-24 15:15:30,932 [BasicRepositoryConnector-repo.maven.apache.org-5-0] INFO  o.e.m.c.i.e.AbstractTransferListenerAdapter - Downloading https://repo.maven.apache.org/maven2/org/apache/maven/maven-error-diagnostics/2.0.6/maven-error-diagnostics-2.0.6.jar
2025-04-24 15:15:30,933 [BasicRepositoryConnector-repo.maven.apache.org-5-4] INFO  o.e.m.c.i.e.AbstractTransferListenerAdapter - Downloading https://repo.maven.apache.org/maven2/org/apache/maven/maven-plugin-descriptor/2.0.6/maven-plugin-descriptor-2.0.6.jar
2025-04-24 15:15:30,937 [BasicRepositoryConnector-repo.maven.apache.org-5-3] INFO  o.e.m.c.i.e.AbstractTransferListenerAdapter - Downloading https://repo.maven.apache.org/maven2/org/codehaus/plexus/plexus-interactivity-api/1.0-alpha-4/plexus-interactivity-api-1.0-alpha-4.jar
2025-04-24 15:15:30,943 [BasicRepositoryConnector-repo.maven.apache.org-5-4] INFO  o.e.m.c.i.e.AbstractTransferListenerAdapter - Downloaded https://repo.maven.apache.org/maven2/org/apache/maven/maven-plugin-descriptor/2.0.6/maven-plugin-descriptor-2.0.6.jar
2025-04-24 15:15:30,943 [BasicRepositoryConnector-repo.maven.apache.org-5-0] INFO  o.e.m.c.i.e.AbstractTransferListenerAdapter - Downloaded https://repo.maven.apache.org/maven2/org/apache/maven/maven-error-diagnostics/2.0.6/maven-error-diagnostics-2.0.6.jar
2025-04-24 15:15:30,947 [BasicRepositoryConnector-repo.maven.apache.org-5-3] INFO  o.e.m.c.i.e.AbstractTransferListenerAdapter - Downloaded https://repo.maven.apache.org/maven2/org/codehaus/plexus/plexus-interactivity-api/1.0-alpha-4/plexus-interactivity-api-1.0-alpha-4.jar
2025-04-24 15:15:30,951 [BasicRepositoryConnector-repo.maven.apache.org-5-1] INFO  o.e.m.c.i.e.AbstractTransferListenerAdapter - Downloaded https://repo.maven.apache.org/maven2/commons-cli/commons-cli/1.0/commons-cli-1.0.jar
2025-04-24 15:15:31,228 [BasicRepositoryConnector-repo.maven.apache.org-5-0] INFO  o.e.m.c.i.e.AbstractTransferListenerAdapter - Downloading https://repo.maven.apache.org/maven2/org/apache/maven/maven-monitor/2.0.6/maven-monitor-2.0.6.jar
2025-04-24 15:15:31,228 [BasicRepositoryConnector-repo.maven.apache.org-5-2] INFO  o.e.m.c.i.e.AbstractTransferListenerAdapter - Downloading https://repo.maven.apache.org/maven2/classworlds/classworlds/1.1/classworlds-1.1.jar
2025-04-24 15:15:31,234 [BasicRepositoryConnector-repo.maven.apache.org-5-4] INFO  o.e.m.c.i.e.AbstractTransferListenerAdapter - Downloading https://repo.maven.apache.org/maven2/org/apache/maven/maven-settings/2.0.6/maven-settings-2.0.6.jar
2025-04-24 15:15:31,240 [BasicRepositoryConnector-repo.maven.apache.org-5-3] INFO  o.e.m.c.i.e.AbstractTransferListenerAdapter - Downloading https://repo.maven.apache.org/maven2/org/apache/maven/maven-archiver/2.5/maven-archiver-2.5.jar
2025-04-24 15:15:31,244 [BasicRepositoryConnector-repo.maven.apache.org-5-0] INFO  o.e.m.c.i.e.AbstractTransferListenerAdapter - Downloaded https://repo.maven.apache.org/maven2/org/apache/maven/maven-monitor/2.0.6/maven-monitor-2.0.6.jar
2025-04-24 15:15:31,245 [BasicRepositoryConnector-repo.maven.apache.org-5-2] INFO  o.e.m.c.i.e.AbstractTransferListenerAdapter - Downloaded https://repo.maven.apache.org/maven2/classworlds/classworlds/1.1/classworlds-1.1.jar
2025-04-24 15:15:31,245 [BasicRepositoryConnector-repo.maven.apache.org-5-1] INFO  o.e.m.c.i.e.AbstractTransferListenerAdapter - Downloading https://repo.maven.apache.org/maven2/org/codehaus/plexus/plexus-io/2.0.5/plexus-io-2.0.5.jar
2025-04-24 15:15:31,252 [BasicRepositoryConnector-repo.maven.apache.org-5-3] INFO  o.e.m.c.i.e.AbstractTransferListenerAdapter - Downloaded https://repo.maven.apache.org/maven2/org/apache/maven/maven-archiver/2.5/maven-archiver-2.5.jar
2025-04-24 15:15:31,256 [BasicRepositoryConnector-repo.maven.apache.org-5-4] INFO  o.e.m.c.i.e.AbstractTransferListenerAdapter - Downloaded https://repo.maven.apache.org/maven2/org/apache/maven/maven-settings/2.0.6/maven-settings-2.0.6.jar
2025-04-24 15:15:31,261 [BasicRepositoryConnector-repo.maven.apache.org-5-1] INFO  o.e.m.c.i.e.AbstractTransferListenerAdapter - Downloaded https://repo.maven.apache.org/maven2/org/codehaus/plexus/plexus-io/2.0.5/plexus-io-2.0.5.jar
2025-04-24 15:15:31,511 [BasicRepositoryConnector-repo.maven.apache.org-5-2] INFO  o.e.m.c.i.e.AbstractTransferListenerAdapter - Downloading https://repo.maven.apache.org/maven2/org/codehaus/plexus/plexus-interpolation/1.15/plexus-interpolation-1.15.jar
2025-04-24 15:15:31,511 [BasicRepositoryConnector-repo.maven.apache.org-5-0] INFO  o.e.m.c.i.e.AbstractTransferListenerAdapter - Downloading https://repo.maven.apache.org/maven2/org/codehaus/plexus/plexus-archiver/2.2/plexus-archiver-2.2.jar
2025-04-24 15:15:31,527 [BasicRepositoryConnector-repo.maven.apache.org-5-4] INFO  o.e.m.c.i.e.AbstractTransferListenerAdapter - Downloading https://repo.maven.apache.org/maven2/xmlpull/xmlpull/1.1.3.1/xmlpull-1.1.3.1.jar
2025-04-24 15:15:31,578 [BasicRepositoryConnector-repo.maven.apache.org-5-3] INFO  o.e.m.c.i.e.AbstractTransferListenerAdapter - Downloading https://repo.maven.apache.org/maven2/com/thoughtworks/xstream/xstream/1.4.3/xstream-1.4.3.jar
2025-04-24 15:15:31,620 [BasicRepositoryConnector-repo.maven.apache.org-5-4] INFO  o.e.m.c.i.e.AbstractTransferListenerAdapter - Downloaded https://repo.maven.apache.org/maven2/xmlpull/xmlpull/1.1.3.1/xmlpull-1.1.3.1.jar
2025-04-24 15:15:31,628 [BasicRepositoryConnector-repo.maven.apache.org-5-2] INFO  o.e.m.c.i.e.AbstractTransferListenerAdapter - Downloaded https://repo.maven.apache.org/maven2/org/codehaus/plexus/plexus-interpolation/1.15/plexus-interpolation-1.15.jar
2025-04-24 15:15:31,635 [BasicRepositoryConnector-repo.maven.apache.org-5-1] INFO  o.e.m.c.i.e.AbstractTransferListenerAdapter - Downloading https://repo.maven.apache.org/maven2/xpp3/xpp3_min/1.1.4c/xpp3_min-1.1.4c.jar
2025-04-24 15:15:31,638 [BasicRepositoryConnector-repo.maven.apache.org-5-0] INFO  o.e.m.c.i.e.AbstractTransferListenerAdapter - Downloaded https://repo.maven.apache.org/maven2/org/codehaus/plexus/plexus-archiver/2.2/plexus-archiver-2.2.jar
2025-04-24 15:15:31,646 [BasicRepositoryConnector-repo.maven.apache.org-5-1] INFO  o.e.m.c.i.e.AbstractTransferListenerAdapter - Downloaded https://repo.maven.apache.org/maven2/xpp3/xpp3_min/1.1.4c/xpp3_min-1.1.4c.jar
2025-04-24 15:15:31,662 [BasicRepositoryConnector-repo.maven.apache.org-5-3] INFO  o.e.m.c.i.e.AbstractTransferListenerAdapter - Downloaded https://repo.maven.apache.org/maven2/com/thoughtworks/xstream/xstream/1.4.3/xstream-1.4.3.jar
2025-04-24 15:15:31,917 [BasicRepositoryConnector-repo.maven.apache.org-5-4] INFO  o.e.m.c.i.e.AbstractTransferListenerAdapter - Downloading https://repo.maven.apache.org/maven2/org/codehaus/plexus/plexus-utils/3.0.8/plexus-utils-3.0.8.jar
2025-04-24 15:15:31,925 [BasicRepositoryConnector-repo.maven.apache.org-5-2] INFO  o.e.m.c.i.e.AbstractTransferListenerAdapter - Downloading https://repo.maven.apache.org/maven2/org/apache/maven/shared/maven-filtering/1.0-beta-2/maven-filtering-1.0-beta-2.jar
2025-04-24 15:15:31,937 [BasicRepositoryConnector-repo.maven.apache.org-5-2] INFO  o.e.m.c.i.e.AbstractTransferListenerAdapter - Downloaded https://repo.maven.apache.org/maven2/org/apache/maven/shared/maven-filtering/1.0-beta-2/maven-filtering-1.0-beta-2.jar
2025-04-24 15:15:31,941 [BasicRepositoryConnector-repo.maven.apache.org-5-4] INFO  o.e.m.c.i.e.AbstractTransferListenerAdapter - Downloaded https://repo.maven.apache.org/maven2/org/codehaus/plexus/plexus-utils/3.0.8/plexus-utils-3.0.8.jar
2025-04-24 15:15:33,774 [Worker-94: Creating tomcat-maven-archetype] WARN  Sisu - Error injecting: org.apache.maven.plugin.war.WarMojo
com.google.inject.ProvisionException: Unable to provision, see the following errors:

1) [Guice/ErrorInjectingConstructor]: ExceptionInInitializerError
  at WarMojo.<init>(WarMojo.java:53)
  while locating WarMojo

Learn more:
  https://github.com/google/guice/wiki/ERROR_INJECTING_CONSTRUCTOR

1 error

======================
Full classname legend:
======================
WarMojo:                     "org.apache.maven.plugin.war.WarMojo"
========================
End of classname legend:
========================

	at com.google.inject.internal.InternalProvisionException.toProvisionException(InternalProvisionException.java:251)
	at com.google.inject.internal.InjectorImpl$1.get(InjectorImpl.java:1104)
	at com.google.inject.internal.InjectorImpl.getInstance(InjectorImpl.java:1139)
	at org.eclipse.sisu.space.AbstractDeferredClass.get(AbstractDeferredClass.java:50)
	at com.google.inject.internal.ProviderInternalFactory.provision(ProviderInternalFactory.java:86)
	at com.google.inject.internal.InternalFactoryToInitializableAdapter.provision(InternalFactoryToInitializableAdapter.java:57)
	at com.google.inject.internal.ProviderInternalFactory$1.call(ProviderInternalFactory.java:67)
	at com.google.inject.internal.ProvisionListenerStackCallback$Provision.provision(ProvisionListenerStackCallback.java:109)
	at com.google.inject.internal.ProvisionListenerStackCallback$Provision.provision(ProvisionListenerStackCallback.java:124)
	at com.google.inject.internal.ProvisionListenerStackCallback.provision(ProvisionListenerStackCallback.java:66)
	at com.google.inject.internal.ProviderInternalFactory.circularGet(ProviderInternalFactory.java:62)
	at com.google.inject.internal.InternalFactoryToInitializableAdapter.get(InternalFactoryToInitializableAdapter.java:47)
	at com.google.inject.internal.InjectorImpl$1.get(InjectorImpl.java:1101)
	at org.eclipse.sisu.inject.Guice4$2.get(Guice4.java:235)
	at org.eclipse.sisu.inject.LazyBeanEntry.getValue(LazyBeanEntry.java:83)
	at org.eclipse.sisu.plexus.LazyPlexusBean.getValue(LazyPlexusBean.java:53)
	at org.codehaus.plexus.DefaultPlexusContainer.lookup(DefaultPlexusContainer.java:265)
	at org.codehaus.plexus.DefaultPlexusContainer.lookup(DefaultPlexusContainer.java:257)
	at org.apache.maven.plugin.internal.DefaultMavenPluginManager.getConfiguredMojo(DefaultMavenPluginManager.java:491)
	at org.eclipse.m2e.core.internal.embedder.MavenImpl.getConfiguredMojo(MavenImpl.java:206)
	at org.eclipse.m2e.mavenarchiver.internal.AbstractMavenArchiverConfigurator.reflectManifestGeneration(AbstractMavenArchiverConfigurator.java:439)
	at org.eclipse.m2e.mavenarchiver.internal.AbstractMavenArchiverConfigurator.lambda$3(AbstractMavenArchiverConfigurator.java:398)
	at org.eclipse.m2e.core.internal.embedder.MavenExecutionContext.executeBare(MavenExecutionContext.java:458)
	at org.eclipse.m2e.core.internal.embedder.MavenExecutionContext.execute(MavenExecutionContext.java:339)
	at org.eclipse.m2e.core.internal.embedder.MavenExecutionContext.execute(MavenExecutionContext.java:278)
	at org.eclipse.m2e.mavenarchiver.internal.AbstractMavenArchiverConfigurator.generateManifest(AbstractMavenArchiverConfigurator.java:371)
	at org.eclipse.m2e.mavenarchiver.internal.AbstractMavenArchiverConfigurator.mavenProjectChanged(AbstractMavenArchiverConfigurator.java:228)
	at org.eclipse.m2e.wtp.mavenarchiver.AbstractWTPArchiverConfigurator.mavenProjectChanged(AbstractWTPArchiverConfigurator.java:56)
	at org.eclipse.m2e.core.internal.project.ProjectConfigurationManager.mavenProjectChanged(ProjectConfigurationManager.java:885)
	at org.eclipse.m2e.core.internal.project.registry.ProjectRegistryManager.notifyProjectChangeListeners(ProjectRegistryManager.java:892)
	at org.eclipse.m2e.core.internal.project.registry.ProjectRegistryManager.applyMutableProjectRegistry(ProjectRegistryManager.java:1042)
	at org.eclipse.m2e.core.internal.project.registry.ProjectRegistryManager.refresh(ProjectRegistryManager.java:324)
	at org.eclipse.m2e.core.internal.project.ProjectConfigurationManager.configureNewMavenProjects(ProjectConfigurationManager.java:256)
	at org.eclipse.m2e.core.internal.project.ProjectConfigurationManager.lambda$1(ProjectConfigurationManager.java:166)
	at org.eclipse.m2e.core.internal.embedder.MavenExecutionContext.executeBare(MavenExecutionContext.java:458)
	at org.eclipse.m2e.core.internal.embedder.MavenExecutionContext.execute(MavenExecutionContext.java:339)
	at org.eclipse.m2e.core.internal.embedder.MavenExecutionContext.execute(MavenExecutionContext.java:278)
	at org.eclipse.m2e.core.internal.project.ProjectConfigurationManager.importProjects(ProjectConfigurationManager.java:139)
	at org.eclipse.m2e.core.ui.internal.wizards.MavenProjectWizard$3.doCreateMavenProjects(MavenProjectWizard.java:251)
	at org.eclipse.m2e.core.ui.internal.wizards.AbstractCreateMavenProjectJob$1.doCreateMavenProjects(AbstractCreateMavenProjectJob.java:51)
	at org.eclipse.m2e.core.ui.internal.wizards.AbstractCreateMavenProjectsOperation.run(AbstractCreateMavenProjectsOperation.java:56)
	at org.eclipse.m2e.core.ui.internal.wizards.AbstractCreateMavenProjectJob.runInWorkspace(AbstractCreateMavenProjectJob.java:55)
	at org.eclipse.core.internal.resources.InternalWorkspaceJob.run(InternalWorkspaceJob.java:43)
	at org.eclipse.core.internal.jobs.Worker.run(Worker.java:63)
Caused by: java.lang.ExceptionInInitializerError: null
	at com.thoughtworks.xstream.XStream.setupConverters(XStream.java:679)
	at com.thoughtworks.xstream.XStream.<init>(XStream.java:456)
	at com.thoughtworks.xstream.XStream.<init>(XStream.java:381)
	at com.thoughtworks.xstream.XStream.<init>(XStream.java:356)
	at org.apache.maven.plugin.war.util.WebappStructureSerializer.<clinit>(WebappStructureSerializer.java:47)
	at org.apache.maven.plugin.war.AbstractWarMojo.<init>(AbstractWarMojo.java:324)
	at org.apache.maven.plugin.war.WarMojo.<init>(WarMojo.java:53)
	at org.apache.maven.plugin.war.WarMojo$$FastClassByGuice$$560975815.GUICE$TRAMPOLINE(<generated>)
	at org.apache.maven.plugin.war.WarMojo$$FastClassByGuice$$560975815.apply(<generated>)
	at com.google.inject.internal.DefaultConstructionProxyFactory$FastClassProxy.newInstance(DefaultConstructionProxyFactory.java:82)
	at com.google.inject.internal.ConstructorInjector.provision(ConstructorInjector.java:114)
	at com.google.inject.internal.ConstructorInjector.access$000(ConstructorInjector.java:33)
	at com.google.inject.internal.ConstructorInjector$1.call(ConstructorInjector.java:98)
	at com.google.inject.internal.ProvisionListenerStackCallback$Provision.provision(ProvisionListenerStackCallback.java:109)
	at com.google.inject.internal.ProvisionListenerStackCallback$Provision.provision(ProvisionListenerStackCallback.java:124)
	at com.google.inject.internal.ProvisionListenerStackCallback.provision(ProvisionListenerStackCallback.java:66)
	at com.google.inject.internal.ConstructorInjector.construct(ConstructorInjector.java:93)
	at com.google.inject.internal.ConstructorBindingImpl$Factory.get(ConstructorBindingImpl.java:300)
	at com.google.inject.internal.InjectorImpl$1.get(InjectorImpl.java:1101)
	... 42 common frames omitted
Caused by: java.lang.reflect.InaccessibleObjectException: Unable to make field private final java.util.Comparator java.util.TreeMap.comparator accessible: module java.base does not "opens java.util" to unnamed module @6116d0bc
	at java.base/java.lang.reflect.AccessibleObject.throwInaccessibleObjectException(AccessibleObject.java:391)
	at java.base/java.lang.reflect.AccessibleObject.checkCanSetAccessible(AccessibleObject.java:367)
	at java.base/java.lang.reflect.AccessibleObject.checkCanSetAccessible(AccessibleObject.java:315)
	at java.base/java.lang.reflect.Field.checkCanSetAccessible(Field.java:183)
	at java.base/java.lang.reflect.Field.setAccessible(Field.java:177)
	at com.thoughtworks.xstream.converters.collections.TreeMapConverter.<clinit>(TreeMapConverter.java:59)
	... 61 common frames omitted
2025-04-24 15:15:34,909 [Worker-94: Creating tomcat-maven-archetype] INFO  o.e.m.j.i.AbstractJavaProjectConfigurator - Adding source folder /signinProject-api/src/main/java
2025-04-24 15:15:34,913 [Worker-94: Creating tomcat-maven-archetype] INFO  o.e.m.j.i.AbstractJavaProjectConfigurator - Adding resource folder /signinProject-api/src/main/resources
2025-04-24 15:15:34,913 [Worker-94: Creating tomcat-maven-archetype] INFO  o.e.m.j.i.AbstractJavaProjectConfigurator - Adding source folder /signinProject-api/src/test/java
2025-04-24 15:15:34,916 [Worker-94: Creating tomcat-maven-archetype] INFO  o.e.m.j.i.AbstractJavaProjectConfigurator - Adding resource folder /signinProject-api/src/test/resources
2025-04-24 15:15:36,025 [Worker-78: Download sources and javadoc] INFO  o.e.m.c.i.e.AbstractTransferListenerAdapter - Downloading https://repo.maven.apache.org/maven2/javax/ws/rs/jsr311-api/1.1.1/jsr311-api-1.1.1-sources.jar
2025-04-24 15:15:36,072 [Worker-78: Download sources and javadoc] INFO  o.e.m.c.i.e.AbstractTransferListenerAdapter - Downloaded https://repo.maven.apache.org/maven2/javax/ws/rs/jsr311-api/1.1.1/jsr311-api-1.1.1-sources.jar
2025-04-24 15:15:36,085 [Worker-78: Download sources and javadoc] INFO  o.e.m.j.internal.DownloadSourcesJob - Downloaded sources for javax.ws.rs:jsr311-api:1.1.1
2025-04-24 15:15:37,751 [Worker-78: Download sources and javadoc] INFO  o.e.m.c.i.e.AbstractTransferListenerAdapter - Downloading https://repo.maven.apache.org/maven2/org/springframework/spring-context-support/3.2.0.RELEASE/spring-context-support-3.2.0.RELEASE-sources.jar
2025-04-24 15:15:38,257 [Worker-78: Download sources and javadoc] INFO  o.e.m.c.i.e.AbstractTransferListenerAdapter - Downloaded https://repo.maven.apache.org/maven2/org/springframework/spring-context-support/3.2.0.RELEASE/spring-context-support-3.2.0.RELEASE-sources.jar
2025-04-24 15:15:38,267 [Worker-78: Download sources and javadoc] INFO  o.e.m.j.internal.DownloadSourcesJob - Downloaded sources for org.springframework:spring-context-support:3.2.0.RELEASE
2025-04-24 15:15:38,352 [Worker-94: Creating tomcat-maven-archetype] INFO  o.e.m.j.i.AbstractJavaProjectConfigurator - Adding source folder /signinProject-api-impl/src/main/java
2025-04-24 15:15:38,355 [Worker-94: Creating tomcat-maven-archetype] INFO  o.e.m.j.i.AbstractJavaProjectConfigurator - Adding resource folder /signinProject-api-impl/src/main/resources
2025-04-24 15:15:38,372 [Worker-94: Creating tomcat-maven-archetype] INFO  o.e.m.j.i.AbstractJavaProjectConfigurator - Adding source folder /signinProject-api-impl/src/test/java
2025-04-24 15:15:38,375 [Worker-94: Creating tomcat-maven-archetype] INFO  o.e.m.j.i.AbstractJavaProjectConfigurator - Adding resource folder /signinProject-api-impl/src/test/resources
2025-04-24 15:15:39,279 [Worker-78: Download sources and javadoc] INFO  o.e.m.c.i.e.AbstractTransferListenerAdapter - Downloading https://repo.maven.apache.org/maven2/org/springframework/spring-core/3.2.0.RELEASE/spring-core-3.2.0.RELEASE-sources.jar
2025-04-24 15:15:39,942 [Worker-78: Download sources and javadoc] INFO  o.e.m.c.i.e.AbstractTransferListenerAdapter - Downloaded https://repo.maven.apache.org/maven2/org/springframework/spring-core/3.2.0.RELEASE/spring-core-3.2.0.RELEASE-sources.jar
2025-04-24 15:15:39,952 [Worker-78: Download sources and javadoc] INFO  o.e.m.j.internal.DownloadSourcesJob - Downloaded sources for org.springframework:spring-core:3.2.0.RELEASE
2025-04-24 15:15:41,272 [Worker-78: Download sources and javadoc] INFO  o.e.m.c.i.e.AbstractTransferListenerAdapter - Downloading https://repo.maven.apache.org/maven2/commons-logging/commons-logging/1.1.1/commons-logging-1.1.1-sources.jar
2025-04-24 15:15:41,285 [Worker-78: Download sources and javadoc] INFO  o.e.m.c.i.e.AbstractTransferListenerAdapter - Downloaded https://repo.maven.apache.org/maven2/commons-logging/commons-logging/1.1.1/commons-logging-1.1.1-sources.jar
2025-04-24 15:15:41,293 [Worker-78: Download sources and javadoc] INFO  o.e.m.j.internal.DownloadSourcesJob - Downloaded sources for commons-logging:commons-logging:1.1.1
2025-04-24 15:15:42,483 [Worker-78: Download sources and javadoc] INFO  o.e.m.c.i.e.AbstractTransferListenerAdapter - Downloading https://repo.maven.apache.org/maven2/org/springframework/spring-context/3.2.0.RELEASE/spring-context-3.2.0.RELEASE-sources.jar
2025-04-24 15:15:42,931 [Worker-94: Creating tomcat-maven-archetype] INFO  o.e.m.j.i.AbstractJavaProjectConfigurator - Adding source folder /signinProject-webapp/src/main/java
2025-04-24 15:15:42,933 [Worker-94: Creating tomcat-maven-archetype] INFO  o.e.m.j.i.AbstractJavaProjectConfigurator - Adding resource folder /signinProject-webapp/src/main/resources
2025-04-24 15:15:42,951 [Worker-94: Creating tomcat-maven-archetype] INFO  o.e.m.j.i.AbstractJavaProjectConfigurator - Adding source folder /signinProject-webapp/src/test/java
2025-04-24 15:15:42,954 [Worker-94: Creating tomcat-maven-archetype] INFO  o.e.m.j.i.AbstractJavaProjectConfigurator - Adding resource folder /signinProject-webapp/src/test/resources
2025-04-24 15:15:43,880 [Worker-78: Download sources and javadoc] INFO  o.e.m.c.i.e.AbstractTransferListenerAdapter - Downloaded https://repo.maven.apache.org/maven2/org/springframework/spring-context/3.2.0.RELEASE/spring-context-3.2.0.RELEASE-sources.jar
2025-04-24 15:15:43,889 [Worker-78: Download sources and javadoc] INFO  o.e.m.j.internal.DownloadSourcesJob - Downloaded sources for org.springframework:spring-context:3.2.0.RELEASE
2025-04-24 15:15:44,937 [Worker-78: Download sources and javadoc] INFO  o.e.m.c.i.e.AbstractTransferListenerAdapter - Downloading https://repo.maven.apache.org/maven2/org/springframework/spring-expression/3.2.0.RELEASE/spring-expression-3.2.0.RELEASE-sources.jar
2025-04-24 15:15:44,967 [Worker-78: Download sources and javadoc] INFO  o.e.m.c.i.e.AbstractTransferListenerAdapter - Downloaded https://repo.maven.apache.org/maven2/org/springframework/spring-expression/3.2.0.RELEASE/spring-expression-3.2.0.RELEASE-sources.jar
2025-04-24 15:15:44,977 [Worker-94: Creating tomcat-maven-archetype] INFO  o.e.m.c.i.p.WorkspaceClassifierResolverManager - Resolving P/signinProject-api: signin:signinProject-api:0.0.1-SNAPSHOT with classifier  to /signinProject-api/target/classes
2025-04-24 15:15:44,977 [Worker-94: Creating tomcat-maven-archetype] INFO  o.e.m.c.i.p.WorkspaceClassifierResolverManager - Resolving P/signinProject-api-impl: signin:signinProject-api-impl:0.0.1-SNAPSHOT with classifier  to /signinProject-api-impl/target/classes
2025-04-24 15:15:44,977 [Worker-78: Download sources and javadoc] INFO  o.e.m.j.internal.DownloadSourcesJob - Downloaded sources for org.springframework:spring-expression:3.2.0.RELEASE
2025-04-24 15:15:45,580 [Worker-94: Creating tomcat-maven-archetype] INFO  o.e.m.c.i.p.ProjectConfigurationManager - Imported and configured 6 project(s) in 110 sec
2025-04-24 15:15:46,408 [Worker-78: Download sources and javadoc] INFO  o.e.m.c.i.e.AbstractTransferListenerAdapter - Downloading https://repo.maven.apache.org/maven2/org/springframework/spring-beans/3.2.0.RELEASE/spring-beans-3.2.0.RELEASE-sources.jar
2025-04-24 15:15:46,543 [Worker-92: Updating Maven Project] INFO  o.e.m.c.i.p.ProjectConfigurationManager - Update started
2025-04-24 15:15:46,611 [Worker-78: Download sources and javadoc] INFO  o.e.m.c.i.e.AbstractTransferListenerAdapter - Downloaded https://repo.maven.apache.org/maven2/org/springframework/spring-beans/3.2.0.RELEASE/spring-beans-3.2.0.RELEASE-sources.jar
2025-04-24 15:15:46,622 [Worker-78: Download sources and javadoc] INFO  o.e.m.j.internal.DownloadSourcesJob - Downloaded sources for org.springframework:spring-beans:3.2.0.RELEASE
2025-04-24 15:15:47,059 [Worker-78: Download sources and javadoc] INFO  o.e.m.c.i.p.WorkspaceClassifierResolverManager - Resolving P/signinProject-api: signin:signinProject-api:0.0.1-SNAPSHOT with classifier  to /signinProject-api/target/classes
2025-04-24 15:15:47,284 [Worker-92: Updating Maven Project] INFO  o.e.m.c.i.l.LifecycleMappingFactory - Using org.eclipse.m2e.jdt.JarLifecycleMapping lifecycle mapping for MavenProject: signin:signinProject-api-impl:0.0.1-SNAPSHOT @ C:\Users\Elango\Desktop\Advanced Java\J2EE\M87\JDBC\signinProject\signinProject-api-impl\pom.xml.
2025-04-24 15:15:48,366 [Worker-78: Download sources and javadoc] INFO  o.e.m.c.i.e.AbstractTransferListenerAdapter - Downloading https://repo.maven.apache.org/maven2/org/apache/cxf/cxf-bundle-jaxrs/2.6.5/cxf-bundle-jaxrs-2.6.5-sources.jar
2025-04-24 15:15:50,269 [Worker-78: Download sources and javadoc] INFO  o.e.m.c.i.e.AbstractTransferListenerAdapter - Downloaded https://repo.maven.apache.org/maven2/org/apache/cxf/cxf-bundle-jaxrs/2.6.5/cxf-bundle-jaxrs-2.6.5-sources.jar
2025-04-24 15:15:50,281 [Worker-78: Download sources and javadoc] INFO  o.e.m.j.internal.DownloadSourcesJob - Downloaded sources for org.apache.cxf:cxf-bundle-jaxrs:2.6.5
2025-04-24 15:15:51,439 [Worker-78: Download sources and javadoc] INFO  o.e.m.c.i.e.AbstractTransferListenerAdapter - Downloading https://repo.maven.apache.org/maven2/org/codehaus/woodstox/woodstox-core-asl/4.1.4/woodstox-core-asl-4.1.4-sources.jar
2025-04-24 15:15:52,032 [Worker-78: Download sources and javadoc] INFO  o.e.m.c.i.e.AbstractTransferListenerAdapter - Downloaded https://repo.maven.apache.org/maven2/org/codehaus/woodstox/woodstox-core-asl/4.1.4/woodstox-core-asl-4.1.4-sources.jar
2025-04-24 15:15:52,041 [Worker-78: Download sources and javadoc] INFO  o.e.m.j.internal.DownloadSourcesJob - Downloaded sources for org.codehaus.woodstox:woodstox-core-asl:4.1.4
2025-04-24 15:15:53,318 [Worker-78: Download sources and javadoc] INFO  o.e.m.c.i.e.AbstractTransferListenerAdapter - Downloading https://repo.maven.apache.org/maven2/org/codehaus/woodstox/stax2-api/3.1.1/stax2-api-3.1.1-sources.jar
2025-04-24 15:15:53,340 [Worker-78: Download sources and javadoc] INFO  o.e.m.c.i.e.AbstractTransferListenerAdapter - Downloaded https://repo.maven.apache.org/maven2/org/codehaus/woodstox/stax2-api/3.1.1/stax2-api-3.1.1-sources.jar
2025-04-24 15:15:53,348 [Worker-92: Updating Maven Project] INFO  o.e.m.c.i.p.WorkspaceClassifierResolverManager - Resolving P/signinProject-api: signin:signinProject-api:0.0.1-SNAPSHOT with classifier  to /signinProject-api/target/classes
2025-04-24 15:15:53,349 [Worker-78: Download sources and javadoc] INFO  o.e.m.j.internal.DownloadSourcesJob - Downloaded sources for org.codehaus.woodstox:stax2-api:3.1.1
2025-04-24 15:15:53,422 [Worker-92: Updating Maven Project] INFO  o.e.m.c.i.l.LifecycleMappingFactory - Using NULL lifecycle mapping for MavenProject: signin:signinProject-webapp-exec:0.0.1-SNAPSHOT @ C:\Users\Elango\Desktop\Advanced Java\J2EE\M87\JDBC\signinProject\signinProject-webapp-exec\pom.xml.
2025-04-24 15:15:53,428 [Worker-92: Updating Maven Project] INFO  o.e.m.c.i.p.WorkspaceClassifierResolverManager - Resolving P/signinProject-webapp: signin:signinProject-webapp:0.0.1-SNAPSHOT with classifier  to /signinProject-webapp/target/classes
2025-04-24 15:15:53,433 [Worker-92: Updating Maven Project] INFO  o.e.m.c.i.l.LifecycleMappingFactory - Using NULL lifecycle mapping for MavenProject: signin:signinProject-webapp-it:0.0.1-SNAPSHOT @ C:\Users\Elango\Desktop\Advanced Java\J2EE\M87\JDBC\signinProject\signinProject-webapp-it\pom.xml.
2025-04-24 15:15:53,682 [Worker-92: Updating Maven Project] INFO  o.e.m.c.i.p.WorkspaceClassifierResolverManager - Resolving P/signinProject-webapp: signin:signinProject-webapp:0.0.1-SNAPSHOT with classifier  to /signinProject-webapp/target/classes
2025-04-24 15:15:54,237 [Worker-78: Download sources and javadoc] INFO  o.e.m.c.i.e.AbstractTransferListenerAdapter - Downloading https://repo.maven.apache.org/maven2/org/apache/ws/xmlschema/xmlschema-core/2.0.3/xmlschema-core-2.0.3-sources.jar
2025-04-24 15:15:54,271 [Worker-92: Updating Maven Project] INFO  o.e.m.j.i.AbstractJavaProjectConfigurator - Adding source folder /signinProject-api-impl/src/main/java
2025-04-24 15:15:54,273 [Worker-92: Updating Maven Project] INFO  o.e.m.j.i.AbstractJavaProjectConfigurator - Adding resource folder /signinProject-api-impl/src/main/resources
2025-04-24 15:15:54,274 [Worker-92: Updating Maven Project] INFO  o.e.m.j.i.AbstractJavaProjectConfigurator - Adding source folder /signinProject-api-impl/src/test/java
2025-04-24 15:15:54,276 [Worker-92: Updating Maven Project] INFO  o.e.m.j.i.AbstractJavaProjectConfigurator - Adding resource folder /signinProject-api-impl/src/test/resources
2025-04-24 15:15:54,860 [Worker-92: Updating Maven Project] INFO  o.e.m.c.i.p.ProjectConfigurationManager - Update completed for 3 poms: local refresh takes 0.00 sec, refresh facades takes 7.00 sec, update config takes 0.00 sec 
2025-04-24 15:15:54,865 [Worker-96: Updating Maven Project] INFO  o.e.m.c.i.p.ProjectConfigurationManager - Update started
2025-04-24 15:15:55,007 [Worker-96: Updating Maven Project] INFO  o.e.m.c.i.l.LifecycleMappingFactory - Using org.maven.ide.eclipse.wtp.WarLifecycleMapping lifecycle mapping for MavenProject: signin:signinProject-webapp:0.0.1-SNAPSHOT @ C:\Users\Elango\Desktop\Advanced Java\J2EE\M87\JDBC\signinProject\signinProject-webapp\pom.xml.
2025-04-24 15:15:56,805 [Worker-78: Download sources and javadoc] INFO  o.e.m.c.i.e.AbstractTransferListenerAdapter - Downloaded https://repo.maven.apache.org/maven2/org/apache/ws/xmlschema/xmlschema-core/2.0.3/xmlschema-core-2.0.3-sources.jar
2025-04-24 15:15:56,814 [Worker-78: Download sources and javadoc] INFO  o.e.m.j.internal.DownloadSourcesJob - Downloaded sources for org.apache.ws.xmlschema:xmlschema-core:2.0.3
2025-04-24 15:15:57,898 [Worker-78: Download sources and javadoc] INFO  o.e.m.c.i.e.AbstractTransferListenerAdapter - Downloading https://repo.maven.apache.org/maven2/wsdl4j/wsdl4j/1.6.2/wsdl4j-1.6.2-sources.jar
2025-04-24 15:15:57,916 [Worker-78: Download sources and javadoc] INFO  o.e.m.c.i.e.AbstractTransferListenerAdapter - Downloaded https://repo.maven.apache.org/maven2/wsdl4j/wsdl4j/1.6.2/wsdl4j-1.6.2-sources.jar
2025-04-24 15:15:57,925 [Worker-78: Download sources and javadoc] INFO  o.e.m.j.internal.DownloadSourcesJob - Downloaded sources for wsdl4j:wsdl4j:1.6.2
2025-04-24 15:15:58,847 [Worker-78: Download sources and javadoc] INFO  o.e.m.c.i.e.AbstractTransferListenerAdapter - Downloading https://repo.maven.apache.org/maven2/org/apache/geronimo/specs/geronimo-stax-api_1.0_spec/1.0.1/geronimo-stax-api_1.0_spec-1.0.1-sources.jar
2025-04-24 15:15:58,855 [Worker-78: Download sources and javadoc] INFO  o.e.m.c.i.e.AbstractTransferListenerAdapter - Downloaded https://repo.maven.apache.org/maven2/org/apache/geronimo/specs/geronimo-stax-api_1.0_spec/1.0.1/geronimo-stax-api_1.0_spec-1.0.1-sources.jar
2025-04-24 15:15:58,862 [Worker-96: Updating Maven Project] INFO  o.e.m.c.i.p.WorkspaceClassifierResolverManager - Resolving P/signinProject-api: signin:signinProject-api:0.0.1-SNAPSHOT with classifier  to /signinProject-api/target/classes
2025-04-24 15:15:58,862 [Worker-96: Updating Maven Project] INFO  o.e.m.c.i.p.WorkspaceClassifierResolverManager - Resolving P/signinProject-api-impl: signin:signinProject-api-impl:0.0.1-SNAPSHOT with classifier  to /signinProject-api-impl/target/classes
2025-04-24 15:15:58,863 [Worker-78: Download sources and javadoc] INFO  o.e.m.j.internal.DownloadSourcesJob - Downloaded sources for org.apache.geronimo.specs:geronimo-stax-api_1.0_spec:1.0.1
2025-04-24 15:16:00,215 [Worker-78: Download sources and javadoc] INFO  o.e.m.c.i.e.AbstractTransferListenerAdapter - Downloading https://repo.maven.apache.org/maven2/javax/xml/bind/jaxb-api/2.2.5/jaxb-api-2.2.5-sources.jar
2025-04-24 15:16:00,240 [Worker-78: Download sources and javadoc] INFO  o.e.m.c.i.e.AbstractTransferListenerAdapter - Downloaded https://repo.maven.apache.org/maven2/javax/xml/bind/jaxb-api/2.2.5/jaxb-api-2.2.5-sources.jar
2025-04-24 15:16:00,248 [Worker-78: Download sources and javadoc] INFO  o.e.m.j.internal.DownloadSourcesJob - Downloaded sources for javax.xml.bind:jaxb-api:2.2.5
2025-04-24 15:16:02,270 [Worker-96: Updating Maven Project] INFO  o.e.m.c.i.e.AbstractTransferListenerAdapter - Downloaded https://repository.apache.org/content/groups/snapshots-group/signin/signinProject-api/0.0.1-SNAPSHOT/maven-metadata.xml
2025-04-24 15:16:02,877 [Worker-96: Updating Maven Project] INFO  o.e.m.c.i.e.AbstractTransferListenerAdapter - Downloaded https://repository.apache.org/content/groups/snapshots-group/signin/signinProject-api-impl/0.0.1-SNAPSHOT/maven-metadata.xml
2025-04-24 15:16:04,026 [Worker-78: Download sources and javadoc] INFO  o.e.m.c.i.e.AbstractTransferListenerAdapter - Downloading https://repo.maven.apache.org/maven2/org/apache/geronimo/specs/geronimo-activation_1.1_spec/1.1/geronimo-activation_1.1_spec-1.1-sources.jar
2025-04-24 15:16:04,038 [Worker-78: Download sources and javadoc] INFO  o.e.m.c.i.e.AbstractTransferListenerAdapter - Downloaded https://repo.maven.apache.org/maven2/org/apache/geronimo/specs/geronimo-activation_1.1_spec/1.1/geronimo-activation_1.1_spec-1.1-sources.jar
2025-04-24 15:16:04,046 [Worker-78: Download sources and javadoc] INFO  o.e.m.j.internal.DownloadSourcesJob - Downloaded sources for org.apache.geronimo.specs:geronimo-activation_1.1_spec:1.1
2025-04-24 15:16:04,971 [Worker-96: Updating Maven Project] INFO  o.e.m.c.i.e.AbstractTransferListenerAdapter - Downloaded https://repository.apache.org/content/groups/snapshots-group/signin/signinProject-api/0.0.1-SNAPSHOT/signinProject-api-0.0.1-SNAPSHOT.jar
2025-04-24 15:16:05,452 [BasicRepositoryConnector-repository.apache.org-6-0] INFO  o.e.m.c.i.e.AbstractTransferListenerAdapter - Downloaded https://repository.apache.org/content/groups/snapshots-group/signin/signinProject-api-impl/0.0.1-SNAPSHOT/signinProject-api-impl-0.0.1-SNAPSHOT.jar
2025-04-24 15:16:06,034 [Worker-96: Updating Maven Project] WARN  Sisu - Error injecting: org.apache.maven.plugin.war.WarMojo
com.google.inject.ProvisionException: Unable to provision, see the following errors:

1) [Guice/ErrorInjectingConstructor]: ExceptionInInitializerError
  at WarMojo.<init>(WarMojo.java:53)
  while locating WarMojo

Learn more:
  https://github.com/google/guice/wiki/ERROR_INJECTING_CONSTRUCTOR

1 error

======================
Full classname legend:
======================
WarMojo:                     "org.apache.maven.plugin.war.WarMojo"
========================
End of classname legend:
========================

	at com.google.inject.internal.InternalProvisionException.toProvisionException(InternalProvisionException.java:251)
	at com.google.inject.internal.InjectorImpl$1.get(InjectorImpl.java:1104)
	at com.google.inject.internal.InjectorImpl.getInstance(InjectorImpl.java:1139)
	at org.eclipse.sisu.space.AbstractDeferredClass.get(AbstractDeferredClass.java:50)
	at com.google.inject.internal.ProviderInternalFactory.provision(ProviderInternalFactory.java:86)
	at com.google.inject.internal.InternalFactoryToInitializableAdapter.provision(InternalFactoryToInitializableAdapter.java:57)
	at com.google.inject.internal.ProviderInternalFactory$1.call(ProviderInternalFactory.java:67)
	at com.google.inject.internal.ProvisionListenerStackCallback$Provision.provision(ProvisionListenerStackCallback.java:109)
	at com.google.inject.internal.ProvisionListenerStackCallback$Provision.provision(ProvisionListenerStackCallback.java:124)
	at com.google.inject.internal.ProvisionListenerStackCallback.provision(ProvisionListenerStackCallback.java:66)
	at com.google.inject.internal.ProviderInternalFactory.circularGet(ProviderInternalFactory.java:62)
	at com.google.inject.internal.InternalFactoryToInitializableAdapter.get(InternalFactoryToInitializableAdapter.java:47)
	at com.google.inject.internal.InjectorImpl$1.get(InjectorImpl.java:1101)
	at org.eclipse.sisu.inject.Guice4$2.get(Guice4.java:235)
	at org.eclipse.sisu.inject.LazyBeanEntry.getValue(LazyBeanEntry.java:83)
	at org.eclipse.sisu.plexus.LazyPlexusBean.getValue(LazyPlexusBean.java:53)
	at org.codehaus.plexus.DefaultPlexusContainer.lookup(DefaultPlexusContainer.java:265)
	at org.codehaus.plexus.DefaultPlexusContainer.lookup(DefaultPlexusContainer.java:257)
	at org.apache.maven.plugin.internal.DefaultMavenPluginManager.getConfiguredMojo(DefaultMavenPluginManager.java:491)
	at org.eclipse.m2e.core.internal.embedder.MavenImpl.getConfiguredMojo(MavenImpl.java:206)
	at org.eclipse.m2e.mavenarchiver.internal.AbstractMavenArchiverConfigurator.reflectManifestGeneration(AbstractMavenArchiverConfigurator.java:439)
	at org.eclipse.m2e.mavenarchiver.internal.AbstractMavenArchiverConfigurator.lambda$3(AbstractMavenArchiverConfigurator.java:398)
	at org.eclipse.m2e.core.internal.embedder.MavenExecutionContext.executeBare(MavenExecutionContext.java:458)
	at org.eclipse.m2e.core.internal.embedder.MavenExecutionContext.execute(MavenExecutionContext.java:339)
	at org.eclipse.m2e.core.internal.embedder.MavenExecutionContext.execute(MavenExecutionContext.java:278)
	at org.eclipse.m2e.mavenarchiver.internal.AbstractMavenArchiverConfigurator.generateManifest(AbstractMavenArchiverConfigurator.java:371)
	at org.eclipse.m2e.mavenarchiver.internal.AbstractMavenArchiverConfigurator.mavenProjectChanged(AbstractMavenArchiverConfigurator.java:228)
	at org.eclipse.m2e.wtp.mavenarchiver.AbstractWTPArchiverConfigurator.mavenProjectChanged(AbstractWTPArchiverConfigurator.java:56)
	at org.eclipse.m2e.core.internal.project.ProjectConfigurationManager.mavenProjectChanged(ProjectConfigurationManager.java:885)
	at org.eclipse.m2e.core.internal.project.registry.ProjectRegistryManager.notifyProjectChangeListeners(ProjectRegistryManager.java:892)
	at org.eclipse.m2e.core.internal.project.registry.ProjectRegistryManager.applyMutableProjectRegistry(ProjectRegistryManager.java:1042)
	at org.eclipse.m2e.core.internal.project.registry.ProjectRegistryManager.refresh(ProjectRegistryManager.java:324)
	at org.eclipse.m2e.core.internal.project.ProjectConfigurationManager.updateProjectConfiguration0(ProjectConfigurationManager.java:388)
	at org.eclipse.m2e.core.internal.project.ProjectConfigurationManager.lambda$3(ProjectConfigurationManager.java:340)
	at org.eclipse.m2e.core.internal.embedder.MavenExecutionContext.executeBare(MavenExecutionContext.java:458)
	at org.eclipse.m2e.core.internal.embedder.MavenExecutionContext.execute(MavenExecutionContext.java:339)
	at org.eclipse.m2e.core.internal.embedder.MavenExecutionContext.execute(MavenExecutionContext.java:278)
	at org.eclipse.m2e.core.internal.embedder.MavenImpl.execute(MavenImpl.java:1053)
	at org.eclipse.m2e.core.internal.project.ProjectConfigurationManager.updateProjectConfiguration(ProjectConfigurationManager.java:339)
	at org.eclipse.m2e.core.ui.internal.UpdateMavenProjectJob.runInWorkspace(UpdateMavenProjectJob.java:80)
	at org.eclipse.core.internal.resources.InternalWorkspaceJob.run(InternalWorkspaceJob.java:43)
	at org.eclipse.core.internal.jobs.Worker.run(Worker.java:63)
Caused by: java.lang.ExceptionInInitializerError: null
	at com.thoughtworks.xstream.XStream.setupConverters(XStream.java:679)
	at com.thoughtworks.xstream.XStream.<init>(XStream.java:456)
	at com.thoughtworks.xstream.XStream.<init>(XStream.java:381)
	at com.thoughtworks.xstream.XStream.<init>(XStream.java:356)
	at org.apache.maven.plugin.war.util.WebappStructureSerializer.<clinit>(WebappStructureSerializer.java:47)
	at org.apache.maven.plugin.war.AbstractWarMojo.<init>(AbstractWarMojo.java:324)
	at org.apache.maven.plugin.war.WarMojo.<init>(WarMojo.java:53)
	at org.apache.maven.plugin.war.WarMojo$$FastClassByGuice$$564794397.GUICE$TRAMPOLINE(<generated>)
	at org.apache.maven.plugin.war.WarMojo$$FastClassByGuice$$564794397.apply(<generated>)
	at com.google.inject.internal.DefaultConstructionProxyFactory$FastClassProxy.newInstance(DefaultConstructionProxyFactory.java:82)
	at com.google.inject.internal.ConstructorInjector.provision(ConstructorInjector.java:114)
	at com.google.inject.internal.ConstructorInjector.access$000(ConstructorInjector.java:33)
	at com.google.inject.internal.ConstructorInjector$1.call(ConstructorInjector.java:98)
	at com.google.inject.internal.ProvisionListenerStackCallback$Provision.provision(ProvisionListenerStackCallback.java:109)
	at com.google.inject.internal.ProvisionListenerStackCallback$Provision.provision(ProvisionListenerStackCallback.java:124)
	at com.google.inject.internal.ProvisionListenerStackCallback.provision(ProvisionListenerStackCallback.java:66)
	at com.google.inject.internal.ConstructorInjector.construct(ConstructorInjector.java:93)
	at com.google.inject.internal.ConstructorBindingImpl$Factory.get(ConstructorBindingImpl.java:300)
	at com.google.inject.internal.InjectorImpl$1.get(InjectorImpl.java:1101)
	... 40 common frames omitted
Caused by: java.lang.reflect.InaccessibleObjectException: Unable to make field private final java.util.Comparator java.util.TreeMap.comparator accessible: module java.base does not "opens java.util" to unnamed module @79d82fa2
	at java.base/java.lang.reflect.AccessibleObject.throwInaccessibleObjectException(AccessibleObject.java:391)
	at java.base/java.lang.reflect.AccessibleObject.checkCanSetAccessible(AccessibleObject.java:367)
	at java.base/java.lang.reflect.AccessibleObject.checkCanSetAccessible(AccessibleObject.java:315)
	at java.base/java.lang.reflect.Field.checkCanSetAccessible(Field.java:183)
	at java.base/java.lang.reflect.Field.setAccessible(Field.java:177)
	at com.thoughtworks.xstream.converters.collections.TreeMapConverter.<clinit>(TreeMapConverter.java:59)
	... 59 common frames omitted
2025-04-24 15:16:06,268 [Worker-96: Updating Maven Project] INFO  o.e.m.j.i.AbstractJavaProjectConfigurator - Adding source folder /signinProject-webapp/src/main/java
2025-04-24 15:16:06,270 [Worker-96: Updating Maven Project] INFO  o.e.m.j.i.AbstractJavaProjectConfigurator - Adding resource folder /signinProject-webapp/src/main/resources
2025-04-24 15:16:06,271 [Worker-96: Updating Maven Project] INFO  o.e.m.j.i.AbstractJavaProjectConfigurator - Adding source folder /signinProject-webapp/src/test/java
2025-04-24 15:16:06,273 [Worker-96: Updating Maven Project] INFO  o.e.m.j.i.AbstractJavaProjectConfigurator - Adding resource folder /signinProject-webapp/src/test/resources
2025-04-24 15:16:06,929 [Worker-96: Updating Maven Project] INFO  o.e.m.w.i.f.ResourceFilteringBuildParticipant - Cleaning filtered folder for signinProject-webapp
2025-04-24 15:16:06,958 [Worker-96: Updating Maven Project] INFO  o.e.m.c.i.p.ProjectConfigurationManager - Update completed for 1 poms: local refresh takes 0.00 sec, refresh facades takes 11.00 sec, update config takes 0.00 sec 
2025-04-24 15:16:07,362 [Worker-78: Download sources and javadoc] INFO  o.e.m.c.i.e.AbstractTransferListenerAdapter - Downloading https://repo.maven.apache.org/maven2/org/apache/geronimo/specs/geronimo-annotation_1.0_spec/1.1.1/geronimo-annotation_1.0_spec-1.1.1-sources.jar
2025-04-24 15:16:07,374 [Worker-78: Download sources and javadoc] INFO  o.e.m.c.i.e.AbstractTransferListenerAdapter - Downloaded https://repo.maven.apache.org/maven2/org/apache/geronimo/specs/geronimo-annotation_1.0_spec/1.1.1/geronimo-annotation_1.0_spec-1.1.1-sources.jar
2025-04-24 15:16:07,383 [Worker-78: Download sources and javadoc] INFO  o.e.m.j.internal.DownloadSourcesJob - Downloaded sources for org.apache.geronimo.specs:geronimo-annotation_1.0_spec:1.1.1
2025-04-24 15:16:07,385 [Worker-96: Building] INFO  o.a.m.s.f.DefaultMavenResourcesFiltering - skip non existing resourceDirectory C:\Users\Elango\Desktop\Advanced Java\J2EE\M87\JDBC\signinProject\signinProject-api\src\main\resources
2025-04-24 15:16:07,390 [Worker-96: Building] INFO  o.a.m.s.f.DefaultMavenResourcesFiltering - skip non existing resourceDirectory C:\Users\Elango\Desktop\Advanced Java\J2EE\M87\JDBC\signinProject\signinProject-api\src\test\resources
2025-04-24 15:16:07,950 [Worker-96: Building] INFO  o.a.m.s.f.DefaultMavenResourcesFiltering - Copying 1 resource from src\main\resources to target\classes
2025-04-24 15:16:07,970 [Worker-96: Building] INFO  o.a.m.s.f.DefaultMavenResourcesFiltering - skip non existing resourceDirectory C:\Users\Elango\Desktop\Advanced Java\J2EE\M87\JDBC\signinProject\signinProject-api-impl\src\test\resources
2025-04-24 15:16:08,212 [Worker-96: Building] INFO  o.a.m.s.f.DefaultMavenResourcesFiltering - Copying 1 resource from src\main\resources to target\classes
2025-04-24 15:16:08,219 [Worker-96: Building] INFO  o.a.m.s.f.DefaultMavenResourcesFiltering - skip non existing resourceDirectory C:\Users\Elango\Desktop\Advanced Java\J2EE\M87\JDBC\signinProject\signinProject-webapp\src\test\resources
2025-04-24 15:16:08,219 [Worker-96: Building] INFO  o.e.m.w.i.f.ResourceFilteringBuildParticipant - Changed resources require a complete clean of filtered resources of signinProject-webapp
2025-04-24 15:16:08,219 [Worker-96: Building] INFO  o.e.m.w.i.f.ResourceFilteringBuildParticipant - Executing resource filtering for signinProject-webapp
2025-04-24 15:16:08,718 [Worker-78: Download sources and javadoc] INFO  o.e.m.c.i.e.AbstractTransferListenerAdapter - Downloading https://repo.maven.apache.org/maven2/com/sun/xml/bind/jaxb-impl/2.2.5.1/jaxb-impl-2.2.5.1-sources.jar
2025-04-24 15:16:08,817 [Worker-96: Building] WARN  Sisu - Error injecting: org.apache.maven.plugin.war.WarMojo
com.google.inject.ProvisionException: Unable to provision, see the following errors:

1) [Guice/ErrorInjectingConstructor]: ExceptionInInitializerError
  at WarMojo.<init>(WarMojo.java:53)
  while locating WarMojo

Learn more:
  https://github.com/google/guice/wiki/ERROR_INJECTING_CONSTRUCTOR

1 error

======================
Full classname legend:
======================
WarMojo:                     "org.apache.maven.plugin.war.WarMojo"
========================
End of classname legend:
========================

	at com.google.inject.internal.InternalProvisionException.toProvisionException(InternalProvisionException.java:251)
	at com.google.inject.internal.InjectorImpl$1.get(InjectorImpl.java:1104)
	at com.google.inject.internal.InjectorImpl.getInstance(InjectorImpl.java:1139)
	at org.eclipse.sisu.space.AbstractDeferredClass.get(AbstractDeferredClass.java:50)
	at com.google.inject.internal.ProviderInternalFactory.provision(ProviderInternalFactory.java:86)
	at com.google.inject.internal.InternalFactoryToInitializableAdapter.provision(InternalFactoryToInitializableAdapter.java:57)
	at com.google.inject.internal.ProviderInternalFactory$1.call(ProviderInternalFactory.java:67)
	at com.google.inject.internal.ProvisionListenerStackCallback$Provision.provision(ProvisionListenerStackCallback.java:109)
	at com.google.inject.internal.ProvisionListenerStackCallback$Provision.provision(ProvisionListenerStackCallback.java:124)
	at com.google.inject.internal.ProvisionListenerStackCallback.provision(ProvisionListenerStackCallback.java:66)
	at com.google.inject.internal.ProviderInternalFactory.circularGet(ProviderInternalFactory.java:62)
	at com.google.inject.internal.InternalFactoryToInitializableAdapter.get(InternalFactoryToInitializableAdapter.java:47)
	at com.google.inject.internal.InjectorImpl$1.get(InjectorImpl.java:1101)
	at org.eclipse.sisu.inject.Guice4$2.get(Guice4.java:235)
	at org.eclipse.sisu.inject.LazyBeanEntry.getValue(LazyBeanEntry.java:83)
	at org.eclipse.sisu.plexus.LazyPlexusBean.getValue(LazyPlexusBean.java:53)
	at org.codehaus.plexus.DefaultPlexusContainer.lookup(DefaultPlexusContainer.java:265)
	at org.codehaus.plexus.DefaultPlexusContainer.lookup(DefaultPlexusContainer.java:257)
	at org.apache.maven.plugin.internal.DefaultMavenPluginManager.getConfiguredMojo(DefaultMavenPluginManager.java:491)
	at org.eclipse.m2e.core.internal.embedder.MavenImpl.getConfiguredMojo(MavenImpl.java:206)
	at org.eclipse.m2e.mavenarchiver.internal.AbstractMavenArchiverConfigurator.reflectManifestGeneration(AbstractMavenArchiverConfigurator.java:439)
	at org.eclipse.m2e.mavenarchiver.internal.AbstractMavenArchiverConfigurator.lambda$3(AbstractMavenArchiverConfigurator.java:398)
	at org.eclipse.m2e.core.internal.embedder.MavenExecutionContext.executeBare(MavenExecutionContext.java:458)
	at org.eclipse.m2e.core.internal.embedder.MavenExecutionContext.execute(MavenExecutionContext.java:339)
	at org.eclipse.m2e.core.internal.embedder.MavenExecutionContext.execute(MavenExecutionContext.java:278)
	at org.eclipse.m2e.mavenarchiver.internal.AbstractMavenArchiverConfigurator.generateManifest(AbstractMavenArchiverConfigurator.java:371)
	at org.eclipse.m2e.mavenarchiver.internal.AbstractMavenArchiverConfigurator.mavenProjectChanged(AbstractMavenArchiverConfigurator.java:228)
	at org.eclipse.m2e.mavenarchiver.internal.AbstractMavenArchiverConfigurator$1.build(AbstractMavenArchiverConfigurator.java:178)
	at org.eclipse.m2e.core.internal.builder.MavenBuilderImpl.lambda$2(MavenBuilderImpl.java:159)
	at java.base/java.util.LinkedHashMap.forEach(LinkedHashMap.java:986)
	at org.eclipse.m2e.core.internal.builder.MavenBuilderImpl.build(MavenBuilderImpl.java:139)
	at org.eclipse.m2e.core.internal.builder.MavenBuilder$1.method(MavenBuilder.java:164)
	at org.eclipse.m2e.core.internal.builder.MavenBuilder$1.method(MavenBuilder.java:1)
	at org.eclipse.m2e.core.internal.builder.MavenBuilder$BuildMethod.lambda$1(MavenBuilder.java:109)
	at org.eclipse.m2e.core.internal.embedder.MavenExecutionContext.executeBare(MavenExecutionContext.java:458)
	at org.eclipse.m2e.core.internal.embedder.MavenExecutionContext.execute(MavenExecutionContext.java:292)
	at org.eclipse.m2e.core.internal.builder.MavenBuilder$BuildMethod.lambda$0(MavenBuilder.java:100)
	at org.eclipse.m2e.core.internal.embedder.MavenExecutionContext.executeBare(MavenExecutionContext.java:458)
	at org.eclipse.m2e.core.internal.embedder.MavenExecutionContext.execute(MavenExecutionContext.java:339)
	at org.eclipse.m2e.core.internal.embedder.MavenExecutionContext.execute(MavenExecutionContext.java:278)
	at org.eclipse.m2e.core.internal.builder.MavenBuilder$BuildMethod.execute(MavenBuilder.java:83)
	at org.eclipse.m2e.core.internal.builder.MavenBuilder.build(MavenBuilder.java:192)
	at org.eclipse.core.internal.events.BuildManager$2.run(BuildManager.java:1077)
	at org.eclipse.core.runtime.SafeRunner.run(SafeRunner.java:47)
	at org.eclipse.core.internal.events.BuildManager.basicBuild(BuildManager.java:296)
	at org.eclipse.core.internal.events.BuildManager.basicBuild(BuildManager.java:352)
	at org.eclipse.core.internal.events.BuildManager$1.run(BuildManager.java:441)
	at org.eclipse.core.runtime.SafeRunner.run(SafeRunner.java:47)
	at org.eclipse.core.internal.events.BuildManager.basicBuild(BuildManager.java:444)
	at org.eclipse.core.internal.events.BuildManager.basicBuildLoop(BuildManager.java:555)
	at org.eclipse.core.internal.events.BuildManager.basicBuildLoop(BuildManager.java:503)
	at org.eclipse.core.internal.events.BuildManager.build(BuildManager.java:585)
	at org.eclipse.core.internal.events.AutoBuildJob.doBuild(AutoBuildJob.java:207)
	at org.eclipse.core.internal.events.AutoBuildJob.run(AutoBuildJob.java:300)
	at org.eclipse.core.internal.jobs.Worker.run(Worker.java:63)
Caused by: java.lang.ExceptionInInitializerError: null
	at com.thoughtworks.xstream.XStream.setupConverters(XStream.java:679)
	at com.thoughtworks.xstream.XStream.<init>(XStream.java:456)
	at com.thoughtworks.xstream.XStream.<init>(XStream.java:381)
	at com.thoughtworks.xstream.XStream.<init>(XStream.java:356)
	at org.apache.maven.plugin.war.util.WebappStructureSerializer.<clinit>(WebappStructureSerializer.java:47)
	at org.apache.maven.plugin.war.AbstractWarMojo.<init>(AbstractWarMojo.java:324)
	at org.apache.maven.plugin.war.WarMojo.<init>(WarMojo.java:53)
	at org.apache.maven.plugin.war.WarMojo$$FastClassByGuice$$665561882.GUICE$TRAMPOLINE(<generated>)
	at org.apache.maven.plugin.war.WarMojo$$FastClassByGuice$$665561882.apply(<generated>)
	at com.google.inject.internal.DefaultConstructionProxyFactory$FastClassProxy.newInstance(DefaultConstructionProxyFactory.java:82)
	at com.google.inject.internal.ConstructorInjector.provision(ConstructorInjector.java:114)
	at com.google.inject.internal.ConstructorInjector.access$000(ConstructorInjector.java:33)
	at com.google.inject.internal.ConstructorInjector$1.call(ConstructorInjector.java:98)
	at com.google.inject.internal.ProvisionListenerStackCallback$Provision.provision(ProvisionListenerStackCallback.java:109)
	at com.google.inject.internal.ProvisionListenerStackCallback$Provision.provision(ProvisionListenerStackCallback.java:124)
	at com.google.inject.internal.ProvisionListenerStackCallback.provision(ProvisionListenerStackCallback.java:66)
	at com.google.inject.internal.ConstructorInjector.construct(ConstructorInjector.java:93)
	at com.google.inject.internal.ConstructorBindingImpl$Factory.get(ConstructorBindingImpl.java:300)
	at com.google.inject.internal.InjectorImpl$1.get(InjectorImpl.java:1101)
	... 53 common frames omitted
Caused by: java.lang.reflect.InaccessibleObjectException: Unable to make field private final java.util.Comparator java.util.TreeMap.comparator accessible: module java.base does not "opens java.util" to unnamed module @5d3e4212
	at java.base/java.lang.reflect.AccessibleObject.throwInaccessibleObjectException(AccessibleObject.java:391)
	at java.base/java.lang.reflect.AccessibleObject.checkCanSetAccessible(AccessibleObject.java:367)
	at java.base/java.lang.reflect.AccessibleObject.checkCanSetAccessible(AccessibleObject.java:315)
	at java.base/java.lang.reflect.Field.checkCanSetAccessible(Field.java:183)
	at java.base/java.lang.reflect.Field.setAccessible(Field.java:177)
	at com.thoughtworks.xstream.converters.collections.TreeMapConverter.<clinit>(TreeMapConverter.java:59)
	... 72 common frames omitted
2025-04-24 15:16:09,696 [Worker-78: Download sources and javadoc] INFO  o.e.m.c.i.e.AbstractTransferListenerAdapter - Downloaded https://repo.maven.apache.org/maven2/com/sun/xml/bind/jaxb-impl/2.2.5.1/jaxb-impl-2.2.5.1-sources.jar
2025-04-24 15:16:09,705 [Worker-78: Download sources and javadoc] INFO  o.e.m.j.internal.DownloadSourcesJob - Downloaded sources for com.sun.xml.bind:jaxb-impl:2.2.5.1
2025-04-24 15:16:10,929 [Worker-78: Download sources and javadoc] INFO  o.e.m.c.i.e.AbstractTransferListenerAdapter - Downloading https://repo.maven.apache.org/maven2/org/eclipse/jetty/jetty-continuation/7.5.4.v20111024/jetty-continuation-7.5.4.v20111024-sources.jar
2025-04-24 15:16:10,940 [Worker-78: Download sources and javadoc] INFO  o.e.m.c.i.e.AbstractTransferListenerAdapter - Downloaded https://repo.maven.apache.org/maven2/org/eclipse/jetty/jetty-continuation/7.5.4.v20111024/jetty-continuation-7.5.4.v20111024-sources.jar
2025-04-24 15:16:10,959 [Worker-78: Download sources and javadoc] INFO  o.e.m.j.internal.DownloadSourcesJob - Downloaded sources for org.eclipse.jetty:jetty-continuation:7.5.4.v20111024
2025-04-24 15:16:11,720 [Worker-78: Download sources and javadoc] INFO  o.e.m.c.i.e.AbstractTransferListenerAdapter - Downloading https://repo.maven.apache.org/maven2/org/eclipse/jetty/jetty-http/7.5.4.v20111024/jetty-http-7.5.4.v20111024-sources.jar
2025-04-24 15:16:11,737 [Worker-78: Download sources and javadoc] INFO  o.e.m.c.i.e.AbstractTransferListenerAdapter - Downloaded https://repo.maven.apache.org/maven2/org/eclipse/jetty/jetty-http/7.5.4.v20111024/jetty-http-7.5.4.v20111024-sources.jar
2025-04-24 15:16:11,749 [Worker-78: Download sources and javadoc] INFO  o.e.m.j.internal.DownloadSourcesJob - Downloaded sources for org.eclipse.jetty:jetty-http:7.5.4.v20111024
2025-04-24 15:16:12,877 [Worker-78: Download sources and javadoc] INFO  o.e.m.c.i.e.AbstractTransferListenerAdapter - Downloading https://repo.maven.apache.org/maven2/org/eclipse/jetty/jetty-io/7.5.4.v20111024/jetty-io-7.5.4.v20111024-sources.jar
2025-04-24 15:16:12,891 [Worker-78: Download sources and javadoc] INFO  o.e.m.c.i.e.AbstractTransferListenerAdapter - Downloaded https://repo.maven.apache.org/maven2/org/eclipse/jetty/jetty-io/7.5.4.v20111024/jetty-io-7.5.4.v20111024-sources.jar
2025-04-24 15:16:12,900 [Worker-78: Download sources and javadoc] INFO  o.e.m.j.internal.DownloadSourcesJob - Downloaded sources for org.eclipse.jetty:jetty-io:7.5.4.v20111024
2025-04-24 15:16:14,222 [Worker-78: Download sources and javadoc] INFO  o.e.m.c.i.e.AbstractTransferListenerAdapter - Downloading https://repo.maven.apache.org/maven2/org/eclipse/jetty/jetty-util/7.5.4.v20111024/jetty-util-7.5.4.v20111024-sources.jar
2025-04-24 15:16:14,249 [Worker-78: Download sources and javadoc] INFO  o.e.m.c.i.e.AbstractTransferListenerAdapter - Downloaded https://repo.maven.apache.org/maven2/org/eclipse/jetty/jetty-util/7.5.4.v20111024/jetty-util-7.5.4.v20111024-sources.jar
2025-04-24 15:16:14,258 [Worker-78: Download sources and javadoc] INFO  o.e.m.j.internal.DownloadSourcesJob - Downloaded sources for org.eclipse.jetty:jetty-util:7.5.4.v20111024
2025-04-24 15:16:15,132 [Worker-78: Download sources and javadoc] INFO  o.e.m.c.i.e.AbstractTransferListenerAdapter - Downloading https://repo.maven.apache.org/maven2/org/eclipse/jetty/jetty-security/7.5.4.v20111024/jetty-security-7.5.4.v20111024-sources.jar
2025-04-24 15:16:15,147 [Worker-78: Download sources and javadoc] INFO  o.e.m.c.i.e.AbstractTransferListenerAdapter - Downloaded https://repo.maven.apache.org/maven2/org/eclipse/jetty/jetty-security/7.5.4.v20111024/jetty-security-7.5.4.v20111024-sources.jar
2025-04-24 15:16:15,156 [Worker-78: Download sources and javadoc] INFO  o.e.m.j.internal.DownloadSourcesJob - Downloaded sources for org.eclipse.jetty:jetty-security:7.5.4.v20111024
2025-04-24 15:16:16,560 [Worker-78: Download sources and javadoc] INFO  o.e.m.c.i.e.AbstractTransferListenerAdapter - Downloading https://repo.maven.apache.org/maven2/org/slf4j/slf4j-api/1.6.2/slf4j-api-1.6.2-sources.jar
2025-04-24 15:16:16,575 [Worker-78: Download sources and javadoc] INFO  o.e.m.c.i.e.AbstractTransferListenerAdapter - Downloaded https://repo.maven.apache.org/maven2/org/slf4j/slf4j-api/1.6.2/slf4j-api-1.6.2-sources.jar
2025-04-24 15:16:16,582 [Worker-78: Download sources and javadoc] INFO  o.e.m.j.internal.DownloadSourcesJob - Downloaded sources for org.slf4j:slf4j-api:1.6.2
2025-04-24 15:16:17,696 [Worker-78: Download sources and javadoc] INFO  o.e.m.c.i.e.AbstractTransferListenerAdapter - Downloading https://repo.maven.apache.org/maven2/junit/junit/4.10/junit-4.10-sources.jar
2025-04-24 15:16:17,713 [Worker-78: Download sources and javadoc] INFO  o.e.m.c.i.e.AbstractTransferListenerAdapter - Downloaded https://repo.maven.apache.org/maven2/junit/junit/4.10/junit-4.10-sources.jar
2025-04-24 15:16:17,721 [Worker-78: Download sources and javadoc] INFO  o.e.m.j.internal.DownloadSourcesJob - Downloaded sources for junit:junit:4.10
2025-04-24 15:16:18,815 [Worker-78: Download sources and javadoc] INFO  o.e.m.c.i.e.AbstractTransferListenerAdapter - Downloading https://repo.maven.apache.org/maven2/org/hamcrest/hamcrest-core/1.1/hamcrest-core-1.1-sources.jar
2025-04-24 15:16:18,822 [Worker-78: Download sources and javadoc] INFO  o.e.m.c.i.e.AbstractTransferListenerAdapter - Downloaded https://repo.maven.apache.org/maven2/org/hamcrest/hamcrest-core/1.1/hamcrest-core-1.1-sources.jar
2025-04-24 15:16:18,829 [Worker-78: Download sources and javadoc] INFO  o.e.m.j.internal.DownloadSourcesJob - Downloaded sources for org.hamcrest:hamcrest-core:1.1
2025-04-24 15:16:20,077 [Worker-78: Download sources and javadoc] INFO  o.e.m.c.i.e.AbstractTransferListenerAdapter - Downloading https://repo.maven.apache.org/maven2/org/springframework/spring-web/3.2.0.RELEASE/spring-web-3.2.0.RELEASE-sources.jar
2025-04-24 15:16:20,376 [Worker-78: Download sources and javadoc] INFO  o.e.m.c.i.e.AbstractTransferListenerAdapter - Downloaded https://repo.maven.apache.org/maven2/org/springframework/spring-web/3.2.0.RELEASE/spring-web-3.2.0.RELEASE-sources.jar
2025-04-24 15:16:20,383 [Worker-78: Download sources and javadoc] INFO  o.e.m.j.internal.DownloadSourcesJob - Downloaded sources for org.springframework:spring-web:3.2.0.RELEASE
2025-04-24 15:16:21,148 [Worker-78: Download sources and javadoc] INFO  o.e.m.c.i.e.AbstractTransferListenerAdapter - Downloading https://repo.maven.apache.org/maven2/org/springframework/spring-aop/3.2.0.RELEASE/spring-aop-3.2.0.RELEASE-sources.jar
2025-04-24 15:16:21,176 [Worker-78: Download sources and javadoc] INFO  o.e.m.c.i.e.AbstractTransferListenerAdapter - Downloaded https://repo.maven.apache.org/maven2/org/springframework/spring-aop/3.2.0.RELEASE/spring-aop-3.2.0.RELEASE-sources.jar
2025-04-24 15:16:21,184 [Worker-78: Download sources and javadoc] INFO  o.e.m.j.internal.DownloadSourcesJob - Downloaded sources for org.springframework:spring-aop:3.2.0.RELEASE
2025-04-24 15:16:21,962 [Worker-78: Download sources and javadoc] INFO  o.e.m.c.i.e.AbstractTransferListenerAdapter - Downloading https://repo.maven.apache.org/maven2/aopalliance/aopalliance/1.0/aopalliance-1.0-sources.jar
2025-04-24 15:16:21,983 [Worker-78: Download sources and javadoc] INFO  o.e.m.c.i.e.AbstractTransferListenerAdapter - Downloaded https://repo.maven.apache.org/maven2/aopalliance/aopalliance/1.0/aopalliance-1.0-sources.jar
2025-04-24 15:16:21,994 [Worker-78: Download sources and javadoc] INFO  o.e.m.j.internal.DownloadSourcesJob - Downloaded sources for aopalliance:aopalliance:1.0
2025-04-24 15:16:22,704 [Worker-78: Download sources and javadoc] INFO  o.e.m.c.i.e.AbstractTransferListenerAdapter - Downloading https://repo.maven.apache.org/maven2/org/apache/tomcat/embed/tomcat-embed-core/7.0.47/tomcat-embed-core-7.0.47-sources.jar
2025-04-24 15:16:23,010 [Worker-78: Download sources and javadoc] INFO  o.e.m.c.i.e.AbstractTransferListenerAdapter - Downloaded https://repo.maven.apache.org/maven2/org/apache/tomcat/embed/tomcat-embed-core/7.0.47/tomcat-embed-core-7.0.47-sources.jar
2025-04-24 15:16:23,020 [Worker-78: Download sources and javadoc] INFO  o.e.m.j.internal.DownloadSourcesJob - Downloaded sources for org.apache.tomcat.embed:tomcat-embed-core:7.0.47
2025-04-24 15:16:23,599 [Worker-78: Download sources and javadoc] INFO  o.e.m.c.i.e.AbstractTransferListenerAdapter - Downloading https://repo.maven.apache.org/maven2/org/apache/tomcat/tomcat-juli/7.0.47/tomcat-juli-7.0.47-sources.jar
2025-04-24 15:16:23,619 [Worker-78: Download sources and javadoc] INFO  o.e.m.c.i.e.AbstractTransferListenerAdapter - Downloaded https://repo.maven.apache.org/maven2/org/apache/tomcat/tomcat-juli/7.0.47/tomcat-juli-7.0.47-sources.jar
2025-04-24 15:16:23,628 [Worker-78: Download sources and javadoc] INFO  o.e.m.j.internal.DownloadSourcesJob - Downloaded sources for org.apache.tomcat:tomcat-juli:7.0.47
2025-04-24 15:16:24,222 [Worker-78: Download sources and javadoc] INFO  o.e.m.c.i.e.AbstractTransferListenerAdapter - Downloading https://repo.maven.apache.org/maven2/org/apache/tomcat/embed/tomcat-embed-logging-juli/7.0.47/tomcat-embed-logging-juli-7.0.47-sources.jar
2025-04-24 15:16:24,243 [Worker-78: Download sources and javadoc] INFO  o.e.m.c.i.e.AbstractTransferListenerAdapter - Downloaded https://repo.maven.apache.org/maven2/org/apache/tomcat/embed/tomcat-embed-logging-juli/7.0.47/tomcat-embed-logging-juli-7.0.47-sources.jar
2025-04-24 15:16:24,253 [Worker-78: Download sources and javadoc] INFO  o.e.m.j.internal.DownloadSourcesJob - Downloaded sources for org.apache.tomcat.embed:tomcat-embed-logging-juli:7.0.47
2025-04-24 15:16:24,879 [Worker-78: Download sources and javadoc] INFO  o.e.m.c.i.e.AbstractTransferListenerAdapter - Downloading https://repo.maven.apache.org/maven2/org/apache/tomcat/tomcat-servlet-api/7.0.47/tomcat-servlet-api-7.0.47-sources.jar
2025-04-24 15:16:24,904 [Worker-78: Download sources and javadoc] INFO  o.e.m.c.i.e.AbstractTransferListenerAdapter - Downloaded https://repo.maven.apache.org/maven2/org/apache/tomcat/tomcat-servlet-api/7.0.47/tomcat-servlet-api-7.0.47-sources.jar
2025-04-24 15:16:24,911 [Worker-78: Download sources and javadoc] INFO  o.e.m.j.internal.DownloadSourcesJob - Downloaded sources for org.apache.tomcat:tomcat-servlet-api:7.0.47
2025-04-24 15:16:25,456 [Worker-78: Download sources and javadoc] INFO  o.e.m.c.i.e.AbstractTransferListenerAdapter - Downloaded https://repo.maven.apache.org/maven2/log4j/log4j/1.2.12/log4j-1.2.12-sources.jar
2025-04-24 15:16:25,464 [Worker-78: Download sources and javadoc] ERROR o.e.m.j.internal.DownloadSourcesJob - Could not download sources for log4j:log4j:1.2.12
org.eclipse.core.runtime.CoreException: Could not resolve artifact log4j:log4j:jar:sources:1.2.12
	at org.eclipse.m2e.core.internal.embedder.MavenImpl.lambda$7(MavenImpl.java:540)
	at org.eclipse.m2e.core.internal.embedder.MavenExecutionContext.executeBare(MavenExecutionContext.java:458)
	at org.eclipse.m2e.core.internal.embedder.MavenExecutionContext.execute(MavenExecutionContext.java:292)
	at org.eclipse.m2e.core.internal.embedder.MavenExecutionContext.execute(MavenExecutionContext.java:278)
	at org.eclipse.m2e.core.internal.embedder.MavenImpl.resolve(MavenImpl.java:509)
	at org.eclipse.m2e.core.internal.embedder.MavenImpl.resolve(MavenImpl.java:494)
	at org.eclipse.m2e.jdt.internal.DownloadSourcesJob.download(DownloadSourcesJob.java:308)
	at org.eclipse.m2e.jdt.internal.DownloadSourcesJob.downloadAttachments(DownloadSourcesJob.java:282)
	at org.eclipse.m2e.jdt.internal.DownloadSourcesJob.downloadMaven(DownloadSourcesJob.java:252)
	at org.eclipse.m2e.jdt.internal.DownloadSourcesJob.downloadFilesAndPopulateToUpdate(DownloadSourcesJob.java:220)
	at org.eclipse.m2e.jdt.internal.DownloadSourcesJob.lambda$0(DownloadSourcesJob.java:149)
	at org.eclipse.m2e.core.internal.embedder.MavenExecutionContext.executeBare(MavenExecutionContext.java:458)
	at org.eclipse.m2e.core.internal.embedder.MavenExecutionContext.execute(MavenExecutionContext.java:339)
	at org.eclipse.m2e.core.internal.embedder.MavenExecutionContext.execute(MavenExecutionContext.java:278)
	at org.eclipse.m2e.core.embedder.IMaven.execute(IMaven.java:300)
	at org.eclipse.m2e.jdt.internal.DownloadSourcesJob.run(DownloadSourcesJob.java:149)
	at org.eclipse.core.internal.jobs.Worker.run(Worker.java:63)
2025-04-24 15:16:25,477 [Worker-78: Download sources and javadoc] INFO  o.e.m.j.internal.DownloadSourcesJob - Downloaded sources for junit:junit:4.10
2025-04-24 15:16:25,486 [Worker-78: Download sources and javadoc] INFO  o.e.m.j.internal.DownloadSourcesJob - Downloaded sources for org.hamcrest:hamcrest-core:1.1
2025-04-24 15:16:26,132 [Worker-78: Download sources and javadoc] INFO  o.e.m.c.i.e.AbstractTransferListenerAdapter - Downloading https://repo.maven.apache.org/maven2/org/seleniumhq/selenium/selenium-java/2.37.0/selenium-java-2.37.0-sources.jar
2025-04-24 15:16:26,153 [Worker-78: Download sources and javadoc] INFO  o.e.m.c.i.e.AbstractTransferListenerAdapter - Downloaded https://repo.maven.apache.org/maven2/org/seleniumhq/selenium/selenium-java/2.37.0/selenium-java-2.37.0-sources.jar
2025-04-24 15:16:26,163 [Worker-78: Download sources and javadoc] INFO  o.e.m.j.internal.DownloadSourcesJob - Downloaded sources for org.seleniumhq.selenium:selenium-java:2.37.0
2025-04-24 15:16:26,730 [Worker-78: Download sources and javadoc] INFO  o.e.m.c.i.e.AbstractTransferListenerAdapter - Downloading https://repo.maven.apache.org/maven2/org/seleniumhq/selenium/selenium-android-driver/2.37.0/selenium-android-driver-2.37.0-sources.jar
2025-04-24 15:16:26,774 [Worker-78: Download sources and javadoc] INFO  o.e.m.c.i.e.AbstractTransferListenerAdapter - Downloaded https://repo.maven.apache.org/maven2/org/seleniumhq/selenium/selenium-android-driver/2.37.0/selenium-android-driver-2.37.0-sources.jar
2025-04-24 15:16:26,786 [Worker-78: Download sources and javadoc] INFO  o.e.m.j.internal.DownloadSourcesJob - Downloaded sources for org.seleniumhq.selenium:selenium-android-driver:2.37.0
2025-04-24 15:16:27,367 [Worker-78: Download sources and javadoc] INFO  o.e.m.c.i.e.AbstractTransferListenerAdapter - Downloading https://repo.maven.apache.org/maven2/org/seleniumhq/selenium/selenium-remote-driver/2.37.0/selenium-remote-driver-2.37.0-sources.jar
2025-04-24 15:16:27,405 [Worker-78: Download sources and javadoc] INFO  o.e.m.c.i.e.AbstractTransferListenerAdapter - Downloaded https://repo.maven.apache.org/maven2/org/seleniumhq/selenium/selenium-remote-driver/2.37.0/selenium-remote-driver-2.37.0-sources.jar
2025-04-24 15:16:27,414 [Worker-78: Download sources and javadoc] INFO  o.e.m.j.internal.DownloadSourcesJob - Downloaded sources for org.seleniumhq.selenium:selenium-remote-driver:2.37.0
2025-04-24 15:16:28,026 [Worker-78: Download sources and javadoc] INFO  o.e.m.c.i.e.AbstractTransferListenerAdapter - Downloading https://repo.maven.apache.org/maven2/cglib/cglib-nodep/2.1_3/cglib-nodep-2.1_3-sources.jar
2025-04-24 15:16:28,052 [Worker-78: Download sources and javadoc] INFO  o.e.m.c.i.e.AbstractTransferListenerAdapter - Downloaded https://repo.maven.apache.org/maven2/cglib/cglib-nodep/2.1_3/cglib-nodep-2.1_3-sources.jar
2025-04-24 15:16:28,062 [Worker-78: Download sources and javadoc] INFO  o.e.m.j.internal.DownloadSourcesJob - Downloaded sources for cglib:cglib-nodep:2.1_3
2025-04-24 15:16:28,626 [Worker-78: Download sources and javadoc] INFO  o.e.m.c.i.e.AbstractTransferListenerAdapter - Downloading https://repo.maven.apache.org/maven2/org/json/json/20080701/json-20080701-sources.jar
2025-04-24 15:16:28,638 [Worker-78: Download sources and javadoc] INFO  o.e.m.c.i.e.AbstractTransferListenerAdapter - Downloaded https://repo.maven.apache.org/maven2/org/json/json/20080701/json-20080701-sources.jar
2025-04-24 15:16:28,646 [Worker-78: Download sources and javadoc] INFO  o.e.m.j.internal.DownloadSourcesJob - Downloaded sources for org.json:json:20080701
2025-04-24 15:16:29,217 [Worker-78: Download sources and javadoc] INFO  o.e.m.c.i.e.AbstractTransferListenerAdapter - Downloading https://repo.maven.apache.org/maven2/com/google/guava/guava/15.0/guava-15.0-sources.jar
2025-04-24 15:16:31,035 [Worker-78: Download sources and javadoc] INFO  o.e.m.c.i.e.AbstractTransferListenerAdapter - Downloaded https://repo.maven.apache.org/maven2/com/google/guava/guava/15.0/guava-15.0-sources.jar
2025-04-24 15:16:31,046 [Worker-78: Download sources and javadoc] INFO  o.e.m.j.internal.DownloadSourcesJob - Downloaded sources for com.google.guava:guava:15.0
2025-04-24 15:16:31,613 [Worker-78: Download sources and javadoc] INFO  o.e.m.c.i.e.AbstractTransferListenerAdapter - Downloading https://repo.maven.apache.org/maven2/org/seleniumhq/selenium/selenium-chrome-driver/2.37.0/selenium-chrome-driver-2.37.0-sources.jar
2025-04-24 15:16:31,623 [Worker-78: Download sources and javadoc] INFO  o.e.m.c.i.e.AbstractTransferListenerAdapter - Downloaded https://repo.maven.apache.org/maven2/org/seleniumhq/selenium/selenium-chrome-driver/2.37.0/selenium-chrome-driver-2.37.0-sources.jar
2025-04-24 15:16:31,634 [Worker-78: Download sources and javadoc] INFO  o.e.m.j.internal.DownloadSourcesJob - Downloaded sources for org.seleniumhq.selenium:selenium-chrome-driver:2.37.0
2025-04-24 15:16:32,212 [Worker-78: Download sources and javadoc] INFO  o.e.m.c.i.e.AbstractTransferListenerAdapter - Downloading https://repo.maven.apache.org/maven2/org/seleniumhq/selenium/selenium-htmlunit-driver/2.37.0/selenium-htmlunit-driver-2.37.0-sources.jar
2025-04-24 15:16:32,223 [Worker-78: Download sources and javadoc] INFO  o.e.m.c.i.e.AbstractTransferListenerAdapter - Downloaded https://repo.maven.apache.org/maven2/org/seleniumhq/selenium/selenium-htmlunit-driver/2.37.0/selenium-htmlunit-driver-2.37.0-sources.jar
2025-04-24 15:16:32,231 [Worker-78: Download sources and javadoc] INFO  o.e.m.j.internal.DownloadSourcesJob - Downloaded sources for org.seleniumhq.selenium:selenium-htmlunit-driver:2.37.0
2025-04-24 15:16:32,849 [Worker-78: Download sources and javadoc] INFO  o.e.m.c.i.e.AbstractTransferListenerAdapter - Downloading https://repo.maven.apache.org/maven2/net/sourceforge/htmlunit/htmlunit/2.13/htmlunit-2.13-sources.jar
2025-04-24 15:16:32,966 [Worker-78: Download sources and javadoc] INFO  o.e.m.c.i.e.AbstractTransferListenerAdapter - Downloaded https://repo.maven.apache.org/maven2/net/sourceforge/htmlunit/htmlunit/2.13/htmlunit-2.13-sources.jar
2025-04-24 15:16:32,976 [Worker-78: Download sources and javadoc] INFO  o.e.m.j.internal.DownloadSourcesJob - Downloaded sources for net.sourceforge.htmlunit:htmlunit:2.13
2025-04-24 15:16:33,554 [Worker-78: Download sources and javadoc] INFO  o.e.m.c.i.e.AbstractTransferListenerAdapter - Downloading https://repo.maven.apache.org/maven2/xalan/xalan/2.7.1/xalan-2.7.1-sources.jar
2025-04-24 15:16:33,923 [Worker-78: Download sources and javadoc] INFO  o.e.m.c.i.e.AbstractTransferListenerAdapter - Downloaded https://repo.maven.apache.org/maven2/xalan/xalan/2.7.1/xalan-2.7.1-sources.jar
2025-04-24 15:16:33,930 [Worker-78: Download sources and javadoc] INFO  o.e.m.j.internal.DownloadSourcesJob - Downloaded sources for xalan:xalan:2.7.1
2025-04-24 15:16:34,563 [Worker-78: Download sources and javadoc] INFO  o.e.m.c.i.e.AbstractTransferListenerAdapter - Downloaded https://repo.maven.apache.org/maven2/xalan/serializer/2.7.1/serializer-2.7.1-sources.jar
2025-04-24 15:16:34,568 [Worker-78: Download sources and javadoc] ERROR o.e.m.j.internal.DownloadSourcesJob - Could not download sources for xalan:serializer:2.7.1
org.eclipse.core.runtime.CoreException: Could not resolve artifact xalan:serializer:jar:sources:2.7.1
	at org.eclipse.m2e.core.internal.embedder.MavenImpl.lambda$7(MavenImpl.java:540)
	at org.eclipse.m2e.core.internal.embedder.MavenExecutionContext.executeBare(MavenExecutionContext.java:458)
	at org.eclipse.m2e.core.internal.embedder.MavenExecutionContext.execute(MavenExecutionContext.java:292)
	at org.eclipse.m2e.core.internal.embedder.MavenExecutionContext.execute(MavenExecutionContext.java:278)
	at org.eclipse.m2e.core.internal.embedder.MavenImpl.resolve(MavenImpl.java:509)
	at org.eclipse.m2e.core.internal.embedder.MavenImpl.resolve(MavenImpl.java:494)
	at org.eclipse.m2e.jdt.internal.DownloadSourcesJob.download(DownloadSourcesJob.java:308)
	at org.eclipse.m2e.jdt.internal.DownloadSourcesJob.downloadAttachments(DownloadSourcesJob.java:282)
	at org.eclipse.m2e.jdt.internal.DownloadSourcesJob.downloadMaven(DownloadSourcesJob.java:252)
	at org.eclipse.m2e.jdt.internal.DownloadSourcesJob.downloadFilesAndPopulateToUpdate(DownloadSourcesJob.java:220)
	at org.eclipse.m2e.jdt.internal.DownloadSourcesJob.lambda$0(DownloadSourcesJob.java:149)
	at org.eclipse.m2e.core.internal.embedder.MavenExecutionContext.executeBare(MavenExecutionContext.java:458)
	at org.eclipse.m2e.core.internal.embedder.MavenExecutionContext.execute(MavenExecutionContext.java:339)
	at org.eclipse.m2e.core.internal.embedder.MavenExecutionContext.execute(MavenExecutionContext.java:278)
	at org.eclipse.m2e.core.embedder.IMaven.execute(IMaven.java:300)
	at org.eclipse.m2e.jdt.internal.DownloadSourcesJob.run(DownloadSourcesJob.java:149)
	at org.eclipse.core.internal.jobs.Worker.run(Worker.java:63)
2025-04-24 15:16:35,159 [Worker-78: Download sources and javadoc] INFO  o.e.m.c.i.e.AbstractTransferListenerAdapter - Downloading https://repo.maven.apache.org/maven2/commons-collections/commons-collections/3.2.1/commons-collections-3.2.1-sources.jar
2025-04-24 15:16:35,417 [Worker-78: Download sources and javadoc] INFO  o.e.m.c.i.e.AbstractTransferListenerAdapter - Downloaded https://repo.maven.apache.org/maven2/commons-collections/commons-collections/3.2.1/commons-collections-3.2.1-sources.jar
2025-04-24 15:16:35,426 [Worker-78: Download sources and javadoc] INFO  o.e.m.j.internal.DownloadSourcesJob - Downloaded sources for commons-collections:commons-collections:3.2.1
2025-04-24 15:16:35,983 [Worker-78: Download sources and javadoc] INFO  o.e.m.c.i.e.AbstractTransferListenerAdapter - Downloading https://repo.maven.apache.org/maven2/org/apache/commons/commons-lang3/3.1/commons-lang3-3.1-sources.jar
2025-04-24 15:16:36,042 [Worker-78: Download sources and javadoc] INFO  o.e.m.c.i.e.AbstractTransferListenerAdapter - Downloaded https://repo.maven.apache.org/maven2/org/apache/commons/commons-lang3/3.1/commons-lang3-3.1-sources.jar
2025-04-24 15:16:36,054 [Worker-78: Download sources and javadoc] INFO  o.e.m.j.internal.DownloadSourcesJob - Downloaded sources for org.apache.commons:commons-lang3:3.1
2025-04-24 15:16:36,615 [Worker-78: Download sources and javadoc] INFO  o.e.m.c.i.e.AbstractTransferListenerAdapter - Downloading https://repo.maven.apache.org/maven2/org/apache/httpcomponents/httpmime/4.3.1/httpmime-4.3.1-sources.jar
2025-04-24 15:16:36,631 [Worker-78: Download sources and javadoc] INFO  o.e.m.c.i.e.AbstractTransferListenerAdapter - Downloaded https://repo.maven.apache.org/maven2/org/apache/httpcomponents/httpmime/4.3.1/httpmime-4.3.1-sources.jar
2025-04-24 15:16:36,640 [Worker-78: Download sources and javadoc] INFO  o.e.m.j.internal.DownloadSourcesJob - Downloaded sources for org.apache.httpcomponents:httpmime:4.3.1
2025-04-24 15:16:37,822 [Worker-78: Download sources and javadoc] INFO  o.e.m.c.i.e.AbstractTransferListenerAdapter - Downloading https://repo.maven.apache.org/maven2/commons-codec/commons-codec/1.8/commons-codec-1.8-sources.jar
2025-04-24 15:16:37,852 [Worker-78: Download sources and javadoc] INFO  o.e.m.c.i.e.AbstractTransferListenerAdapter - Downloaded https://repo.maven.apache.org/maven2/commons-codec/commons-codec/1.8/commons-codec-1.8-sources.jar
2025-04-24 15:16:37,863 [Worker-78: Download sources and javadoc] INFO  o.e.m.j.internal.DownloadSourcesJob - Downloaded sources for commons-codec:commons-codec:1.8
2025-04-24 15:16:38,453 [Worker-78: Download sources and javadoc] INFO  o.e.m.c.i.e.AbstractTransferListenerAdapter - Downloading https://repo.maven.apache.org/maven2/net/sourceforge/htmlunit/htmlunit-core-js/2.13/htmlunit-core-js-2.13-sources.jar
2025-04-24 15:16:38,547 [Worker-78: Download sources and javadoc] INFO  o.e.m.c.i.e.AbstractTransferListenerAdapter - Downloaded https://repo.maven.apache.org/maven2/net/sourceforge/htmlunit/htmlunit-core-js/2.13/htmlunit-core-js-2.13-sources.jar
2025-04-24 15:16:38,558 [Worker-78: Download sources and javadoc] INFO  o.e.m.j.internal.DownloadSourcesJob - Downloaded sources for net.sourceforge.htmlunit:htmlunit-core-js:2.13
2025-04-24 15:16:39,168 [Worker-78: Download sources and javadoc] INFO  o.e.m.c.i.e.AbstractTransferListenerAdapter - Downloading https://repo.maven.apache.org/maven2/xerces/xercesImpl/2.11.0/xercesImpl-2.11.0-sources.jar
2025-04-24 15:16:39,480 [Worker-78: Download sources and javadoc] INFO  o.e.m.c.i.e.AbstractTransferListenerAdapter - Downloaded https://repo.maven.apache.org/maven2/xerces/xercesImpl/2.11.0/xercesImpl-2.11.0-sources.jar
2025-04-24 15:16:39,487 [Worker-78: Download sources and javadoc] INFO  o.e.m.j.internal.DownloadSourcesJob - Downloaded sources for xerces:xercesImpl:2.11.0
2025-04-24 15:16:40,082 [Worker-78: Download sources and javadoc] INFO  o.e.m.c.i.e.AbstractTransferListenerAdapter - Downloading https://repo.maven.apache.org/maven2/xml-apis/xml-apis/1.4.01/xml-apis-1.4.01-sources.jar
2025-04-24 15:16:40,142 [Worker-78: Download sources and javadoc] INFO  o.e.m.c.i.e.AbstractTransferListenerAdapter - Downloaded https://repo.maven.apache.org/maven2/xml-apis/xml-apis/1.4.01/xml-apis-1.4.01-sources.jar
2025-04-24 15:16:40,153 [Worker-78: Download sources and javadoc] INFO  o.e.m.j.internal.DownloadSourcesJob - Downloaded sources for xml-apis:xml-apis:1.4.01
2025-04-24 15:16:40,755 [Worker-78: Download sources and javadoc] INFO  o.e.m.c.i.e.AbstractTransferListenerAdapter - Downloading https://repo.maven.apache.org/maven2/net/sourceforge/nekohtml/nekohtml/1.9.19/nekohtml-1.9.19-sources.jar
2025-04-24 15:16:40,773 [Worker-78: Download sources and javadoc] INFO  o.e.m.c.i.e.AbstractTransferListenerAdapter - Downloaded https://repo.maven.apache.org/maven2/net/sourceforge/nekohtml/nekohtml/1.9.19/nekohtml-1.9.19-sources.jar
2025-04-24 15:16:40,781 [Worker-78: Download sources and javadoc] INFO  o.e.m.j.internal.DownloadSourcesJob - Downloaded sources for net.sourceforge.nekohtml:nekohtml:1.9.19
2025-04-24 15:16:41,368 [Worker-78: Download sources and javadoc] INFO  o.e.m.c.i.e.AbstractTransferListenerAdapter - Downloading https://repo.maven.apache.org/maven2/net/sourceforge/cssparser/cssparser/0.9.11/cssparser-0.9.11-sources.jar
2025-04-24 15:16:41,973 [Worker-78: Download sources and javadoc] INFO  o.e.m.c.i.e.AbstractTransferListenerAdapter - Downloaded https://repo.maven.apache.org/maven2/net/sourceforge/cssparser/cssparser/0.9.11/cssparser-0.9.11-sources.jar
2025-04-24 15:16:41,981 [Worker-78: Download sources and javadoc] INFO  o.e.m.j.internal.DownloadSourcesJob - Downloaded sources for net.sourceforge.cssparser:cssparser:0.9.11
2025-04-24 15:16:42,524 [Worker-78: Download sources and javadoc] INFO  o.e.m.c.i.e.AbstractTransferListenerAdapter - Downloading https://repo.maven.apache.org/maven2/org/w3c/css/sac/1.3/sac-1.3-sources.jar
2025-04-24 15:16:42,551 [Worker-78: Download sources and javadoc] INFO  o.e.m.c.i.e.AbstractTransferListenerAdapter - Downloaded https://repo.maven.apache.org/maven2/org/w3c/css/sac/1.3/sac-1.3-sources.jar
2025-04-24 15:16:42,561 [Worker-78: Download sources and javadoc] INFO  o.e.m.j.internal.DownloadSourcesJob - Downloaded sources for org.w3c.css:sac:1.3
2025-04-24 15:16:43,282 [Worker-78: Download sources and javadoc] INFO  o.e.m.c.i.e.AbstractTransferListenerAdapter - Downloading https://repo.maven.apache.org/maven2/commons-logging/commons-logging/1.1.3/commons-logging-1.1.3-sources.jar
2025-04-24 15:16:43,301 [Worker-78: Download sources and javadoc] INFO  o.e.m.c.i.e.AbstractTransferListenerAdapter - Downloaded https://repo.maven.apache.org/maven2/commons-logging/commons-logging/1.1.3/commons-logging-1.1.3-sources.jar
2025-04-24 15:16:43,309 [Worker-78: Download sources and javadoc] INFO  o.e.m.j.internal.DownloadSourcesJob - Downloaded sources for commons-logging:commons-logging:1.1.3
2025-04-24 15:16:44,193 [Worker-78: Download sources and javadoc] INFO  o.e.m.c.i.e.AbstractTransferListenerAdapter - Downloading https://repo.maven.apache.org/maven2/org/eclipse/jetty/jetty-websocket/8.1.12.v20130726/jetty-websocket-8.1.12.v20130726-sources.jar
2025-04-24 15:16:44,206 [Worker-78: Download sources and javadoc] INFO  o.e.m.c.i.e.AbstractTransferListenerAdapter - Downloaded https://repo.maven.apache.org/maven2/org/eclipse/jetty/jetty-websocket/8.1.12.v20130726/jetty-websocket-8.1.12.v20130726-sources.jar
2025-04-24 15:16:44,215 [Worker-78: Download sources and javadoc] INFO  o.e.m.j.internal.DownloadSourcesJob - Downloaded sources for org.eclipse.jetty:jetty-websocket:8.1.12.v20130726
2025-04-24 15:16:44,792 [Worker-78: Download sources and javadoc] INFO  o.e.m.c.i.e.AbstractTransferListenerAdapter - Downloading https://repo.maven.apache.org/maven2/org/eclipse/jetty/jetty-util/8.1.12.v20130726/jetty-util-8.1.12.v20130726-sources.jar
2025-04-24 15:16:44,823 [Worker-78: Download sources and javadoc] INFO  o.e.m.c.i.e.AbstractTransferListenerAdapter - Downloaded https://repo.maven.apache.org/maven2/org/eclipse/jetty/jetty-util/8.1.12.v20130726/jetty-util-8.1.12.v20130726-sources.jar
2025-04-24 15:16:44,831 [Worker-78: Download sources and javadoc] INFO  o.e.m.j.internal.DownloadSourcesJob - Downloaded sources for org.eclipse.jetty:jetty-util:8.1.12.v20130726
2025-04-24 15:16:45,406 [Worker-78: Download sources and javadoc] INFO  o.e.m.c.i.e.AbstractTransferListenerAdapter - Downloading https://repo.maven.apache.org/maven2/org/eclipse/jetty/jetty-io/8.1.12.v20130726/jetty-io-8.1.12.v20130726-sources.jar
2025-04-24 15:16:45,427 [Worker-78: Download sources and javadoc] INFO  o.e.m.c.i.e.AbstractTransferListenerAdapter - Downloaded https://repo.maven.apache.org/maven2/org/eclipse/jetty/jetty-io/8.1.12.v20130726/jetty-io-8.1.12.v20130726-sources.jar
2025-04-24 15:16:45,435 [Worker-78: Download sources and javadoc] INFO  o.e.m.j.internal.DownloadSourcesJob - Downloaded sources for org.eclipse.jetty:jetty-io:8.1.12.v20130726
2025-04-24 15:16:46,017 [Worker-78: Download sources and javadoc] INFO  o.e.m.c.i.e.AbstractTransferListenerAdapter - Downloading https://repo.maven.apache.org/maven2/org/eclipse/jetty/jetty-http/8.1.12.v20130726/jetty-http-8.1.12.v20130726-sources.jar
2025-04-24 15:16:46,033 [Worker-78: Download sources and javadoc] INFO  o.e.m.c.i.e.AbstractTransferListenerAdapter - Downloaded https://repo.maven.apache.org/maven2/org/eclipse/jetty/jetty-http/8.1.12.v20130726/jetty-http-8.1.12.v20130726-sources.jar
2025-04-24 15:16:46,044 [Worker-78: Download sources and javadoc] INFO  o.e.m.j.internal.DownloadSourcesJob - Downloaded sources for org.eclipse.jetty:jetty-http:8.1.12.v20130726
2025-04-24 15:16:47,438 [Worker-78: Download sources and javadoc] INFO  o.e.m.c.i.e.AbstractTransferListenerAdapter - Downloading https://repo.maven.apache.org/maven2/org/apache/httpcomponents/httpclient/4.3/httpclient-4.3-sources.jar
2025-04-24 15:16:47,737 [Worker-78: Download sources and javadoc] INFO  o.e.m.c.i.e.AbstractTransferListenerAdapter - Downloaded https://repo.maven.apache.org/maven2/org/apache/httpcomponents/httpclient/4.3/httpclient-4.3-sources.jar
2025-04-24 15:16:47,745 [Worker-78: Download sources and javadoc] INFO  o.e.m.j.internal.DownloadSourcesJob - Downloaded sources for org.apache.httpcomponents:httpclient:4.3
2025-04-24 15:16:48,660 [Worker-78: Download sources and javadoc] INFO  o.e.m.c.i.e.AbstractTransferListenerAdapter - Downloading https://repo.maven.apache.org/maven2/org/apache/httpcomponents/httpcore/4.3/httpcore-4.3-sources.jar
2025-04-24 15:16:48,704 [Worker-78: Download sources and javadoc] INFO  o.e.m.c.i.e.AbstractTransferListenerAdapter - Downloaded https://repo.maven.apache.org/maven2/org/apache/httpcomponents/httpcore/4.3/httpcore-4.3-sources.jar
2025-04-24 15:16:48,718 [Worker-78: Download sources and javadoc] INFO  o.e.m.j.internal.DownloadSourcesJob - Downloaded sources for org.apache.httpcomponents:httpcore:4.3
2025-04-24 15:16:49,752 [Worker-78: Download sources and javadoc] INFO  o.e.m.c.i.e.AbstractTransferListenerAdapter - Downloading https://repo.maven.apache.org/maven2/org/seleniumhq/selenium/selenium-firefox-driver/2.37.0/selenium-firefox-driver-2.37.0-sources.jar
2025-04-24 15:16:49,764 [Worker-78: Download sources and javadoc] INFO  o.e.m.c.i.e.AbstractTransferListenerAdapter - Downloaded https://repo.maven.apache.org/maven2/org/seleniumhq/selenium/selenium-firefox-driver/2.37.0/selenium-firefox-driver-2.37.0-sources.jar
2025-04-24 15:16:49,775 [Worker-78: Download sources and javadoc] INFO  o.e.m.j.internal.DownloadSourcesJob - Downloaded sources for org.seleniumhq.selenium:selenium-firefox-driver:2.37.0
2025-04-24 15:16:51,036 [Worker-78: Download sources and javadoc] INFO  o.e.m.c.i.e.AbstractTransferListenerAdapter - Downloading https://repo.maven.apache.org/maven2/commons-io/commons-io/2.2/commons-io-2.2-sources.jar
2025-04-24 15:16:51,057 [Worker-78: Download sources and javadoc] INFO  o.e.m.c.i.e.AbstractTransferListenerAdapter - Downloaded https://repo.maven.apache.org/maven2/commons-io/commons-io/2.2/commons-io-2.2-sources.jar
2025-04-24 15:16:51,070 [Worker-78: Download sources and javadoc] INFO  o.e.m.j.internal.DownloadSourcesJob - Downloaded sources for commons-io:commons-io:2.2
2025-04-24 15:16:52,294 [Worker-78: Download sources and javadoc] INFO  o.e.m.c.i.e.AbstractTransferListenerAdapter - Downloading https://repo.maven.apache.org/maven2/org/apache/commons/commons-exec/1.1/commons-exec-1.1-sources.jar
2025-04-24 15:16:52,309 [Worker-78: Download sources and javadoc] INFO  o.e.m.c.i.e.AbstractTransferListenerAdapter - Downloaded https://repo.maven.apache.org/maven2/org/apache/commons/commons-exec/1.1/commons-exec-1.1-sources.jar
2025-04-24 15:16:52,320 [Worker-78: Download sources and javadoc] INFO  o.e.m.j.internal.DownloadSourcesJob - Downloaded sources for org.apache.commons:commons-exec:1.1
2025-04-24 15:16:53,126 [Worker-78: Download sources and javadoc] INFO  o.e.m.c.i.e.AbstractTransferListenerAdapter - Downloading https://repo.maven.apache.org/maven2/org/seleniumhq/selenium/selenium-ie-driver/2.37.0/selenium-ie-driver-2.37.0-sources.jar
2025-04-24 15:16:53,136 [Worker-78: Download sources and javadoc] INFO  o.e.m.c.i.e.AbstractTransferListenerAdapter - Downloaded https://repo.maven.apache.org/maven2/org/seleniumhq/selenium/selenium-ie-driver/2.37.0/selenium-ie-driver-2.37.0-sources.jar
2025-04-24 15:16:53,147 [Worker-78: Download sources and javadoc] INFO  o.e.m.j.internal.DownloadSourcesJob - Downloaded sources for org.seleniumhq.selenium:selenium-ie-driver:2.37.0
2025-04-24 15:16:54,056 [Worker-78: Download sources and javadoc] INFO  o.e.m.c.i.e.AbstractTransferListenerAdapter - Downloading https://repo.maven.apache.org/maven2/net/java/dev/jna/jna/3.4.0/jna-3.4.0-sources.jar
2025-04-24 15:16:54,506 [Worker-78: Download sources and javadoc] INFO  o.e.m.c.i.e.AbstractTransferListenerAdapter - Downloaded https://repo.maven.apache.org/maven2/net/java/dev/jna/jna/3.4.0/jna-3.4.0-sources.jar
2025-04-24 15:16:54,518 [Worker-78: Download sources and javadoc] INFO  o.e.m.j.internal.DownloadSourcesJob - Downloaded sources for net.java.dev.jna:jna:3.4.0
2025-04-24 15:16:55,111 [Worker-78: Download sources and javadoc] INFO  o.e.m.c.i.e.AbstractTransferListenerAdapter - Downloading https://repo.maven.apache.org/maven2/net/java/dev/jna/platform/3.4.0/platform-3.4.0-sources.jar
2025-04-24 15:16:55,168 [Worker-78: Download sources and javadoc] INFO  o.e.m.c.i.e.AbstractTransferListenerAdapter - Downloaded https://repo.maven.apache.org/maven2/net/java/dev/jna/platform/3.4.0/platform-3.4.0-sources.jar
2025-04-24 15:16:55,180 [Worker-78: Download sources and javadoc] INFO  o.e.m.j.internal.DownloadSourcesJob - Downloaded sources for net.java.dev.jna:platform:3.4.0
2025-04-24 15:16:55,851 [Worker-78: Download sources and javadoc] INFO  o.e.m.c.i.e.AbstractTransferListenerAdapter - Downloading https://repo.maven.apache.org/maven2/org/seleniumhq/selenium/selenium-iphone-driver/2.37.0/selenium-iphone-driver-2.37.0-sources.jar
2025-04-24 15:16:55,861 [Worker-78: Download sources and javadoc] INFO  o.e.m.c.i.e.AbstractTransferListenerAdapter - Downloaded https://repo.maven.apache.org/maven2/org/seleniumhq/selenium/selenium-iphone-driver/2.37.0/selenium-iphone-driver-2.37.0-sources.jar
2025-04-24 15:16:55,874 [Worker-78: Download sources and javadoc] INFO  o.e.m.j.internal.DownloadSourcesJob - Downloaded sources for org.seleniumhq.selenium:selenium-iphone-driver:2.37.0
2025-04-24 15:16:56,533 [Worker-78: Download sources and javadoc] INFO  o.e.m.c.i.e.AbstractTransferListenerAdapter - Downloading https://repo.maven.apache.org/maven2/org/seleniumhq/selenium/selenium-safari-driver/2.37.0/selenium-safari-driver-2.37.0-sources.jar
2025-04-24 15:16:56,552 [Worker-78: Download sources and javadoc] INFO  o.e.m.c.i.e.AbstractTransferListenerAdapter - Downloaded https://repo.maven.apache.org/maven2/org/seleniumhq/selenium/selenium-safari-driver/2.37.0/selenium-safari-driver-2.37.0-sources.jar
2025-04-24 15:16:56,564 [Worker-78: Download sources and javadoc] INFO  o.e.m.j.internal.DownloadSourcesJob - Downloaded sources for org.seleniumhq.selenium:selenium-safari-driver:2.37.0
2025-04-24 15:16:57,433 [Worker-78: Download sources and javadoc] INFO  o.e.m.c.i.e.AbstractTransferListenerAdapter - Downloading https://repo.maven.apache.org/maven2/org/seleniumhq/selenium/selenium-support/2.37.0/selenium-support-2.37.0-sources.jar
2025-04-24 15:16:57,459 [Worker-78: Download sources and javadoc] INFO  o.e.m.c.i.e.AbstractTransferListenerAdapter - Downloaded https://repo.maven.apache.org/maven2/org/seleniumhq/selenium/selenium-support/2.37.0/selenium-support-2.37.0-sources.jar
2025-04-24 15:16:57,472 [Worker-78: Download sources and javadoc] INFO  o.e.m.j.internal.DownloadSourcesJob - Downloaded sources for org.seleniumhq.selenium:selenium-support:2.37.0
2025-04-24 15:16:58,329 [Worker-78: Download sources and javadoc] INFO  o.e.m.c.i.e.AbstractTransferListenerAdapter - Downloading https://repo.maven.apache.org/maven2/org/seleniumhq/selenium/selenium-api/2.37.0/selenium-api-2.37.0-sources.jar
2025-04-24 15:16:59,651 [Worker-78: Download sources and javadoc] INFO  o.e.m.c.i.e.AbstractTransferListenerAdapter - Downloaded https://repo.maven.apache.org/maven2/org/seleniumhq/selenium/selenium-api/2.37.0/selenium-api-2.37.0-sources.jar
2025-04-24 15:16:59,662 [Worker-78: Download sources and javadoc] INFO  o.e.m.j.internal.DownloadSourcesJob - Downloaded sources for org.seleniumhq.selenium:selenium-api:2.37.0
2025-04-24 15:17:00,297 [Worker-78: Download sources and javadoc] INFO  o.e.m.c.i.e.AbstractTransferListenerAdapter - Downloading https://repo.maven.apache.org/maven2/org/webbitserver/webbit/0.4.14/webbit-0.4.14-sources.jar
2025-04-24 15:17:00,330 [Worker-78: Download sources and javadoc] INFO  o.e.m.c.i.e.AbstractTransferListenerAdapter - Downloaded https://repo.maven.apache.org/maven2/org/webbitserver/webbit/0.4.14/webbit-0.4.14-sources.jar
2025-04-24 15:17:00,341 [Worker-78: Download sources and javadoc] INFO  o.e.m.j.internal.DownloadSourcesJob - Downloaded sources for org.webbitserver:webbit:0.4.14
2025-04-24 15:17:00,942 [Worker-78: Download sources and javadoc] INFO  o.e.m.c.i.e.AbstractTransferListenerAdapter - Downloading https://repo.maven.apache.org/maven2/io/netty/netty/3.5.2.Final/netty-3.5.2.Final-sources.jar
2025-04-24 15:17:01,141 [Worker-78: Download sources and javadoc] INFO  o.e.m.c.i.e.AbstractTransferListenerAdapter - Downloaded https://repo.maven.apache.org/maven2/io/netty/netty/3.5.2.Final/netty-3.5.2.Final-sources.jar
2025-04-24 15:17:01,151 [Worker-78: Download sources and javadoc] INFO  o.e.m.j.internal.DownloadSourcesJob - Downloaded sources for io.netty:netty:3.5.2.Final
2025-04-24 15:17:01,163 [Worker-78: Download sources and javadoc] INFO  o.e.m.j.internal.DownloadSourcesJob - Downloaded sources for org.springframework:spring-context-support:3.2.0.RELEASE
2025-04-24 15:17:01,175 [Worker-78: Download sources and javadoc] INFO  o.e.m.j.internal.DownloadSourcesJob - Downloaded sources for javax.ws.rs:jsr311-api:1.1.1
2025-04-24 15:17:01,186 [Worker-78: Download sources and javadoc] INFO  o.e.m.j.internal.DownloadSourcesJob - Downloaded sources for org.springframework:spring-web:3.2.0.RELEASE
2025-04-24 15:17:01,197 [Worker-78: Download sources and javadoc] INFO  o.e.m.j.internal.DownloadSourcesJob - Downloaded sources for org.springframework:spring-context:3.2.0.RELEASE
2025-04-24 15:17:01,209 [Worker-78: Download sources and javadoc] INFO  o.e.m.j.internal.DownloadSourcesJob - Downloaded sources for org.springframework:spring-expression:3.2.0.RELEASE
2025-04-24 15:17:01,219 [Worker-78: Download sources and javadoc] INFO  o.e.m.j.internal.DownloadSourcesJob - Downloaded sources for org.springframework:spring-core:3.2.0.RELEASE
2025-04-24 15:17:01,230 [Worker-78: Download sources and javadoc] INFO  o.e.m.j.internal.DownloadSourcesJob - Downloaded sources for commons-logging:commons-logging:1.1.1
2025-04-24 15:17:01,243 [Worker-78: Download sources and javadoc] INFO  o.e.m.j.internal.DownloadSourcesJob - Downloaded sources for org.springframework:spring-aop:3.2.0.RELEASE
2025-04-24 15:17:01,255 [Worker-78: Download sources and javadoc] INFO  o.e.m.j.internal.DownloadSourcesJob - Downloaded sources for aopalliance:aopalliance:1.0
2025-04-24 15:17:01,267 [Worker-78: Download sources and javadoc] INFO  o.e.m.j.internal.DownloadSourcesJob - Downloaded sources for org.springframework:spring-beans:3.2.0.RELEASE
2025-04-24 15:17:01,278 [Worker-78: Download sources and javadoc] INFO  o.e.m.j.internal.DownloadSourcesJob - Downloaded sources for org.apache.cxf:cxf-bundle-jaxrs:2.6.5
2025-04-24 15:17:01,290 [Worker-78: Download sources and javadoc] INFO  o.e.m.j.internal.DownloadSourcesJob - Downloaded sources for org.codehaus.woodstox:woodstox-core-asl:4.1.4
2025-04-24 15:17:01,302 [Worker-78: Download sources and javadoc] INFO  o.e.m.j.internal.DownloadSourcesJob - Downloaded sources for org.codehaus.woodstox:stax2-api:3.1.1
2025-04-24 15:17:01,315 [Worker-78: Download sources and javadoc] INFO  o.e.m.j.internal.DownloadSourcesJob - Downloaded sources for org.apache.ws.xmlschema:xmlschema-core:2.0.3
2025-04-24 15:17:01,326 [Worker-78: Download sources and javadoc] INFO  o.e.m.j.internal.DownloadSourcesJob - Downloaded sources for wsdl4j:wsdl4j:1.6.2
2025-04-24 15:17:01,338 [Worker-78: Download sources and javadoc] INFO  o.e.m.j.internal.DownloadSourcesJob - Downloaded sources for org.apache.geronimo.specs:geronimo-stax-api_1.0_spec:1.0.1
2025-04-24 15:17:01,348 [Worker-78: Download sources and javadoc] INFO  o.e.m.j.internal.DownloadSourcesJob - Downloaded sources for javax.xml.bind:jaxb-api:2.2.5
2025-04-24 15:17:01,361 [Worker-78: Download sources and javadoc] INFO  o.e.m.j.internal.DownloadSourcesJob - Downloaded sources for org.apache.geronimo.specs:geronimo-activation_1.1_spec:1.1
2025-04-24 15:17:01,372 [Worker-78: Download sources and javadoc] INFO  o.e.m.j.internal.DownloadSourcesJob - Downloaded sources for org.apache.geronimo.specs:geronimo-annotation_1.0_spec:1.1.1
2025-04-24 15:17:01,384 [Worker-78: Download sources and javadoc] INFO  o.e.m.j.internal.DownloadSourcesJob - Downloaded sources for com.sun.xml.bind:jaxb-impl:2.2.5.1
2025-04-24 15:17:01,396 [Worker-78: Download sources and javadoc] INFO  o.e.m.j.internal.DownloadSourcesJob - Downloaded sources for org.slf4j:slf4j-api:1.6.2
2025-04-24 15:17:02,023 [Worker-78: Download sources and javadoc] INFO  o.e.m.c.i.e.AbstractTransferListenerAdapter - Downloaded https://repo.maven.apache.org/maven2/log4j/log4j/1.2.12/log4j-1.2.12-javadoc.jar
2025-04-24 15:17:02,028 [Worker-78: Download sources and javadoc] ERROR o.e.m.j.internal.DownloadSourcesJob - Could not download javadoc for log4j:log4j:1.2.12
org.eclipse.core.runtime.CoreException: Could not resolve artifact log4j:log4j:jar:javadoc:1.2.12
	at org.eclipse.m2e.core.internal.embedder.MavenImpl.lambda$7(MavenImpl.java:540)
	at org.eclipse.m2e.core.internal.embedder.MavenExecutionContext.executeBare(MavenExecutionContext.java:458)
	at org.eclipse.m2e.core.internal.embedder.MavenExecutionContext.execute(MavenExecutionContext.java:292)
	at org.eclipse.m2e.core.internal.embedder.MavenExecutionContext.execute(MavenExecutionContext.java:278)
	at org.eclipse.m2e.core.internal.embedder.MavenImpl.resolve(MavenImpl.java:509)
	at org.eclipse.m2e.core.internal.embedder.MavenImpl.resolve(MavenImpl.java:494)
	at org.eclipse.m2e.jdt.internal.DownloadSourcesJob.download(DownloadSourcesJob.java:308)
	at org.eclipse.m2e.jdt.internal.DownloadSourcesJob.downloadAttachments(DownloadSourcesJob.java:294)
	at org.eclipse.m2e.jdt.internal.DownloadSourcesJob.downloadMaven(DownloadSourcesJob.java:252)
	at org.eclipse.m2e.jdt.internal.DownloadSourcesJob.downloadFilesAndPopulateToUpdate(DownloadSourcesJob.java:220)
	at org.eclipse.m2e.jdt.internal.DownloadSourcesJob.lambda$0(DownloadSourcesJob.java:149)
	at org.eclipse.m2e.core.internal.embedder.MavenExecutionContext.executeBare(MavenExecutionContext.java:458)
	at org.eclipse.m2e.core.internal.embedder.MavenExecutionContext.execute(MavenExecutionContext.java:339)
	at org.eclipse.m2e.core.internal.embedder.MavenExecutionContext.execute(MavenExecutionContext.java:278)
	at org.eclipse.m2e.core.embedder.IMaven.execute(IMaven.java:300)
	at org.eclipse.m2e.jdt.internal.DownloadSourcesJob.run(DownloadSourcesJob.java:149)
	at org.eclipse.core.internal.jobs.Worker.run(Worker.java:63)
2025-04-24 15:17:02,040 [Worker-78: Download sources and javadoc] INFO  o.e.m.j.internal.DownloadSourcesJob - Downloaded sources for junit:junit:4.10
2025-04-24 15:17:02,052 [Worker-78: Download sources and javadoc] INFO  o.e.m.j.internal.DownloadSourcesJob - Downloaded sources for org.hamcrest:hamcrest-core:1.1
2025-04-24 15:17:02,065 [Worker-78: Download sources and javadoc] INFO  o.e.m.j.internal.DownloadSourcesJob - Downloaded sources for javax.ws.rs:jsr311-api:1.1.1
2025-04-24 15:17:02,074 [Worker-78: Download sources and javadoc] INFO  o.e.m.j.internal.DownloadSourcesJob - Downloaded sources for org.apache.cxf:cxf-bundle-jaxrs:2.6.5
2025-04-24 15:17:02,084 [Worker-78: Download sources and javadoc] INFO  o.e.m.j.internal.DownloadSourcesJob - Downloaded sources for org.codehaus.woodstox:woodstox-core-asl:4.1.4
2025-04-24 15:17:02,095 [Worker-78: Download sources and javadoc] INFO  o.e.m.j.internal.DownloadSourcesJob - Downloaded sources for org.codehaus.woodstox:stax2-api:3.1.1
2025-04-24 15:17:02,107 [Worker-78: Download sources and javadoc] INFO  o.e.m.j.internal.DownloadSourcesJob - Downloaded sources for org.apache.ws.xmlschema:xmlschema-core:2.0.3
2025-04-24 15:17:02,698 [Worker-78: Download sources and javadoc] INFO  o.e.m.c.i.e.AbstractTransferListenerAdapter - Downloading https://repo.maven.apache.org/maven2/org/apache/geronimo/specs/geronimo-javamail_1.4_spec/1.7.1/geronimo-javamail_1.4_spec-1.7.1-sources.jar
2025-04-24 15:17:02,744 [Worker-78: Download sources and javadoc] INFO  o.e.m.c.i.e.AbstractTransferListenerAdapter - Downloaded https://repo.maven.apache.org/maven2/org/apache/geronimo/specs/geronimo-javamail_1.4_spec/1.7.1/geronimo-javamail_1.4_spec-1.7.1-sources.jar
2025-04-24 15:17:02,754 [Worker-78: Download sources and javadoc] INFO  o.e.m.j.internal.DownloadSourcesJob - Downloaded sources for org.apache.geronimo.specs:geronimo-javamail_1.4_spec:1.7.1
2025-04-24 15:17:02,763 [Worker-78: Download sources and javadoc] INFO  o.e.m.j.internal.DownloadSourcesJob - Downloaded sources for wsdl4j:wsdl4j:1.6.2
2025-04-24 15:17:02,770 [Worker-78: Download sources and javadoc] INFO  o.e.m.j.internal.DownloadSourcesJob - Downloaded sources for org.apache.geronimo.specs:geronimo-stax-api_1.0_spec:1.0.1
2025-04-24 15:17:02,780 [Worker-78: Download sources and javadoc] INFO  o.e.m.j.internal.DownloadSourcesJob - Downloaded sources for javax.xml.bind:jaxb-api:2.2.5
2025-04-24 15:17:02,791 [Worker-78: Download sources and javadoc] INFO  o.e.m.j.internal.DownloadSourcesJob - Downloaded sources for org.apache.geronimo.specs:geronimo-activation_1.1_spec:1.1
2025-04-24 15:17:02,802 [Worker-78: Download sources and javadoc] INFO  o.e.m.j.internal.DownloadSourcesJob - Downloaded sources for org.apache.geronimo.specs:geronimo-annotation_1.0_spec:1.1.1
2025-04-24 15:17:02,813 [Worker-78: Download sources and javadoc] INFO  o.e.m.j.internal.DownloadSourcesJob - Downloaded sources for com.sun.xml.bind:jaxb-impl:2.2.5.1
2025-04-24 15:17:02,825 [Worker-78: Download sources and javadoc] INFO  o.e.m.j.internal.DownloadSourcesJob - Downloaded sources for org.eclipse.jetty:jetty-continuation:7.5.4.v20111024
2025-04-24 15:17:02,837 [Worker-78: Download sources and javadoc] INFO  o.e.m.j.internal.DownloadSourcesJob - Downloaded sources for org.eclipse.jetty:jetty-http:7.5.4.v20111024
2025-04-24 15:17:02,847 [Worker-78: Download sources and javadoc] INFO  o.e.m.j.internal.DownloadSourcesJob - Downloaded sources for org.eclipse.jetty:jetty-io:7.5.4.v20111024
2025-04-24 15:17:02,856 [Worker-78: Download sources and javadoc] INFO  o.e.m.j.internal.DownloadSourcesJob - Downloaded sources for org.eclipse.jetty:jetty-util:7.5.4.v20111024
2025-04-24 15:17:02,866 [Worker-78: Download sources and javadoc] INFO  o.e.m.j.internal.DownloadSourcesJob - Downloaded sources for org.eclipse.jetty:jetty-security:7.5.4.v20111024
2025-04-24 15:17:02,875 [Worker-78: Download sources and javadoc] INFO  o.e.m.j.internal.DownloadSourcesJob - Downloaded sources for org.slf4j:slf4j-api:1.6.2
2025-04-24 15:17:03,435 [Worker-78: Download sources and javadoc] INFO  o.e.m.c.i.e.AbstractTransferListenerAdapter - Downloading https://repo.maven.apache.org/maven2/org/apache/geronimo/specs/geronimo-servlet_2.5_spec/1.1.2/geronimo-servlet_2.5_spec-1.1.2-sources.jar
2025-04-24 15:17:03,507 [Worker-78: Download sources and javadoc] INFO  o.e.m.c.i.e.AbstractTransferListenerAdapter - Downloaded https://repo.maven.apache.org/maven2/org/apache/geronimo/specs/geronimo-servlet_2.5_spec/1.1.2/geronimo-servlet_2.5_spec-1.1.2-sources.jar
2025-04-24 15:17:03,518 [Worker-78: Download sources and javadoc] INFO  o.e.m.j.internal.DownloadSourcesJob - Downloaded sources for org.apache.geronimo.specs:geronimo-servlet_2.5_spec:1.1.2
